group,seam,crop,n_overlap,factor,median_abs_rel,p90_abs_rel,mean_signed_rel
g1,p02,cucumber,27,1.0152439024390243,0.015243902439024293,0.043658536585366024,-0.0010501355013550864
g1,p02,strawberry,27,1.0152439024390243,0.015243902439024327,0.04820884146341475,0.0024605061711928666
g1,p02,blueberry,27,1.0152439024390243,0.015243902439024293,0.043658536585366024,0.0014118757259000345
g1,p02,mango,27,1.0152439024390243,0.015243902439024293,0.026816202090592402,7.845587113868759e-05
g1,p02,watermelon,27,1.0152439024390243,0.015243902439024341,0.026936872309899662,0.006765104415749966
g1,p03,cucumber,26,1.0152439024390243,0.0,0.0,0.0
g1,p03,strawberry,26,1.0152439024390243,0.0,0.0,0.0
g1,p03,blueberry,26,1.0152439024390243,0.0,0.0,0.0
g1,p03,mango,26,1.0152439024390243,0.0,0.0,0.0
g1,p03,watermelon,26,1.0152439024390243,0.0,0.0,0.0
g1,p04,cucumber,28,1.0166432737725033,0.001378359751895202,0.0013783597518952674,0.0013783597518952037
g1,p04,strawberry,28,1.0166432737725033,0.0013783597518952238,0.0013783597518952878,-0.0003246646694515337
g1,p04,blueberry,28,1.0166432737725033,0.001378359751895202,0.0013783597518952674,0.0013783597518952134
g1,p04,mango,28,1.0166432737725033,0.0013783597518952316,0.0013783597518952674,0.001378359751895227
g1,p04,watermelon,28,1.0166432737725033,0.001378359751895202,0.0013783597518952674,-0.00756251846017529
g1,p05,cucumber,26,1.0171573824322153,0.0005056922845751928,0.0005056922845752864,0.000558732929874703
g1,p05,strawberry,26,1.0171573824322153,0.0005056922845752096,0.0005056922845752799,-0.0012762208229867662
g1,p05,blueberry,26,1.0171573824322153,0.0005056922845752064,0.0005056922845752799,0.0005587329298746903
g1,p05,mango,26,1.0171573824322153,0.0005056922845751729,0.000505692284575276,0.000558732929874675
g1,p05,watermelon,26,1.0171573824322153,0.0005056922845751928,0.0005056922845752657,0.000558732929874686
g1,p06,cucumber,27,0.5624580290890231,0.03681969256335698,0.08940589945990866,-0.006693006899580322
g1,p06,strawberry,27,0.5624580290890231,0.016941328532520842,0.03230162027420028,0.0026388696547445375
g1,p06,blueberry,27,0.5624580290890231,0.026945219300848647,0.05567095970087233,0.0005194590928330395
g1,p06,mango,27,0.5624580290890231,0.018629873395578703,0.05205056679921663,-0.005663420494875774
g1,p06,watermelon,27,0.5624580290890231,0.03230162027420025,0.105941005400914,0.008737303265992747
g1,p07,cucumber,27,0.5628567296927645,0.0007088539644231124,0.0007088539644232001,-0.001220311333719216
g1,p07,strawberry,27,0.5628567296927645,0.0007088539644231124,0.0007088539644232144,0.0009090296110946647
g1,p07,blueberry,27,0.5628567296927645,0.0007088539644231124,0.0007088539644232144,-0.002196259266758907
g1,p07,mango,27,0.5628567296927645,0.0007088539644231124,0.000708853964423225,-0.0004883503839394459
g1,p07,watermelon,27,0.5628567296927645,0.0007088539644231124,0.0007088539644232001,-0.0004883503839394296
g1,p08,cucumber,27,0.9487658966681026,0.016718209341669697,0.07582969711973947,-0.012827746555440698
g1,p08,strawberry,27,0.9487658966681026,0.011874456678328213,0.026629305214323322,0.0019014599784943239
g1,p08,blueberry,27,0.9487658966681026,0.02411130551203302,0.03730826267252416,-0.002397491196391783
g1,p08,mango,27,0.9487658966681026,0.016718209341669697,0.03730826267252416,0.0014500624408287906
g1,p08,watermelon,27,0.9487658966681026,0.05351620427678244,0.6856259268428518,0.08317617774069416
g1,p09,cucumber,27,0.9487734834747468,7.996500159598797e-06,7.996500159666451e-06,-0.0006112013897971815
g1,p09,strawberry,27,0.9487734834747468,7.996500159615514e-06,7.996500159677092e-06,-0.00021100210063505526
g1,p09,blueberry,27,0.9487734834747468,7.996500159598797e-06,7.996500159732532e-06,-0.00030516663926145367
g1,p09,mango,27,0.9487734834747468,7.99650015958851e-06,7.996500159732532e-06,-0.00030516663926145253
g1,p09,watermelon,27,0.9487734834747468,7.996500159615514e-06,7.996500159732532e-06,0.025401752405740583
g1,p10,cucumber,27,0.90351815251836,0.04769877293645015,0.07814103206837615,-0.012956113411435067
g1,p10,strawberry,27,0.90351815251836,0.008019555142135622,0.031135206903941087,0.003783537754346452
g1,p10,blueberry,27,0.90351815251836,0.04769877293645015,0.05186425356789222,-0.007434729621652846
g1,p10,mango,27,0.90351815251836,0.04769877293645015,0.07814103206837615,0.005139392441635808
g1,p10,watermelon,27,0.90351815251836,0.047698772936450154,0.09741379499704317,0.013609061021516378
g1,p11,cucumber,27,0.9038073836029933,0.0003201165176671459,0.0003201165176672241,-0.001447070226834321
g1,p11,strawberry,27,0.9038073836029933,0.00032011651766723884,0.0003201165176673379,8.691701055084806e-05
g1,p11,blueberry,27,0.9038073836029933,0.00032011651766721466,0.0003201165176672651,-0.0014470702268342729
g1,p11,mango,27,0.9038073836029933,0.00032011651766721466,0.0003201165176672877,-0.0014470702268342703
g1,p11,watermelon,27,0.9038073836029933,0.00032011651766717145,0.0003201165176672241,0.005609271065137021
g1,p12,cucumber,27,1.1412820469848848,0.052938102998886856,0.09803628857036842,-0.012860510910036269
g1,p12,strawberry,27,1.1412820469848848,0.017861736443289977,0.038707665720818844,-0.00200930082494071
g1,p12,blueberry,27,1.1412820469848848,0.017861736443289977,0.05229099666790354,-0.001458465669411098
g1,p12,mango,27,1.1412820469848848,0.017861736443289977,0.07372508039985169,0.008807199836878934
g1,p12,watermelon,27,1.1412820469848848,0.05229099666790354,0.10078399174274054,0.0009496074542418637
g1,p13,cucumber,27,1.1416761574723657,0.0003453226032269017,0.00034532260322703143,-0.0032869049048007966
g1,p13,strawberry,27,1.1416761574723657,0.0003453226032269017,0.0003453226032269843,-0.0007163203467196747
g1,p13,blueberry,27,1.1416761574723657,0.00034532260322697956,0.00034532260322703143,0.0007232070058058146
g1,p13,mango,27,1.1416761574723657,0.0003453226032269017,0.00034532260322703143,0.0007232070058057785
g1,p13,watermelon,27,1.1416761574723657,0.0003453226032269017,0.0003453226032269843,0.0022826949710416542
g1,p14,cucumber,27,1.1148795184839515,0.023471313483274643,0.12533305779546466,0.015364075772261723
g1,p14,strawberry,27,1.1148795184839515,0.023471313483274643,0.03205678829904905,0.0011682214562165631
g1,p14,blueberry,27,1.1148795184839515,0.023471313483274643,0.07418155516839794,0.001730720733229481
g1,p14,mango,27,1.1148795184839515,0.023471313483274556,0.04319554876930967,-0.0074707108946107555
g1,p14,watermelon,27,1.1148795184839515,0.023471313483274643,0.05710937533418956,0.0001007497351249522
g1,p15,cucumber,26,1.1148795184839515,0.0,0.0,0.0
g1,p15,strawberry,26,1.1148795184839515,0.0,0.0,0.0
g1,p15,blueberry,26,1.1148795184839515,0.0,0.0,0.0
g1,p15,mango,26,1.1148795184839515,0.0,0.0,0.0
g1,p15,watermelon,26,1.1148795184839515,0.0,0.0,0.0
g1,p16,cucumber,28,1.1282313690047174,0.011976047904191656,0.011976047904191815,0.011976047904191659
g1,p16,strawberry,28,1.1282313690047174,0.011976047904191656,0.033280023803324954,0.004974298123036643
g1,p16,blueberry,28,1.1282313690047174,0.011976047904191815,0.07465523498457628,-0.015165405891988337
g1,p16,mango,28,1.1282313690047174,0.011976047904191744,0.023018736720108072,-5.5121507469186826e-05
g1,p16,watermelon,28,1.1282313690047174,0.01197604790419173,0.014910179640718703,0.005184145167222547
g1,p17,cucumber,27,1.1279107413764315,0.0002841860606736243,0.00028418606067376426,0.00015924521630099868
g1,p17,strawberry,27,1.1279107413764315,0.0002841860606736325,0.0002841860606736963,0.00015924521630101025
g1,p17,blueberry,27,1.1279107413764315,0.0002841860606735925,0.00028418606067376426,0.0001592452163010177
g1,p17,mango,27,1.1279107413764315,0.0002841860606736243,0.00028418606067369417,0.00015924521630101686
g1,p17,watermelon,27,1.1279107413764315,0.0002841860606736243,0.00028418606067368127,0.00015924521630102779
g1,p18,cucumber,27,0.8283777596386168,0.028209787308881594,0.05572570553265989,-0.003741468032635192
g1,p18,strawberry,27,0.8283777596386168,0.009848898249794269,0.034603780524837695,0.0008786281188290586
g1,p18,blueberry,27,0.8283777596386168,0.020752583515350916,0.05180647852462403,0.0017031717607912473
g1,p18,mango,27,0.8283777596386168,0.020752583515350916,0.053856743454908006,0.005939299095978301
g1,p18,watermelon,27,0.8283777596386168,0.020752583515351003,0.08195554704564155,-0.006253221967557609
g1,p19,cucumber,27,0.8283232355002318,6.582037935062087e-05,6.582037935070726e-05,-0.0008343839931443917
g1,p19,strawberry,27,0.8283232355002318,6.582037935061448e-05,6.582037935069397e-05,0.00046083156512046565
g1,p19,blueberry,27,0.8283232355002318,6.58203793506023e-05,6.582037935071518e-05,-0.00018677621401196203
g1,p19,mango,27,0.8283232355002318,6.582037935061448e-05,6.582037935071518e-05,0.0005604635311408304
g1,p19,watermelon,27,0.8283232355002318,6.582037935061448e-05,6.58203793507485e-05,-0.0008343839931443988
g2,p02,cucumber,27,1.0,0.0,0.0,0.0
g2,p02,strawberry,27,1.0,0.0,0.0,0.0
g2,p02,tomato,27,1.0,0.0,0.0,0.0
g2,p02,potato,26,1.0,0.0,0.0,0.0
g2,p02,bell pepper,27,1.0,0.0,0.0,0.0
g2,p03,cucumber,26,0.6073394495412844,0.06284403669724759,0.21467889908256885,0.04649258997882845
g2,p03,strawberry,26,0.6073394495412844,0.01599329569513057,0.0437100361412288,-0.0014649353540297798
g2,p03,tomato,26,0.6073394495412844,0.012232415902140678,0.035402050728548275,0.00027960397347162467
g2,p03,potato,26,0.6073394495412844,0.012652905198776758,0.02297566812923821,-0.0030339655174510425
g2,p03,bell pepper,26,0.6073394495412844,0.08899082568807337,0.21467889908256876,0.05116443189837684
g2,p04,cucumber,28,0.6071285378179337,0.0003472715686589046,0.0003472715686589046,0.001896378886699799
g2,p04,strawberry,28,0.6071285378179337,0.0003472715686589046,0.00034727156865897106,-0.0005676168024963797
g2,p04,tomato,28,0.6071285378179337,0.0003472715686589364,0.0003472715686590183,8.944871462256486e-05
g2,p04,potato,28,0.6071285378179337,0.00034727156865893436,0.00034727156865899274,0.0003785575421549235
g2,p04,bell pepper,28,0.6071285378179337,0.0003472715686589046,0.0003472715686589046,-0.0035244116295317473
g2,p05,cucumber,26,0.4869832261825864,0.06420623999164757,0.12295251201002302,0.013788201605457049
g2,p05,strawberry,26,0.4869832261825864,0.011543508552734644,0.025463775782540273,-0.0016539608059540193
g2,p05,tomato,26,0.4869832261825864,0.010063106040761433,0.024695472202894662,0.002253669183424133
g2,p05,potato,26,0.4869832261825864,0.007410300931117194,0.019644632372202004,-0.0021524512621535685
g2,p05,bell pepper,26,0.4869832261825864,0.002636171437520518,0.19789106284998365,5.459601221251319e-05
g2,p06,cucumber,27,0.42133357597286153,0.011210117849956715,0.03867650346523567,-0.010612469644439071
g2,p06,strawberry,27,0.42133357597286153,0.017871937507397472,0.04317332566829564,0.007666021830077118
g2,p06,tomato,27,0.42133357597286153,0.011210117849956715,0.023171285779191097,-0.004717339885415072
g2,p06,potato,27,0.42133357597286153,0.007574860930287334,0.017879614731313137,0.002240094161227495
g2,p06,bell pepper,27,0.42133357597286153,0.08148893360160976,0.15358819584171718,0.029722426268368744
g2,p07,cucumber,27,0.2698983023733894,0.03912843256014161,0.05699397961515941,-0.0008215394580443637
g2,p07,strawberry,27,0.2698983023733894,0.012437555686812127,0.01953757559780253,0.00027895404878572485
g2,p07,tomato,27,0.2698983023733894,0.005413640720146576,0.014348272736583867,-3.3715248090066114e-05
g2,p07,potato,27,0.2698983023733894,0.009400434482275505,0.2811620899198112,-0.009895879810073347
g2,p07,bell pepper,27,0.2698983023733894,0.024929671935849027,0.10318653705613211,-0.000551473115857394
g2,p08,cucumber,27,0.4567778245221231,0.015444307367734757,0.07686881148387749,-0.008637148199395935
g2,p08,strawberry,27,0.4567778245221231,0.015444307367734757,0.026433964373879165,0.005360456306485111
g2,p08,tomato,27,0.4567778245221231,0.008935048987172492,0.017748710851597533,0.000866858330606244
g2,p08,potato,27,0.4567778245221231,0.15379641052688764,0.6924071789462247,0.011719823439018577
g2,p08,bell pepper,27,0.4567778245221231,0.032910183459300156,0.06295304895499941,-0.00038945137656446355
g2,p09,cucumber,27,0.4566434776982683,0.0002941185334365692,0.0002941185334366774,-0.000766663913675271
g2,p09,strawberry,27,0.4566434776982683,0.0002941185334366327,0.00029411853343668844,-0.0003649760194139588
g2,p09,tomato,27,0.4566434776982683,0.00029411853343666176,0.0002941185334367568,7.558489687262972e-05
g2,p09,potato,27,0.4566434776982683,0.0002941185334366386,0.0002941185334366386,0.025343049213311958
g2,p09,bell pepper,27,0.4566434776982683,0.0002941185334366386,0.00029411853343677116,0.0002777246114041652
g2,p10,cucumber,27,0.4336636068998314,0.05032344032212601,0.07516953363530736,-0.015687162488842513
g2,p10,strawberry,27,0.4336636068998314,0.005539886717748942,0.028293262705120607,0.0010056664262346885
g2,p10,tomato,27,0.4336636068998314,0.007232714809866387,0.017575972747026866,0.00035159068230129146
g2,p10,potato,27,0.4336636068998314,0.05032344032212601,0.05032344032212601,-0.015160579499870359
g2,p10,bell pepper,27,0.4336636068998314,0.0360107923758626,0.05032344032212611,0.01005532074330628
g2,p11,cucumber,27,0.43366832942304556,1.0889830594528191e-05,1.0889830594579393e-05,-0.0018529615892523906
g2,p11,strawberry,27,0.43366832942304556,1.0889830594556636e-05,1.0889830594626657e-05,-0.0003236751134154126
g2,p11,tomato,27,0.43366832942304556,1.0889830594543251e-05,1.0889830594598012e-05,0.00015695777899045682
g2,p11,potato,27,0.43366832942304556,1.0889830594528191e-05,1.0889830594528191e-05,-0.0018529615892523708
g2,p11,bell pepper,27,0.43366832942304556,1.0889830594491618e-05,1.0889830594626657e-05,0.002055214960108647
g2,p12,cucumber,27,0.5479238239167595,0.05240286168858584,0.0975265349415102,-0.00730071716915161
g2,p12,strawberry,27,0.5479238239167595,0.011202986109828651,0.0373616372709442,-0.003491293965321615
g2,p12,tomato,27,0.5479238239167595,0.018921654098294844,0.026563566504032025,0.005869203346540003
g2,p12,potato,27,0.5479238239167595,0.2634628510818856,0.3682685744590572,-0.009507008390259645
g2,p12,bell pepper,27,0.5479238239167595,0.033742332703361015,0.06462898024122662,0.00997052492028613
g2,p13,cucumber,27,0.5484875669682115,0.0010288712168457536,0.0010288712168457536,-0.00258693904930944
g2,p13,strawberry,27,0.5484875669682115,0.0010288712168457534,0.0010288712168458184,-1.3144194521266155e-05
g2,p13,tomato,27,0.5484875669682115,0.0010288712168457536,0.0010288712168458616,8.980759967028929e-05
g2,p13,potato,27,0.5484875669682115,0.0010288712168457536,0.0010288712168457536,-0.012624738982983394
g2,p13,bell pepper,27,0.5484875669682115,0.0010288712168457534,0.0010288712168457536,0.0014281809241601354
g2,p14,cucumber,27,0.5333147521049569,0.02766300601328672,0.12050263116564118,0.01103030087663769
g2,p14,strawberry,27,0.5333147521049569,0.027663006013286615,0.028411118708227153,-0.0031046185612874015
g2,p14,tomato,27,0.5333147521049569,0.005865855848324109,0.027663006013286594,0.0005837133381127242
g2,p14,potato,27,0.5333147521049569,0.027663006013286674,0.027663006013286674,-0.02762595380787233
g2,p14,bell pepper,27,0.5333147521049569,0.027663006013286754,0.08037443776301474,0.008886700801711013
g2,p15,cucumber,26,0.5333147521049569,0.0,0.0,0.0
g2,p15,strawberry,26,0.5333147521049569,0.0,0.0,0.0
g2,p15,tomato,26,0.5333147521049569,0.0,0.0,0.0
g2,p15,potato,26,0.5333147521049569,0.0,0.0,0.0
g2,p15,bell pepper,26,0.5333147521049569,0.0,0.0,0.0
g2,p16,cucumber,28,0.53730641557968,0.0074846297781341956,0.007484629778134288,0.007484629778134197
g2,p16,strawberry,28,0.53730641557968,0.0074846297781342415,0.0375705834790245,0.0005139556197138907
g2,p16,tomato,28,0.53730641557968,0.0074846297781341956,0.026098191214470313,-0.0018938415377767206
g2,p16,potato,10,0.53730641557968,0.0074846297781341956,0.0074846297781341956,0.007484629778134194
g2,p16,bell pepper,28,0.53730641557968,0.007484629778134136,0.007484629778134209,-0.0010110243420187637
g2,p17,cucumber,27,0.5371853449044356,0.00022532892169869714,0.00022532892169869714,5.181712550786158e-05
g2,p17,strawberry,27,0.5371853449044356,0.00022532892169869714,0.000225328921698769,5.1817125507851164e-05
g2,p17,tomato,27,0.5371853449044356,0.00022532892169869714,0.00022532892169881946,5.181712550787128e-05
g2,p17,potato,15,0.5371853449044356,0.00022532892169869714,0.00022532892169869714,-0.00022532892169869722
g2,p17,bell pepper,27,0.5371853449044356,0.00022532892169869714,0.00022532892169869714,5.18171255078575e-05
g2,p18,cucumber,27,0.3954682975204379,0.030660314508593828,0.05347522136965873,-0.0013649017249709775
g2,p18,strawberry,27,0.3954682975204379,0.012255666035226003,0.03230295658450631,0.0032662306320669263
g2,p18,tomato,27,0.3954682975204379,0.008980466818659757,0.02540184351620302,0.0038710721001573864
g2,p18,potato,15,0.3954682975204379,0.2638140610652901,0.2638140610652901,-0.2147349984696428
g2,p18,bell pepper,27,0.3954682975204379,0.05169419847815694,0.0797675763316127,-0.005281347536435799
g2,p19,cucumber,27,0.3953970142287655,0.00018025033136493594,0.00018025033136505626,-0.0008623032240170609
g2,p19,strawberry,27,0.3953970142287655,0.00018025033136491542,0.00018025033136504022,0.00043585064048959864
g2,p19,tomato,27,0.3953970142287655,0.00018025033136491044,0.0001802503313650295,-3.620531024007416e-05
g2,p19,potato,15,0.3953970142287655,0.00018025033136493594,0.00018025033136493594,-0.017764684230922555
g2,p19,bell pepper,27,0.3953970142287655,0.00018025033136495754,0.0001802503313650295,0.0017340045049962175
g3,p02,cucumber,27,1.0172910662824208,0.017291066282420903,0.04414985590778116,0.0009641726260363329
g3,p02,strawberry,27,1.0172910662824208,0.017291066282420862,0.04628962536023051,0.004481893246492151
g3,p02,lime,27,1.0172910662824208,0.017291066282420862,0.09574127441562592,-0.009546638949456662
g3,p02,cabbage,27,1.0172910662824208,0.017291066282420903,0.017291066282420903,0.0034760024193262714
g3,p02,pineapple,27,1.0172910662824208,0.017291066282420862,0.042050912584053725,-0.00010254996246022213
g3,p03,cucumber,26,1.0172910662824208,0.0,0.0,0.0
g3,p03,strawberry,26,1.0172910662824208,0.0,0.0,0.0
g3,p03,lime,26,1.0172910662824208,0.0,0.0,0.0
g3,p03,cabbage,26,1.0172910662824208,0.0,0.0,0.0
g3,p03,pineapple,26,1.0172910662824208,0.0,0.0,0.0
g3,p04,cucumber,28,1.017870059490322,0.0005691519635742285,0.0005691519635743171,0.0005691519635742232
g3,p04,strawberry,28,1.017870059490322,0.0005691519635743023,0.0005691519635743782,-0.0011324962540508407
g3,p04,lime,28,1.017870059490322,0.0005691519635742423,0.0005691519635743231,0.0005691519635742518
g3,p04,cabbage,28,1.017870059490322,0.0005691519635742285,0.0005691519635743782,0.000569151963574257
g3,p04,pineapple,28,1.017870059490322,0.0005691519635742701,0.0005691519635743664,0.0005691519635742667
g3,p05,cucumber,26,1.0183840450662764,0.000504961877169083,0.0005049618771691385,0.0005268633911543984
g3,p05,strawberry,26,1.0183840450662764,0.0005049618771690168,0.0005049618771691342,-0.0013066062081877534
g3,p05,lime,26,1.0183840450662764,0.0005049618771690969,0.00050496187716918,0.0005268633911543993
g3,p05,cabbage,26,1.0183840450662764,0.0005049618771690969,0.00050496187716918,0.0005268633911544079
g3,p05,pineapple,26,1.0183840450662764,0.0005049618771690553,0.0005049618771691629,0.0005268633911543817
g3,p06,cucumber,27,0.5630025359554099,0.03657334384858038,0.08943217665615155,-0.0069290169820313404
g3,p06,strawberry,27,0.5630025359554099,0.017174903610234882,0.03253154574132489,0.0024006423152216315
g3,p06,lime,27,0.5630025359554099,0.026701216764308294,0.08943217665615154,-0.0014282515202599434
g3,p06,cabbage,27,0.5630025359554099,0.026701216764308294,0.10567823343848583,0.009313272764026336
g3,p06,pineapple,27,0.5630025359554099,0.013538380651945223,0.028807270542286396,0.00028176206463769484
g3,p07,cucumber,27,0.5627244701380504,0.0004938979837590244,0.0004938979837590996,-0.0024290824651550923
g3,p07,strawberry,27,0.5627244701380504,0.0004938979837589493,0.0004938979837590359,-0.0003028060992323733
g3,p07,lime,27,0.5627244701380504,0.0004938979837589889,0.0004938979837590591,0.0004945475379885851
g3,p07,cabbage,27,0.5627244701380504,0.0004938979837590244,0.0004938979837590996,0.001144243094242733
g3,p07,pineapple,27,0.5627244701380504,0.0004938979837590154,0.0004938979837590591,0.0008600012883815344
g3,p08,cucumber,27,0.9491015820619215,0.016139125067195687,0.07599214153959187,-0.01229076768663527
g3,p08,strawberry,27,0.9491015820619215,0.011971185645170104,0.026762774040890915,0.0024464302959755387
g3,p08,lime,27,0.9491015820619215,0.03621791843317138,0.03791916476427699,0.006187492088821903
g3,p08,cabbage,27,0.9491015820619215,0.016139125067195687,0.08002619486802731,-0.013453687092574475
g3,p08,pineapple,27,0.9491015820619215,0.011971185645170104,0.031150126733205614,0.004465743199937529
g3,p09,cucumber,27,0.9491746472004489,7.698347564500803e-05,7.698347564506178e-05,-0.0005208079137304501
g3,p09,strawberry,27,0.9491746472004489,7.698347564505106e-05,7.698347564511041e-05,-0.00012034531057106725
g3,p09,lime,27,0.9491746472004489,7.698347564504702e-05,7.698347564507043e-05,-0.001264524176740641
g3,p09,cabbage,27,0.9491746472004489,7.698347564504702e-05,7.698347564507043e-05,-0.00021457180543210452
g3,p09,pineapple,27,0.9491746472004489,7.698347564504702e-05,7.698347564512339e-05,0.0008990140429254398
g3,p10,cucumber,27,0.9019177659937133,0.04978734034470658,0.0757764753954572,-0.015118449841062578
g3,p10,strawberry,27,0.9019177659937133,0.0061075219879576865,0.028873742437192464,0.0015846449033818635
g3,p10,lime,27,0.9019177659937133,0.049787340344706534,0.06898924211220504,0.0008548731026501161
g3,p10,cabbage,27,0.9019177659937133,0.04978734034470652,0.10858143626450908,0.012557363541206882
g3,p10,pineapple,27,0.9019177659937133,0.009600950883749291,0.041872313366801986,0.004389007547235326
g3,p11,cucumber,27,0.9017453236744146,0.00019119516856251333,0.0001911951685625872,-0.002034818177665345
g3,p11,strawberry,27,0.9017453236744146,0.00019119516856254173,0.00019119516856262657,-0.0005049776243873475
g3,p11,lime,27,0.9017453236744146,0.00019119516856251333,0.0001911951685625872,0.002363473413009017
g3,p11,cabbage,27,0.9017453236744146,0.0001911951685625309,0.0001911951685625872,-0.0020348181776653675
g3,p11,pineapple,27,0.9017453236744146,0.0001911951685625061,0.0001911951685625872,0.0016690063197446069
g3,p12,cucumber,27,1.1347681617172494,0.05619014710274488,0.10113347343118553,-0.011275969718445533
g3,p12,strawberry,27,1.1347681617172494,0.015154936107212101,0.03762760980076744,-0.007481521992792773
g3,p12,lime,27,1.1347681617172494,0.05619014710274488,0.10113347343118553,-0.0014521641873648774
g3,p12,cabbage,27,1.1347681617172494,0.07843360115810219,0.10111149504679769,0.016614438689843778
g3,p12,pineapple,27,1.1347681617172494,0.01641061081242861,0.040218822462738196,0.007873502117894341
g3,p13,cucumber,27,1.1350934741797976,0.00028667746727750303,0.00028667746727753355,-0.0034600805371375588
g3,p13,strawberry,27,1.1350934741797976,0.00028667746727744964,0.0002866774672775529,-0.0008984730973994819
g3,p13,lime,27,1.1350934741797976,0.0002866774672775149,0.00028667746727753355,-0.0017950357013077525
g3,p13,cabbage,27,1.1350934741797976,0.00028667746727747143,0.00028667746727753355,0.0013836862580035854
g3,p13,pineapple,27,1.1350934741797976,0.0002866774672774575,0.0002866774672775708,0.0017522337315469076
g3,p14,cucumber,27,1.1077931063375976,0.024051206762444627,0.12466479982613526,0.014759001022369425
g3,p14,strawberry,27,1.1077931063375976,0.024051206762444655,0.03144392069616153,0.0005715766486532701
g3,p14,lime,27,1.1077931063375976,0.02405120676244459,0.06057874382320656,-0.005623468630637119
g3,p14,cabbage,27,1.1077931063375976,0.024051206762444655,0.12466479982613526,-0.0008039684171183579
g3,p14,pineapple,27,1.1077931063375976,0.024051206762444627,0.034505720831808764,-0.0010340026407071928
g3,p15,cucumber,26,1.1077931063375979,1.692593427194181e-16,2.4599294426326914e-16,1.7790057342519625e-16
g3,p15,strawberry,26,1.1077931063375979,2.231138532360273e-16,2.565615300168022e-16,2.0610154603245342e-16
g3,p15,lime,26,1.1077931063375979,1.7816772917833484e-16,2.004386953256267e-16,1.7523089847759307e-16
g3,p15,cabbage,26,1.1077931063375979,1.7816772917833484e-16,2.004386953256267e-16,1.8271605159691954e-16
g3,p15,pineapple,26,1.1077931063375979,1.5653307634953703e-16,2.004386953256267e-16,1.6309271652732724e-16
g3,p16,cucumber,28,1.1134235668526555,0.0050825921219822025,0.005082592121982336,0.00508259212198221
g3,p16,strawberry,28,1.1134235668526555,0.0050825921219822025,0.0398652008176344,-0.0018714626049129192
g3,p17,cucumber,27,1.1133474452593919,6.836714753471579e-05,6.836714753487088e-05,0.00011986413541551458
g3,p17,strawberry,27,1.1133474452593919,6.836714753473897e-05,6.836714753484643e-05,0.00011986413541552656
g3,p17,guava,26,1.1133474452593919,6.836714753478226e-05,6.836714753478226e-05,-6.83671475347618e-05
g3,p17,papaya,26,1.1133474452593919,6.83671475346759e-05,6.836714753471579e-05,-6.836714753468714e-05
g3,p17,banana,26,1.1133474452593919,6.836714753470405e-05,6.836714753482514e-05,-6.836714753470103e-05
g3,p18,cucumber,27,0.8178181186549623,0.028381006299604494,0.055568463602404,-0.0035675629710979232
g3,p18,strawberry,27,0.8178181186549623,0.010017059758540212,0.034443021340878795,0.0010533945558528332
g3,p18,guava,27,0.8178181186549623,0.0818026729467816,0.2242631027376246,0.00434607504674878
g3,p18,papaya,27,0.8178181186549623,0.10183679246386203,0.1185305660289104,0.007067527713029626
g3,p18,banana,27,0.8178181186549623,0.004792574548769721,0.014363988063054091,0.0017396759434676178
g3,p19,cucumber,27,0.817634140933788,0.00022496165953988677,0.0002249616595399345,-0.000987364843162286
g3,p19,strawberry,27,0.817634140933788,0.00022496165953987633,0.0002249616595400253,0.00030786022612693594
g3,p19,guava,27,0.817634140933788,0.00022496165953990346,0.00022496165954001207,-0.000987364843162329
g3,p19,papaya,27,0.817634140933788,0.0002249616595399345,0.00022496165953996553,0.0035459228993499586
g3,p19,banana,27,0.817634140933788,0.0002249616595399345,0.00022496165954001207,-0.00016313070816009336
g4,p02,cucumber,27,1.0155038759689923,0.015503875968992276,0.0437209302325583,-0.0007943343860656259
g4,p02,strawberry,27,1.0155038759689923,0.015503875968992276,0.04796511627906974,0.002717206256577969
g4,p02,guava,27,1.0155038759689923,0.015503875968992276,0.015503875968992276,0.015503875968992276
g4,p02,papaya,27,1.0155038759689923,0.015503875968992276,0.015503875968992276,0.0004593741027849822
g4,p02,banana,27,1.0155038759689923,0.016230620155038733,0.021301423239407712,-0.002765885598540977
g4,p03,cucumber,26,1.0155038759689923,0.0,0.0,0.0
g4,p03,strawberry,26,1.0155038759689923,0.0,0.0,0.0
g4,p03,guava,26,1.0155038759689923,0.0,0.0,0.0
g4,p03,papaya,26,1.0155038759689923,0.0,0.0,0.0
g4,p03,banana,26,1.0155038759689923,0.0,0.0,0.0
g4,p04,cucumber,28,1.0171750288093142,0.0016456390565002545,0.0016456390565002962,0.001645639056500248
g4,p04,strawberry,28,1.0171750288093142,0.0016456390565002378,0.0016456390565002962,-5.7839921487018885e-05
g4,p04,guava,28,1.0171750288093142,0.0016456390565002233,0.0016456390565002962,0.0016456390565002463
g4,p04,papaya,28,1.0171750288093142,0.0016456390565002233,0.0016456390565002962,-0.0055089726510462135
g4,p04,banana,28,1.0171750288093142,0.0016456390565002307,0.0016456390565002905,0.0006787996365615224
g4,p05,cucumber,26,1.0176290044936178,0.00044631029217755385,0.00044631029217759717,0.0005096323507217274
g4,p05,strawberry,26,1.0176290044936178,0.00044631029217753206,0.00044631029217759717,-0.0013257022350188343
g4,p05,guava,26,1.0176290044936178,0.0004463102921774932,0.000446310292177566,0.0005096323507216856
g4,p05,papaya,26,1.0176290044936178,0.000446310292177566,0.000446310292177566,0.000509632350721717
g4,p05,banana,26,1.0176290044936178,0.00044631029217757326,0.00044631029217771816,0.0005096323507217548
g4,p06,cucumber,27,0.5633671022854081,0.03801416048550233,0.08927848954821314,-0.0055486677742615734
g4,p06,strawberry,27,0.5633671022854081,0.01580879598411626,0.03207237581478984,0.0037939595666055593
g4,p06,guava,27,0.5633671022854081,0.10721510451786916,0.10721510451786916,0.013238513856630258
g4,p06,papaya,27,0.5633671022854081,0.10721510451786916,0.1142279163857046,0.021098374166479385
g4,p06,banana,27,0.5633671022854081,0.008356613043059345,0.01711592492694987,-0.002037090762613018
g4,p07,cucumber,27,0.563560233787491,0.0003428164358540157,0.00034281643585408716,-0.0015451817584773867
g4,p07,strawberry,27,0.563560233787491,0.0003428164358540157,0.00034281643585408423,0.0005858325292642638
g4,p07,guava,27,0.563560233787491,0.0003428164358540157,0.0003428164358540157,-0.002521896640358982
g4,p07,papaya,27,0.563560233787491,0.0003428164358540157,0.0003428164358541033,-0.0038892974749931706
g4,p07,banana,27,0.563560233787491,0.0003428164358540014,0.00034281643585405583,0.0007787260639304906
g4,p08,cucumber,27,0.9518834834581338,0.014718690105520784,0.07639060121715262,-0.010833846878853866
g4,p08,strawberry,27,0.9518834834581338,0.013432204462893005,0.025545957247218497,0.003925103564619599
g4,p08,guava,27,0.9518834834581338,0.12603578273654764,0.2000000000000003,0.0028712978526199066
g4,p08,papaya,27,0.9518834834581338,0.05565854631551336,0.06163684771954376,-0.001922198458420428
g4,p08,banana,27,0.9518834834581338,0.006935844177874306,0.012610648986106523,0.0008279608396914453
g4,p09,cucumber,27,0.9521979570886218,0.0003303698781971862,0.0003303698781972655,-0.00021494688911310357
g4,p09,strawberry,27,0.9521979570886218,0.000330369878197218,0.00033036987819728053,0.00018619548661374206
g4,p09,guava,27,0.9521979570886218,0.0003303698781971473,0.0003303698781971862,0.0008280232877766193
g4,p09,papaya,27,0.9521979570886218,0.0003303698781973028,0.0003303698781973028,-0.001953230517262666
g4,p09,banana,27,0.9521979570886218,0.0003303698781972063,0.00033036987819736775,-0.00011655347619895286
g4,p10,cucumber,27,0.9040881231602672,0.05052503376026144,0.07494130106427546,-0.01587414777692745
g4,p10,strawberry,27,0.9040881231602672,0.005326434842075992,0.028074980836280395,0.0008165544657104141
g4,p10,guava,27,0.9040881231602672,0.0505250337602614,0.21849287334099798,0.0051656714672151565
g4,p10,papaya,27,0.9040881231602672,0.05052503376026149,0.1393699594876863,0.027437306477776913
g4,p10,banana,27,0.9040881231602672,0.00701890358760158,0.021753065086329904,0.0014990767232878899
g4,p11,cucumber,27,0.90398056947616,0.00011896371753148686,0.00011896371753159601,-0.0019900386476950807
g4,p11,strawberry,27,0.90398056947616,0.00011896371753147321,0.00011896371753157243,-0.0004612753414663086
g4,p11,guava,27,0.90398056947616,0.00011896371753159601,0.00011896371753159601,-0.001990038647695156
g4,p11,papaya,27,0.90398056947616,0.00011896371753159601,0.00011896371753159601,0.005042272560957099
g4,p11,banana,27,0.90398056947616,0.00011896371753148686,0.00011896371753153822,0.00027844883896694235
g4,p12,cucumber,27,1.1461546803687563,0.04907689467850082,0.09435894731285799,-0.005312202626934303
g4,p12,strawberry,27,1.1461546803687563,0.013857520407334359,0.0339828771337151,-0.0017377082551112953
g4,p12,guava,27,1.1461546803687563,0.15473501749200072,0.267897473761999,-0.03342756373815334
g4,p12,papaya,27,1.1461546803687563,0.014317979009599005,0.09584274387779994,0.009617407076007464
g4,p12,banana,27,1.1461546803687563,0.014317979009599071,0.030166697431624086,0.004148914947361051
g4,p13,cucumber,27,1.147121674505679,0.0008436855456642805,0.000843685545664358,-0.002654038772587964
g4,p13,strawberry,27,1.147121674505679,0.0008436855456643009,0.0008436855456643685,-7.168797785045997e-05
g4,p13,guava,27,1.147121674505679,0.0008436855456641513,0.0008436855456642805,-0.004892076128027183
g4,p13,papaya,27,1.147121674505679,0.000843685545664358,0.000843685545664358,0.0013744284672025885
g4,p13,banana,27,1.147121674505679,0.0008436855456642948,0.000843685545664443,0.0001615566100613256
g4,p14,cucumber,27,1.121211069330135,0.022587495076936345,0.10657058593075422,0.002223125669311802
g4,p14,strawberry,27,1.121211069330135,0.022587495076936387,0.0299984408604449,0.0005744738876178449
g4,p14,guava,27,1.121211069330135,0.022587495076936345,0.022587495076936345,-0.022556953269434313
g4,p14,papaya,27,1.121211069330135,0.022587495076936345,0.022587495076936345,-0.015316860640374578
g4,p14,banana,27,1.121211069330135,0.011116384403169385,0.022587495076936328,0.0043398041775936464
g4,p15,cucumber,26,1.1212110693301347,1.6723375123278816e-16,2.4304905232994935e-16,-1.7577156901570843e-16
g4,p15,strawberry,26,1.1212110693301347,2.1852686186498637e-16,2.534911597633842e-16,-2.030040107735512e-16
g4,p15,guava,26,1.1212110693301347,1.3202664571009594e-16,1.980399685651439e-16,-1.4218254153394946e-16
g4,p15,papaya,26,1.1212110693301347,1.5843197485211511e-16,1.980399685651439e-16,-1.665566915111979e-16
g4,p15,banana,26,1.1212110693301347,1.9203875739650316e-16,2.1852686186498637e-16,-1.9756853462034656e-16
g4,p16,cucumber,28,1.1358177794568953,0.013027618551328944,0.013027618551329057,0.013027618551328933
g4,p16,strawberry,28,1.1358177794568953,0.013027618551328985,0.03762376237623756,0.0037726639982672214
g4,p16,guava,28,1.1358177794568953,0.013027618551328944,0.08118811881188141,-0.014107049802724517
g4,p16,papaya,28,1.1358177794568953,0.013027618551328784,0.013027618551328944,-0.0014442045708329943
g4,p16,banana,28,1.1358177794568953,0.013329310770412323,0.019650691724520393,-0.003198022596639339
g4,p17,cucumber,27,1.1358811682923051,5.580898323333958e-05,5.580898323340909e-05,0.0005383403021027498
g4,p17,strawberry,27,1.1358811682923051,5.580898323331552e-05,5.580898323336564e-05,0.0005383403021027227
g4,p17,guava,27,1.1358811682923051,5.580898323336564e-05,5.580898323336564e-05,0.0005383403021027652
g4,p17,papaya,27,1.1358811682923051,5.580898323333958e-05,5.580898323333958e-05,0.0005383403021027512
g4,p17,banana,27,1.1358811682923051,5.580898323329489e-05,5.5808983233443846e-05,-0.0006720350319387682
g4,p18,cucumber,27,0.8290424785341144,0.021814167139250072,0.05534322915493813,-0.005291735821365189
g4,p18,strawberry,27,0.8290424785341144,0.009465858385420868,0.030978107691251845,-0.001267713836384159
g4,p18,guava,27,0.8290424785341144,0.08766592219709801,0.2164454370705359,0.004696338342813027
g4,p18,papaya,27,0.8290424785341144,0.09480089336348226,0.12415928530921416,0.03172775513685306
g4,p18,banana,27,0.8290424785341144,0.006713465161822883,0.019240866361880486,-0.0003605303587915776
g4,p19,cucumber,27,0.828920545715606,0.00014707668384372855,0.00014707668384377701,-0.0011411397308250752
g4,p19,strawberry,27,0.828920545715606,0.00014707668384371709,0.0001470766838437779,0.00014591479437024937
g4,p19,guava,27,0.828920545715606,0.00014707668384374956,0.00014707668384389237,-0.0011411397308251582
g4,p19,papaya,27,0.828920545715606,0.00014707668384364753,0.00014707668384374956,0.003363551107358579
g4,p19,banana,27,0.828920545715606,0.00014707668384374194,0.00014707668384377701,-1.4967021279160343e-05
g5,p02,cucumber,27,0.9939703153988868,0.006029684601113121,0.006029684601113239,-0.006029684601113159
g5,p02,strawberry,27,0.9939703153988868,0.006029684601113162,0.006029684601113239,-0.0014279701779701833
g5,p02,peanut,27,0.9939703153988868,0.006029684601113194,0.07981320627424529,-0.009475990208055772
g5,p02,avocado,1,0.9939703153988868,10.927643784786643,10.927643784786643,10.927643784786643
g5,p02,pumpkin,27,0.9939703153988868,0.006029684601113194,0.02581625963322399,-0.018203658072105618
g5,p03,cucumber,26,0.9849994641768751,0.00902527075812282,0.00902527075812282,0.00812621494029429
g5,p03,strawberry,26,0.9849994641768751,0.009025270758122818,0.009715438521979255,-0.0030957065589796513
g5,p03,peanut,26,0.9849994641768751,0.00902527075812282,0.00902527075812282,-0.005213829491807908
g5,p03,avocado,26,0.9849994641768751,0.009025270758122818,0.14433986591026288,0.018017812512397282
g5,p03,pumpkin,26,0.9849994641768751,0.009025270758122818,0.009025270758122818,-0.009025270758122818
g5,p04,cucumber,28,0.9852419196153078,0.0002461477871313562,0.0002461477871314689,-7.626265245963865e-05
g5,p04,strawberry,28,0.9852419196153078,0.0002461477871313778,0.0002461477871314689,-7.6262652459631e-05
g5,p04,peanut,28,0.9852419196153078,0.00024614778713131857,0.0002461477871313869,-7.626265245966653e-05
g5,p04,avocado,28,0.9852419196153078,0.0002461477871313562,0.0002461477871314689,-7.626265245961831e-05
g5,p04,pumpkin,28,0.9852419196153078,0.00024614778713135375,0.0002461477871314689,-7.626265245963178e-05
g5,p05,cucumber,26,0.9451114853459904,0.04073155381470832,0.04073155381470836,-0.028424158794180473
g5,p05,strawberry,26,0.9451114853459904,0.03996951859105382,0.05519529080382075,0.020249134993918286
g5,p05,peanut,26,0.9451114853459904,0.04073155381470836,0.06585382909476857,-0.013590739305428704
g5,p05,avocado,26,0.9451114853459904,0.04073155381470834,0.09630679564033338,0.007813456826497499
g5,p05,pumpkin,26,0.9451114853459904,0.04073155381470827,0.31914168963308454,0.023845943611479323
g5,p06,cucumber,27,0.9451114853459907,2.349401190947799e-16,2.349401190947799e-16,2.053550670606224e-16
g5,p06,strawberry,27,0.9451114853459907,2.349401190947799e-16,2.6850299325117705e-16,2.269122280809864e-16
g5,p06,peanut,27,0.9451114853459907,1.879520952758239e-16,3.4173108231967984e-16,2.3119082084446186e-16
g5,p06,avocado,27,0.9451114853459907,2.088356614175821e-16,2.6850299325117705e-16,2.1184665177399964e-16
g5,p06,pumpkin,27,0.9451114853459907,1.879520952758239e-16,2.891570696551137e-16,2.1096403848245688e-16
g5,p07,cucumber,27,0.9910169003485102,0.04857142857142862,0.1401714285714286,0.018797178130511495
g5,p07,strawberry,27,0.9910169003485102,0.038809523809523766,0.0485714285714286,0.004635463214034667
g5,p07,peanut,27,0.9910169003485102,0.04857142857142862,0.05628571428571428,-0.007564213564213566
g5,p07,avocado,27,0.9910169003485102,0.04857142857142857,0.08250000000000005,0.00335762415127493
g5,p07,pumpkin,27,0.9910169003485102,0.04857142857142865,0.24852380952380967,2.6455026455095134e-05
g5,p08,cucumber,27,0.991786998558488,0.0007770787861508056,0.0007770787861508429,0.0025774185046020972
g5,p08,strawberry,27,0.991786998558488,0.0007770787861508056,0.0007770787861509427,-0.0004122859147264672
g5,p08,peanut,27,0.991786998558488,0.0007770787861507833,0.0007770787861509427,-0.0009558685364226147
g5,p08,avocado,27,0.991786998558488,0.0007770787861508429,0.0007770787861508858,-0.002280851176806839
g5,p08,pumpkin,27,0.991786998558488,0.0007770787861508158,0.0007770787861509029,0.0025774185046021046
g5,p09,cucumber,27,1.1657431104657001,0.11776748454864083,0.17539664480382225,-0.009732322843872668
g5,p09,strawberry,27,1.1657431104657001,0.018677092163312703,0.03406165014534268,0.0050095832458945345
g5,p09,peanut,27,1.1657431104657001,0.04479701760339755,0.0685424043671111,0.00164330633618759
g5,p09,avocado,27,1.1657431104657001,0.028472064203344596,0.05968268415694209,0.018481512141872467
g5,p09,pumpkin,27,1.1657431104657001,0.17539664480382225,0.21640223679745182,-0.03135226953025794
g5,p10,cucumber,27,1.1665171402136616,0.0006639796890176468,0.0006639796890177612,0.0009413058688692035
g5,p10,strawberry,27,1.1665171402136616,0.0006639796890176642,0.0006639796890177612,-0.0010034313736944417
g5,p10,peanut,27,1.1665171402136616,0.0006639796890177104,0.0006639796890177104,-9.588732716471765e-05
g5,p10,avocado,27,1.1665171402136616,0.0006639796890176468,0.0006639796890177612,-0.0015479578016122848
g5,p10,pumpkin,27,1.1665171402136616,0.0006639796890176347,0.0006639796890177612,0.007164465045072962
g5,p11,cucumber,27,0.9966880874041296,0.13921810838438753,0.14558641871170946,0.011611502451889544
g5,p11,strawberry,27,0.9966880874041296,0.014138175436587706,0.06791245677641028,0.003139604541414705
g5,p11,peanut,27,0.9966880874041296,0.03878472105067306,0.0985317473706594,0.00720281278957518
g5,p11,avocado,27,0.9966880874041296,0.0031841551636609677,0.13921810838438753,-0.002179454771967665
g5,p11,pumpkin,27,0.9966880874041296,0.14558641871170933,0.14558641871170933,-0.013704455512207883
g5,p12,cucumber,27,0.9968858793873048,0.00019844922967856833,0.00019844922967863517,-0.005194710408260495
g5,p12,strawberry,27,0.9968858793873048,0.00019844922967863517,0.0001984492296787,0.0011355350658530559
g5,p12,peanut,27,0.9968858793873048,0.00019844922967855597,0.0001984492296786611,0.0038484974119016918
g5,p12,avocado,27,0.9968858793873048,0.00019844922967858427,0.00019844922967863517,8.049415350075999e-05
g5,p12,pumpkin,27,0.9968858793873048,0.00019844922967856833,0.00019844922967863517,-0.005194710408260493
g5,p13,cucumber,27,0.9252096054622589,0.07190017975688323,0.13228178069660257,0.00373186390215553
g5,p13,strawberry,27,0.9252096054622589,0.012022771999262796,0.06476506849869668,-0.00012420055625536914
g5,p13,peanut,27,0.9252096054622589,0.03122202249235189,0.07190017975688318,0.009583961928258547
g5,p13,avocado,27,0.9252096054622589,0.07190017975688323,0.07190017975688329,-0.014546306913636524
g5,p13,pumpkin,27,0.9252096054622589,0.07190017975688323,0.23746642699082246,0.03122884399955168
g5,p14,cucumber,27,0.9249325622832252,0.00029943828663057015,0.0002994382866307301,0.0019475001313132244
g5,p14,strawberry,27,0.9249325622832252,0.00029943828663060707,0.0002994382866307301,-0.0005070551904410833
g5,p14,peanut,27,0.9249325622832252,0.00029943828663060707,0.0002994382866307301,0.0001623689882191708
g5,p14,avocado,27,0.9249325622832252,0.0002994382866306235,0.0002994382866307301,-0.0029616105121953616
g5,p14,pumpkin,27,0.9249325622832252,0.00029943828663060707,0.0002994382866307301,0.005629333113944662
g5,p15,cucumber,26,0.8960885114843719,0.031185031185031416,0.10721710721710707,0.008428144966606318
g5,p15,strawberry,26,0.8960885114843719,0.0293659043659042,0.03229383229383232,0.0008764705849463924
g5,p15,peanut,26,0.8960885114843719,0.031185031185031395,0.049549549549549425,0.003254195561887729
g5,p15,avocado,26,0.8960885114843719,0.031185031185031364,0.08991683991683963,-0.003238445546138053
g5,p15,pumpkin,26,0.8960885114843719,0.031185031185031346,0.1211018711018711,-0.0032384455461380505
g5,p16,cucumber,28,0.8963838160962143,0.00032954848550990386,0.000329548485510036,-0.000784569663233977
g5,p16,strawberry,28,0.8963838160962143,0.00032954848550990386,0.0003295484855099547,-0.000784569663233991
g5,p16,peanut,28,0.8963838160962143,0.00032954848550987344,0.0003295484855099547,0.0020997584329584965
g5,p16,avocado,28,0.8963838160962143,0.00032954848550986255,0.000329548485510014,-0.0007845696632340081
g5,p16,pumpkin,28,0.8963838160962143,0.00032954848550992885,0.000329548485510036,-0.0007845696632339587
g5,p17,cucumber,27,0.8886416398949993,0.008637121802279395,0.1329861465116808,0.014104638623483413
g5,p17,strawberry,27,0.8886416398949993,0.008637121802279353,0.008637121802279426,-0.00862502172320154
g5,p17,peanut,27,0.8886416398949993,0.008637121802279296,0.030052078023248108,-0.00035357727751439866
g5,p17,avocado,27,0.8886416398949993,0.008637121802279449,0.11528323797243568,0.00973355009527472
g5,p17,pumpkin,27,0.8886416398949993,0.008637121802279426,0.008637121802279426,0.009733550095274714
g5,p18,cucumber,27,0.8888641399029107,0.0002503821539778701,0.0002503821539780129,-6.959134170507841e-05
g5,p18,strawberry,27,0.8888641399029107,0.0002503821539778701,0.0002503821539780129,-6.959134170509317e-05
g5,p18,peanut,27,0.8888641399029107,0.0002503821539778701,0.0002503821539780129,-6.959134170508155e-05
g5,p18,avocado,27,0.8888641399029107,0.0002503821539779019,0.0002503821539780129,-6.959134170507097e-05
g5,p18,pumpkin,27,0.8888641399029107,0.0002503821539778701,0.0002503821539780129,-6.959134170508773e-05
g5,p19,cucumber,27,0.957326431841939,0.07702222293106142,0.07702222293106159,0.007144403806456719
g5,p19,strawberry,27,0.957326431841939,0.009708333997870291,0.026174666815523044,0.0011725297043472806
g5,p19,peanut,27,0.957326431841939,0.005220741402324104,0.009708333997870291,-0.0003735391062075751
g5,p19,avocado,27,0.957326431841939,0.04264691295016745,0.07702222293106159,-0.0072902082910244565
g5,p19,pumpkin,27,0.957326431841939,0.0770222229310617,0.10248148089078205,0.009788126488087167
g6,p02,cucumber,27,1.0158924205378974,0.01589242053789741,0.04381418092909558,-0.000412025717649113
g6,p02,strawberry,27,1.0158924205378974,0.015892420537897436,0.04760085574572115,0.0031008584846573253
g6,p02,lemon,27,1.0158924205378974,0.015892420537897464,0.029959452687208538,-0.0031225922189211082
g6,p02,grape,27,1.0158924205378974,0.01589242053789741,0.09698451507742452,-0.005787117889807293
g6,p02,peach,27,1.0158924205378974,0.01589242053789741,0.015892420537897474,0.012756950104138454
g6,p03,cucumber,26,1.0158924205378974,0.0,0.0,0.0
g6,p03,strawberry,26,1.0158924205378974,0.0,0.0,0.0
g6,p03,lemon,26,1.0158924205378974,0.0,0.0,0.0
g6,p03,grape,26,1.0158924205378974,0.0,0.0,0.0
g6,p03,peach,26,1.0158924205378974,0.0,0.0,0.0
g6,p04,cucumber,28,1.0179763024261803,0.0020512820512821584,0.002051282051282207,0.0020512820512821354
g6,p04,strawberry,28,1.0179763024261803,0.002051282051282096,0.002051282051282207,0.0003471132042561037
g6,p04,lemon,28,1.0179763024261803,0.0020512820512821562,0.002051282051282207,-0.0006032886527391403
g6,p04,grape,28,1.0179763024261803,0.0020512820512821293,0.002051282051282207,0.002051282051282126
g6,p04,peach,28,1.0179763024261803,0.0020512820512821025,0.002051282051282207,-0.00033455433455427077
g6,p05,cucumber,26,1.018389580680763,0.00040598023116814426,0.00040598023116817543,0.0004849077246774965
g6,p05,strawberry,26,1.018389580680763,0.0004059802311681981,0.0004059802311683477,-0.001351096112433076
g6,p05,lemon,26,1.018389580680763,0.00040598023116817077,0.00040598023116823203,0.00048490772467753296
g6,p05,grape,26,1.018389580680763,0.00040598023116817543,0.00040598023116819723,0.0004849077246775261
g6,p05,peach,26,1.018389580680763,0.00040598023116814426,0.00040598023116817543,0.00048490772467751117
g6,p06,cucumber,27,0.5641015456530799,0.03859114249037238,0.08921694480102697,-0.004995900244438261
g6,p06,strawberry,27,0.5641015456530799,0.01551133932391962,0.03197903294822423,0.004351920212341069
g6,p06,lemon,27,0.5641015456530799,0.011497460512362464,0.021894934333958765,0.0001301589523307462
g6,p06,grape,27,0.5641015456530799,0.015261731564684059,0.048746255883611415,-0.0007582979733885407
g6,p06,peach,27,0.5641015456530799,0.022612817221289563,0.10783055198973047,0.006139540462390282
g6,p07,cucumber,27,0.5640407973399796,0.00010769038583291307,0.000107690385832991,-0.0019753024046597714
g6,p07,strawberry,27,0.5640407973399796,0.00010769038583292982,0.00010769038583299893,0.0001559361702130542
g6,p07,lemon,27,0.5640407973399796,0.00010769038583291308,0.00010769038583299025,8.6868253434766e-05
g6,p07,grape,27,0.5640407973399796,0.00010769038583291307,0.00010769038583300054,0.0007297311711403335
g6,p07,peach,27,0.5640407973399796,0.00010769038583291307,0.000107690385832991,-0.00021703058038969583
g6,p08,cucumber,27,0.9513990484144917,0.016059155899556116,0.07601457444895572,-0.012196228662793381
g6,p08,strawberry,27,0.9513990484144917,0.012053439646170658,0.026781205539443017,0.0025423865129386766
g6,p08,lemon,27,0.9513990484144917,0.012053439646170658,0.023247013158657,-0.0014426748705339142
g6,p08,grape,27,0.9513990484144917,0.02345720735895806,0.054222332964761207,0.010564366964876717
g6,p08,peach,27,0.9513990484144917,0.02672088080046316,0.07339001174593873,-0.0038876721182776524
g6,p09,cucumber,27,0.9512029460005906,0.00020612004418955489,0.00020612004418961644,-0.0008007809992129864
g6,p09,strawberry,27,0.9512029460005906,0.00020612004418957158,0.00020612004418965816,-0.0004003992189239524
g6,p09,lemon,27,0.9512029460005906,0.00020612004418955489,0.0002061200441896255,0.0007833382184523605
g6,p09,grape,27,0.9512029460005906,0.00020612004418960338,0.00020612004418968827,0.001201127902232162
g6,p09,peach,27,0.9512029460005906,0.00020612004418955489,0.00020612004418960338,-0.0031666733372846005
g6,p10,cucumber,27,0.9035695072724936,0.05007705130474588,0.0754484812014127,-0.015428691263694845
g6,p10,strawberry,27,0.9035695072724936,0.005800769206739549,0.02856004844811348,0.001268668267005797
g6,p10,lemon,27,0.9035695072724936,0.01543487619147857,0.024163080685590952,0.005323691449701517
g6,p10,grape,27,0.9035695072724936,0.044915243564779564,0.05751155769571198,0.005475907903511158
g6,p10,peach,27,0.9035695072724936,0.05007705130474584,0.05751155769571198,-0.009751164170693773
g6,p11,cucumber,27,0.9033484841146675,0.0002446111295779082,0.0002446111295781266,-0.0020988630518246143
g6,p11,strawberry,27,0.9033484841146675,0.0002446111295779955,0.0002446111295780762,-0.0005695706412453595
g6,p11,lemon,27,0.9033484841146675,0.0002446111295779628,0.000244611129578033,0.000413545908412805
g6,p11,grape,27,0.9033484841146675,0.0002446111295778645,0.0002446111295779082,9.949478838324433e-05
g6,p11,peach,27,0.9033484841146675,0.0002446111295779628,0.0002446111295780762,0.002297852628590926
g6,p12,cucumber,27,1.140026854271144,0.05349911386487136,0.0985705846332107,-0.009942752337800233
g6,p12,strawberry,27,1.140026854271144,0.012346901424213587,0.03847529027542478,-0.006384725249199369
g6,p12,lemon,27,1.140026854271144,0.009600945210803895,0.029964659742460865,0.003476209727820079
g6,p12,grape,27,1.140026854271144,0.032546421238322076,0.06784715358835036,0.017693339630121648
g6,p12,peach,27,1.140026854271144,0.051667651261254235,0.0985705846332107,-0.012718454725932278
g6,p13,cucumber,27,1.1399958635739855,2.7184181707971907e-05,2.7184181708038684e-05,-0.0036778473325422964
g6,p13,strawberry,27,1.1399958635739855,2.7184181708011186e-05,2.7184181708082265e-05,-0.0011097421737224877
g6,p13,lemon,27,1.1399958635739855,2.7184181707945195e-05,2.718418170806704e-05,0.0006299419661232452
g6,p13,grape,27,1.1399958635739855,2.7184181708038684e-05,2.718418170804435e-05,0.0009126406388481626
g6,p13,peach,27,1.1399958635739855,2.718418170799973e-05,2.7184181708038684e-05,0.002999226080389276
g6,p14,cucumber,27,1.1123438639982044,0.02425622799111726,0.10468134188148517,0.0004805616066106585
g6,p14,strawberry,27,1.1123438639982044,0.024256227991117183,0.02823992816374669,-0.0011652754377248914
g6,p14,lemon,27,1.1123438639982044,0.020095761645650304,0.02425622799111723,0.003236079104315803
g6,p14,grape,27,1.1123438639982044,0.02425622799111726,0.0841597466765364,0.0030188721246232116
g6,p14,peach,27,1.1123438639982044,0.02425622799111724,0.047298315289534286,-0.002423499114835065
g6,p15,cucumber,26,1.1123438639982046,1.9961867198773862e-16,3.1051793420314896e-16,2.2577992128948476e-16
g6,p15,strawberry,26,1.1123438639982046,2.2813562512884415e-16,2.6615822931698485e-16,2.168908308941181e-16
g6,p15,lemon,26,1.1123438639982046,2.2813562512884415e-16,2.5551190014430543e-16,2.0820940527646638e-16
g6,p15,grape,26,1.1123438639982046,1.596949375901909e-16,2.6615822931698485e-16,1.8939732740033228e-16
g6,p15,peach,26,1.1123438639982046,2.1292658345358787e-16,3.5487763908931313e-16,2.2791847972031044e-16
g6,p16,cucumber,28,1.127361541864102,0.013500931098696394,0.013500931098696474,0.0135009310986964
g6,p16,strawberry,28,1.127361541864102,0.013500931098696415,0.037174115456238443,0.004241652392931357
g6,p16,lemon,28,1.127361541864102,0.019737540297551093,0.025947643604068336,-0.006649717314772632
g6,p16,grape,28,1.127361541864102,0.01350093109869643,0.03811254224429278,0.0028369903253515553
g6,p16,peach,28,1.127361541864102,0.013500931098696394,0.09911028346782551,-0.0067518511128847
g6,p17,cucumber,27,1.1277137910604074,0.00031245450835836516,0.0003124545083584214,0.0008126452315244712
g6,p17,strawberry,27,1.1277137910604074,0.0003124545083583506,0.0003124545083584439,0.0008126452315244658
g6,p17,lemon,27,1.1277137910604074,0.00031245450835839546,0.0003124545083584304,-0.00048214098052383675
g6,p17,grape,27,1.1277137910604074,0.0003124545083583294,0.0003124545083583773,-0.0005780510703052214
g6,p17,peach,27,1.1277137910604074,0.00031245450835839546,0.0003124545083584214,0.0008126452315245066
g6,p18,cucumber,27,0.8265695245980984,0.022719498333158037,0.05133985588197259,-0.0010667481151911443
g6,p18,strawberry,27,0.8265695245980984,0.008347726249822133,0.029918096971093943,0.0029744365269301805
g6,p18,lemon,27,0.8265695245980984,0.012096884184605323,0.022719498333157926,-0.003157108757403124
g6,p18,grape,27,0.8265695245980984,0.022719498333157954,0.0396216614663892,-0.004249786965203277
g6,p18,peach,27,0.8265695245980984,0.022719498333158037,0.0994405643751973,0.018276675711265608
g6,p19,cucumber,27,0.8264575227430068,0.00013550203795149822,0.00013550203795162464,-0.0009768509192416095
g6,p19,strawberry,27,0.8264575227430068,0.00013550203795149033,0.00013550203795156235,0.0003156729936780129
g6,p19,lemon,27,0.8264575227430068,0.0001355020379514674,0.00013550203795157465,-0.00039313044243917904
g6,p19,grape,27,0.8264575227430068,0.00013550203795149822,0.00013550203795150527,-0.00022287863670516093
g6,p19,peach,27,0.8264575227430068,0.00013550203795144555,0.00013550203795150527,0.0035469827759770454
g7,p02,cucumber,27,1.015625,0.015625,0.04375000000000015,-0.000675154320987655
g7,p02,strawberry,27,1.015625,0.015625,0.0478515625,0.0028368051599959496
g7,p02,celery,27,1.015625,0.015625,0.015625,0.015625
g7,p02,lettuce,27,1.015625,0.015625,0.015625,0.0005787037037037037
g7,p02,corn,27,1.015625,0.015625,0.0234375,-0.0010107043402501899
g7,p03,cucumber,26,1.015625,0.0,0.0,0.0
g7,p03,strawberry,26,1.015625,0.0,0.0,0.0
g7,p03,celery,26,1.015625,0.0,0.0,0.0
g7,p03,lettuce,26,1.015625,0.0,0.0,0.0
g7,p03,corn,26,1.015625,0.0,0.0,0.0
g7,p04,cucumber,28,1.0168198529411765,0.00117647058823539,0.00117647058823539,0.0011764705882353597
g7,p04,strawberry,28,1.0168198529411765,0.001176470588235333,0.00117647058823539,-0.0005262104841936487
g7,p04,celery,28,1.0168198529411765,0.00117647058823539,0.00117647058823539,0.0011764705882353628
g7,p04,lettuce,28,1.0168198529411765,0.0011764705882352736,0.00117647058823539,0.0011764705882353046
g7,p04,corn,28,1.0168198529411765,0.0011764705882353096,0.00117647058823539,0.00021008403361347412
g7,p05,cucumber,26,1.0172971844987995,0.00046943571788281676,0.000469435717882848,0.0005147058280962849
g7,p05,strawberry,26,1.0172971844987995,0.0004694357178828432,0.0004694357178829258,-0.001319811495316568
g7,p05,celery,26,1.0172971844987995,0.0004694357178827751,0.000469435717882848,0.0005147058280962773
g7,p05,lettuce,26,1.0172971844987995,0.00046943571788281676,0.0004694357178828917,0.000514705828096301
g7,p05,corn,26,1.0172971844987995,0.00046943571788285834,0.00046943571788291575,0.0005147058280963432
g7,p06,cucumber,27,0.6053132265408355,0.03309081346423554,0.08099579242636752,-0.004153061931229169
g7,p06,strawberry,27,0.6053132265408355,0.019965349393614388,0.04395862552594676,0.00618213216964617
g7,p06,celery,27,0.6053132265408355,0.1074684431977559,0.19004207573632548,-0.013886430760554095
g7,p06,lettuce,27,0.6053132265408355,0.04796633941093957,0.071037868162693,-0.000492519901644784
g7,p06,corn,27,0.6053132265408355,0.011535764375876749,0.023436185133239903,0.0029428536774799684
g7,p07,cucumber,27,0.5883080733212924,0.029077844763504824,0.05584426345306056,0.004680751368371008
g7,p07,strawberry,27,0.5883080733212924,0.0022789425561218265,0.011551781625106873,0.002081531557076277
g7,p07,celery,27,0.5883080733212924,0.028093146612245535,0.059378470192652404,-0.01723299729618979
g7,p07,lettuce,27,0.5883080733212924,0.028093146612245535,0.0933952100612238,-0.00026572303900600317
g7,p07,corn,27,0.5883080733212924,0.008258312869638343,0.015495403176053737,0.0007455200367273573
g7,p08,cucumber,27,0.9500757786469646,0.031042589692866523,0.07661934478570384,-0.003363605935586741
g7,p08,strawberry,27,0.9500757786469646,0.00933063573659749,0.029026296981686087,-0.0024287192927017727
g7,p08,celery,27,0.9500757786469646,0.05826365228164661,0.10281721267858016,-0.00594228338521388
g7,p08,lettuce,27,0.9500757786469646,0.027682101840899226,0.12309861822959274,0.022109311233425903
g7,p08,corn,27,0.9500757786469646,0.004844721799990311,0.012664970910551715,0.0010623547830497504
g7,p09,cucumber,27,0.9497306840360958,0.0003632285114774695,0.00036322851147754136,0.0006616621149022543
g7,p09,strawberry,27,0.9497306840360958,0.0003632285114774695,0.00036322851147755443,-0.00021976973271744564
g7,p09,celery,27,0.9497306840360958,0.0003632285114774695,0.0003632285114774695,-0.001512536442559693
g7,p09,lettuce,27,0.9497306840360958,0.0003632285114774695,0.0003632285114774695,0.0024734942461205668
g7,p09,corn,27,0.9497306840360958,0.0003632285114774695,0.00036322851147754657,0.00015603454339948412
g7,p10,cucumber,27,0.9031554235425431,0.04904049250638153,0.07662201384098946,-0.014359857543653275
g7,p10,strawberry,27,0.9031554235425431,0.006898302052066514,0.029682416287872743,0.002355365198028464
g7,p10,celery,27,0.9031554235425431,0.04904049250638153,0.1601705991422146,0.009394209704899306
g7,p10,lettuce,27,0.9031554235425431,0.04904049250638153,0.1411514089923422,-0.009136466843922811
g7,p10,corn,27,0.9031554235425431,0.012311733783529287,0.020350886832691095,0.002623916421358022
g7,p11,cucumber,27,0.9033695325461217,0.00023706772721233658,0.00023706772721243592,-0.0015796773996203056
g7,p11,strawberry,27,0.9033695325461217,0.00023706772721227698,0.000237067727212375,-4.7978608472639794e-05
g7,p11,celery,27,0.9033695325461217,0.00023706772721228294,0.00023706772721238128,0.005466137039659154
g7,p11,lettuce,27,0.9033695325461217,0.00023706772721238128,0.00023706772721238128,-0.0015796773996202805
g7,p11,corn,27,0.9033695325461217,0.00023706772721229024,0.00023706772721243592,-0.00032149624974899926
g7,p12,cucumber,27,1.1465523920580525,0.048103502428408225,0.09343190707467454,-0.004280318444123153
g7,p12,strawberry,27,1.1465523920580525,0.012848076592423392,0.03299403421298613,-0.0007026088760143201
g7,p12,celery,27,1.1465523920580525,0.015356264076364607,0.048103502428408225,-0.00545286754120879
g7,p12,lettuce,27,1.1465523920580525,0.015356264076364607,0.15386977993636294,-0.004220797028432768
g7,p12,corn,27,1.1465523920580525,0.008441148362925267,0.01535626407636472,0.002190381570485087
g7,p13,cucumber,27,1.1467185703021274,0.00014493733145212414,0.0001449373314521887,-0.003316005218398176
g7,p13,strawberry,27,1.1467185703021274,0.00014493733145215832,0.00014493733145220936,-0.0007328157925135856
g7,p13,celery,27,1.1467185703021274,0.00014493733145212414,0.00014493733145212414,0.0007137702859817844
g7,p13,lettuce,27,1.1467185703021274,0.0001449373314520854,0.0001449373314521887,0.0022809052043517675
g7,p13,corn,27,1.1467185703021274,0.0001449373314521887,0.00014493733145222844,0.000713770285981833
g7,p14,cucumber,27,1.1221143947773662,0.021456158609412575,0.10785142043148653,0.003357855673099567
g7,p14,strawberry,27,1.1221143947773662,0.021456158609412537,0.031190644553122013,0.0017072956081849208
g7,p14,celery,27,1.1221143947773662,0.021456158609412548,0.021456158609412558,-0.02145090573781699
g7,p14,lettuce,27,1.1221143947773662,0.02145615860941251,0.02145615860941261,-0.005141841714640511
g7,p14,corn,27,1.1221143947773662,0.009123336434043406,0.02145615860941259,0.0019638224463046352
g7,p15,cucumber,26,1.1221143947773664,1.9788054226778385e-16,2.638407230237118e-16,2.0351855879393604e-16
g7,p15,strawberry,26,1.1221143947773664,2.2614919116318155e-16,2.532870941027633e-16,1.9917253130071064e-16
g7,p15,celery,26,1.1221143947773664,1.5830443381422708e-16,1.9788054226778385e-16,1.750481720061165e-16
g7,p15,lettuce,26,1.1221143947773664,2.638407230237118e-16,2.638407230237118e-16,2.47024501116706e-16
g7,p15,corn,26,1.1221143947773664,2.0766818199285704e-16,2.532870941027633e-16,2.1048367889700376e-16
g7,p16,cucumber,28,1.1358686059493057,0.012257405515832655,0.012257405515832745,0.012257405515832667
g7,p16,strawberry,28,1.1358686059493057,0.012257405515832643,0.038355464759959,0.003009487579057737
g7,p16,celery,28,1.1358686059493057,0.012257405515832655,0.06563840653728328,-0.009433824602363751
g7,p16,lettuce,28,1.1358686059493057,0.012257405515832601,0.012257405515832731,0.00020672211683460048
g7,p16,corn,28,1.1358686059493057,0.012257405515832683,0.02148450800136174,-0.0025205070383571555
g7,p17,cucumber,27,1.1354576607535845,0.0003617893773706508,0.00036178937737065084,9.202436028575284e-05
g7,p17,strawberry,27,1.1354576607535845,0.0003617893773706508,0.0003617893773707545,9.202436028574232e-05
g7,p17,celery,27,1.1354576607535845,0.0003617893773706508,0.00036178937737065084,9.20243602857515e-05
g7,p17,lettuce,27,1.1354576607535845,0.0003617893773706508,0.0003617893773706508,9.20243602857515e-05
g7,p17,corn,27,1.1354576607535845,0.0003617893773706508,0.0003617893773707545,9.202436028573667e-05
g7,p18,cucumber,27,0.8316814487417844,0.023381816292106374,0.04779727088480366,-0.005056959567572257
g7,p18,strawberry,27,0.8316814487417844,0.009019784178755125,0.029762277956541325,0.002269476320638372
g7,p18,celery,27,0.8316814487417844,0.08442045277384982,0.09869545667138029,0.0008897339142997612
g7,p18,lettuce,27,0.8316814487417844,0.025449092893288238,0.12104363466289571,-0.005761518719032895
g7,p18,corn,27,0.8316814487417844,0.007137501948765225,0.022087378067244045,0.00180328362631637
g7,p19,cucumber,27,0.8316366033168034,5.392139628558728e-05,5.3921396285652996e-05,-0.0009198678967272107
g7,p19,strawberry,27,0.8316366033168034,5.392139628556058e-05,5.392139628561975e-05,0.00037188544069579997
g7,p19,celery,27,0.8316366033168034,5.392139628551608e-05,5.392139628558728e-05,0.0008885867756650436
g7,p19,lettuce,27,0.8316366033168034,5.392139628563474e-05,5.392139628563474e-05,-0.0009198678967272523
g7,p19,corn,27,0.8316366033168034,5.392139628555747e-05,5.392139628561283e-05,8.48291434906969e-05
g8,p02,cucumber,27,1.011671529804085,0.01167152980408511,0.04280116715298063,-0.004565173760671866
g8,p02,strawberry,27,1.011671529804085,0.011671529804085094,0.051557940808670266,-0.0010668851002542435
g8,p02,carrot,20,1.011671529804085,0.011671529804085035,0.02198311796581926,-0.0009743643184660306
g8,p02,grapefruit,27,1.011671529804085,0.01167152980408511,0.01167152980408511,0.01167152980408507
g8,p02,citrus fruit,27,1.011671529804085,0.011671529804085087,0.0491808930412735,0.000734524318912571
g8,p03,cucumber,26,1.011671529804085,0.0,0.0,0.0
g8,p03,strawberry,26,1.011671529804085,0.0,0.0,0.0
g8,p03,grapefruit,26,1.011671529804085,0.0,0.0,0.0
g8,p03,citrus fruit,26,1.011671529804085,0.0,0.0,0.0
g8,p04,cucumber,28,1.0127204375591956,0.0010368066355624691,0.0010368066355625923,0.0010368066355624813
g8,p04,strawberry,28,1.0127204375591956,0.0010368066355625422,0.0010368066355626291,-0.0006656369131374008
g8,p04,grapefruit,28,1.0127204375591956,0.0010368066355625318,0.0010368066355626196,0.0010368066355625337
g8,p04,citrus fruit,28,1.0127204375591956,0.0010368066355625255,0.0010368066355626137,0.00040959059130465963
g8,p05,cucumber,26,1.0132946594323384,0.000567009267164372,0.0005670092671644765,0.0006069090561848888
g8,p05,strawberry,26,1.0132946594323384,0.0005670092671643887,0.0005670092671644732,-0.0012275312437816076
g8,p05,carrot,5,1.0132946594323384,0.0005670092671643233,0.0005670092671644097,0.0005670092671643397
g8,p05,grapefruit,26,1.0132946594323384,0.000567009267164372,0.0005670092671645182,0.0006069090561848735
g8,p05,citrus fruit,26,1.0132946594323384,0.000567009267164413,0.0005670092671644732,0.0006069090561849061
g8,p06,cucumber,27,0.5620384898666496,0.03999577880962449,0.08906711692697342,-0.003650212957937587
g8,p06,strawberry,27,0.5620384898666496,0.01688476150274394,0.03220406440330473,0.0057102499021727685
g8,p06,carrot,27,0.5620384898666496,0.01392992823976341,0.05016462642465201,0.0029151390485288842
g8,p06,grapefruit,27,0.5620384898666496,0.07555930772477824,0.16800337695230044,-0.007766990291262022
g8,p06,citrus fruit,27,0.5620384898666496,0.018670649738610715,0.04365615389254064,0.0013277189909178169
g8,p07,cucumber,27,0.5619984246275477,7.128557887813777e-05,7.128557887821598e-05,-0.0018914045812773279
g8,p07,strawberry,27,0.5619984246275477,7.128557887811384e-05,7.128557887822394e-05,0.00024279407496589952
g8,p07,carrot,27,0.5619984246275477,7.128557887817935e-05,7.128557887825065e-05,0.00024279407496585512
g8,p07,grapefruit,27,0.5619984246275477,7.128557887813777e-05,7.128557887821598e-05,-0.00013069068987669113
g8,p07,citrus fruit,27,0.5619984246275477,7.128557887813777e-05,7.128557887823196e-05,0.00035264253521368784
g8,p08,cucumber,27,0.9472682090746757,0.016771048199230455,0.0758148747908652,-0.012909572903501245
g8,p08,strawberry,27,0.9472682090746757,0.011927555825827598,0.02661712677911663,0.00181839937836554
g8,p08,carrot,27,0.9472682090746757,0.03683694517475635,0.05139687313440935,0.003236340489080905
g8,p08,grapefruit,27,0.9472682090746757,0.12369023062945096,0.15723232702791173,0.01151642249063808
g8,p08,citrus fruit,27,0.9472682090746757,0.025978036661672473,0.043426642727347316,0.0006612934873435548
g8,p09,cucumber,27,0.9474572959045272,0.00019961276863311224,0.00019961276863318433,-0.00042166115412965163
g8,p09,strawberry,27,0.9474572959045272,0.00019961276863311224,0.00019961276863318433,-2.140669061559135e-05
g8,p09,carrot,27,0.9474572959045272,0.0001996127686331122,0.00019961276863319748,-0.00011558421144241636
g8,p09,grapefruit,27,0.9474572959045272,0.0001996127686331122,0.0001996127686331122,-0.0021560971626905564
g8,p09,citrus fruit,27,0.9474572959045272,0.00019961276863306288,0.00019961276863316883,0.0006190004510068578
g8,p10,cucumber,27,0.9003496280968118,0.04972009610495656,0.0758526054811742,-0.015044436162561669
g8,p10,strawberry,27,0.9003496280968118,0.006178721771222487,0.02894655333052873,0.0016601190712669306
g8,p10,carrot,27,0.9003496280968118,0.04972009610495656,0.052178681616326605,-0.0021552676010134653
g8,p10,grapefruit,27,0.9003496280968118,0.04972009610495656,0.26703987186005784,0.006013220037132751
g8,p10,citrus fruit,27,0.9003496280968118,0.006525555018818206,0.013631897488046359,0.008265235817534682
g8,p11,cucumber,27,0.9000976897012556,0.0002798228462523269,0.00027982284625243644,-0.0021207925975911673
g8,p11,strawberry,27,0.9000976897012556,0.0002798228462523218,0.00027982284625242387,-0.000590979402957341
g8,p11,carrot,27,0.9000976897012556,0.0002798228462523269,0.00027982284625243644,0.0017887300109174675
g8,p11,grapefruit,27,0.9000976897012556,0.00027982284625231317,0.00027982284625231317,-0.0021207925975911274
g8,p11,citrus fruit,27,0.9000976897012556,0.00027982284625229555,0.00027982284625235947,0.0012302267811305798
g8,p12,cucumber,27,1.1433077292514593,0.04734696383545408,0.09271139412900385,-0.0035088461592980287
g8,p12,strawberry,27,1.1433077292514593,0.01206351805158193,0.03222548707093749,7.235163082674174e-05
g8,p12,carrot,27,1.1433077292514593,0.03925785763405012,0.047346963835454,-0.004192146335645341
g8,p12,grapefruit,27,1.1433077292514593,0.04734696383545408,0.27020404821939464,0.026346360909964985
g8,p12,citrus fruit,27,1.1433077292514593,0.016163238575515597,0.04197487164093655,0.0025711310145807432
g8,p13,cucumber,27,1.144262644206648,0.0008352212888596677,0.0008352212888597454,-0.0026014019948107036
g8,p13,strawberry,27,1.144262644206648,0.0008352212888596677,0.0008352212888597546,-1.4375235181774768e-05
g8,p13,carrot,27,1.144262644206648,0.0008352212888596677,0.0008352212888597454,-0.0009198346010518848
g8,p13,grapefruit,27,1.144262644206648,0.0008352212888596677,0.0008352212888597454,-0.0009198346010518881
g8,p13,citrus fruit,27,1.144262644206648,0.0008352212888596677,0.0008352212888598109,0.0006155095410757441
g8,p14,cucumber,27,1.1191979543047756,0.021904665007438397,0.10734364711657875,0.0029229820604466275
g8,p14,strawberry,27,1.1191979543047756,0.021904665007438442,0.030718007986313422,0.0012731785142673564
g8,p14,carrot,27,1.1191979543047756,0.021904665007438442,0.07590486849181764,0.0030262228432273238
g8,p14,grapefruit,27,1.1191979543047756,0.021904665007438314,0.02190466500743838,0.002276093611377512
g8,p14,citrus fruit,27,1.1191979543047756,0.021904665007438397,0.04085645232125106,-0.0020000430853295303
g8,p15,cucumber,26,1.1191979543047754,1.983961854745894e-16,2.6452824729945253e-16,-2.0404889371771514e-16
g8,p15,strawberry,26,1.1191979543047754,2.2282921324239597e-16,2.6452824729945253e-16,-2.1117371301477474e-16
g8,p15,carrot,26,1.1191979543047754,2.4417992058411e-16,2.6452824729945253e-16,-2.344141806006536e-16
g8,p15,grapefruit,26,1.1191979543047754,1.983961854745894e-16,1.983961854745894e-16,-1.8923943845268525e-16
g8,p15,citrus fruit,26,1.1191979543047754,1.7171131842245166e-16,3.0231799691366e-16,-1.928220644837104e-16
g8,p16,cucumber,28,1.1292808187579715,0.009009009009008907,0.009009009009008936,0.009009009009008898
g8,p16,strawberry,28,1.1292808187579715,0.009009009009008886,0.04144144144144149,-0.0002092317881792497
g8,p16,carrot,28,1.1292808187579715,0.00900900900900892,0.009009009009008973,0.003861003861003767
g8,p16,grapefruit,28,1.1292808187579715,0.00900900900900894,0.009009009009008973,-0.009009009009009082
g8,p16,citrus fruit,28,1.1292808187579715,0.009009009009008973,0.03991263991263998,-0.0020287667346491596
g8,p17,cucumber,27,1.1289584338967338,0.0002854780280358193,0.0002854780280358193,4.809371770060209e-05
g8,p17,strawberry,27,1.1289584338967338,0.00028547802803580104,0.00028547802803588604,4.80937177005741e-05
g8,p17,carrot,27,1.1289584338967338,0.0002854780280358193,0.0002854780280358193,4.8093717700568086e-05
g8,p17,grapefruit,27,1.1289584338967338,0.0002854780280358193,0.0002854780280358193,4.8093717700568086e-05
g8,p17,citrus fruit,27,1.1289584338967338,0.0002854780280358193,0.00028547802803594345,4.809371770055656e-05
g8,p18,cucumber,27,0.8314717862219344,0.018007204685695985,0.05213513783675438,0.00042133754199587053
g8,p18,strawberry,27,0.8314717862219344,0.0126800701678761,0.031092435080019267,0.007788125547262458
g8,p18,carrot,27,0.8314717862219344,0.263505403514272,0.34742507111218435,-0.15440288007287017
g8,p18,grapefruit,27,0.8314717862219344,0.018007204685696027,0.22749099414288007,0.00016811314303817913
g8,p18,citrus fruit,27,0.8314717862219344,0.018007204685695846,0.03199579789300435,0.002387212241619754
g8,p19,cucumber,27,0.8311407972702944,0.0003980759866115617,0.0003980759866116087,-0.0010647440032754353
g8,p19,strawberry,27,0.8311407972702944,0.0003980759866115515,0.0003980759866116364,0.0002336711919143375
g8,p19,carrot,26,0.8311407972702944,0.0003980759866115515,0.0003980759866115515,-0.010528864768949651
g8,p19,grapefruit,27,0.8311407972702944,0.00039807598661157815,0.000398075986611685,0.0034797091798886913
g8,p19,citrus fruit,27,0.8311407972702944,0.0003980759866115561,0.0003980759866116087,0.00023367119191434742
g9,p02,cucumber,27,1.013089005235602,0.01308900523560208,0.043141361256544684,-0.0031704479348458403
g9,p02,strawberry,27,1.013089005235602,0.01308900523560208,0.050229057591623105,0.0003327422554482258
g9,p02,rosemary,27,1.013089005235602,0.01308900523560208,0.01308900523560208,0.01308900523560208
g9,p02,sugarcane,27,1.013089005235602,0.01308900523560208,0.01308900523560208,0.01308900523560208
g9,p02,okra,27,1.013089005235602,0.01308900523560208,0.01308900523560208,-0.011925538103548588
g9,p03,cucumber,26,1.013089005235602,0.0,0.0,0.0
g9,p03,strawberry,26,1.013089005235602,0.0,0.0,0.0
g9,p03,rosemary,26,1.013089005235602,0.0,0.0,0.0
g9,p03,sugarcane,26,1.013089005235602,0.0,0.0,0.0
g9,p03,okra,26,1.013089005235602,0.0,0.0,0.0
g9,p04,cucumber,28,1.0141830538373684,0.0010799136069114556,0.0010799136069114556,0.001079913606911421
g9,p04,strawberry,28,1.0141830538373684,0.0010799136069114556,0.0010799136069115853,-0.0006226032529642523
g9,p04,rosemary,28,1.0141830538373684,0.0010799136069114556,0.0010799136069114556,0.0010799136069114558
g9,p04,sugarcane,28,1.0141830538373684,0.0010799136069114556,0.0010799136069114556,0.0010799136069114558
g9,p04,okra,28,1.0141830538373684,0.0010799136069114556,0.0010799136069114556,0.0010799136069114558
g9,p05,cucumber,26,1.0150068189312784,0.0008122449796347799,0.0008122449796347937,0.0008538138550700416
g9,p05,strawberry,26,1.0150068189312784,0.0008122449796347248,0.0008122449796348187,-0.0009811550748584817
g9,p05,rosemary,26,1.0150068189312784,0.0008122449796347311,0.0008122449796347311,0.0008538138550700045
g9,p05,sugarcane,26,1.0150068189312784,0.0008122449796347311,0.0008122449796347311,0.0008538138550700045
g9,p05,okra,26,1.0150068189312784,0.0008122449796347311,0.0008122449796347311,0.0008538138550700045
g9,p06,cucumber,27,0.5638926771840436,0.04166666666666672,0.08888888888888896,-0.002049448037102369
g9,p06,strawberry,27,0.5638926771840436,0.01851851851851859,0.03386243386243379,0.007326053618403082
g9,p06,rosemary,27,0.5638926771840436,0.07407407407407407,0.1111111111111111,-1.02798428206033e-18
g9,p06,sugarcane,27,0.5638926771840436,0.1111111111111111,0.16666666666666666,-0.008916323731138546
g9,p06,okra,27,0.5638926771840436,0.1111111111111111,0.16666666666666666,0.003086419753086419
g9,p07,cucumber,27,0.564057799490686,0.00029282576866760497,0.0002928257686676724,-0.0014713591092312876
g9,p07,strawberry,27,0.564057799490686,0.0002928257686676144,0.00029282576866768704,0.0006670468033734353
g9,p07,rosemary,27,0.564057799490686,0.00029282576866753937,0.0002928257686676444,-0.00588182130397852
g9,p07,sugarcane,27,0.564057799490686,0.00029282576866760497,0.00029282576866760497,0.00440925715043164
g9,p07,okra,27,0.564057799490686,0.00029282576866760497,0.0002928257686676444,0.00440925715043168
g9,p08,cucumber,27,0.9561556686331297,0.017082649504877426,0.07537940954102053,-0.007272664246617095
g9,p08,strawberry,27,0.9561556686331297,0.01708264950487727,0.02809003748653188,0.007539420310451795
g9,p08,rosemary,27,0.9561556686331297,0.058256806014002425,0.15243112541260215,-0.004533372356756575
g9,p08,sugarcane,27,0.9561556686331297,0.13009183278319722,0.15243112541260215,0.004538329881716009
g9,p08,okra,27,0.9561556686331297,0.15243112541260206,0.27135331188109685,0.006628028460855262
g9,p09,cucumber,27,0.9560008660946926,0.000161900978591068,0.00016190097859111562,-0.0005755246059256331
g9,p09,strawberry,27,0.9560008660946926,0.0001619009785911067,0.00016190097859116706,-0.0001731354072755373
g9,p09,rosemary,27,0.9560008660946926,0.0001619009785911067,0.00016190097859112993,0.004655534976526044
g9,p09,sugarcane,27,0.9560008660946926,0.0001619009785911067,0.0001619009785911067,0.0046555349765260365
g9,p09,okra,27,0.9560008660946926,0.0001619009785911067,0.00016190097859112993,-0.005806584188377402
g9,p10,cucumber,27,0.9099468870393598,0.04817357461553927,0.07760348873883596,-0.013454226574351056
g9,p10,strawberry,27,0.9099468870393598,0.007816215112958363,0.030621099903243923,0.003276692066782792
g9,p10,rosemary,27,0.9099468870393598,0.04817357461553927,0.26910190051261423,0.06345468138771036
g9,p10,sugarcane,27,0.9099468870393598,0.04817357461553925,0.0482352152674267,0.004699963771385659
g9,p10,okra,27,0.9099468870393598,0.04817357461553927,0.04817357461553936,-0.0364283385600417
g9,p11,cucumber,27,0.9092998077060542,0.0007111176954634225,0.0007111176954634668,-0.0024940553819143845
g9,p11,strawberry,27,0.9092998077060542,0.0007111176954634329,0.000711117695463535,-0.0009624135706900118
g9,p11,rosemary,27,0.9092998077060542,0.0007111176954634225,0.0007111176954634225,0.00631288503262598
g9,p11,sugarcane,27,0.9092998077060542,0.0007111176954634225,0.0007111176954634225,0.015119825447166335
g9,p11,okra,27,0.9092998077060542,0.0007111176954634225,0.0007111176954634225,-0.0024940553819144005
g9,p12,cucumber,27,1.1466845233885627,0.054202601547854716,0.09924057290271875,-0.010696440426719292
g9,p12,strawberry,27,1.1466845233885627,0.013080975528196238,0.038789557928534106,-0.007140480115077694
g9,p12,rosemary,27,1.1466845233885627,0.054202601547854716,0.2610631979361937,0.011049745578836067
g9,p12,sugarcane,27,1.1466845233885627,0.2610631979361937,0.2610631979361937,0.12091185133753701
g9,p12,okra,27,1.1466845233885627,0.15929120137587083,0.26106319793619376,0.03140023633918206
g9,p13,cucumber,27,1.1482802572128774,0.0013916066640536089,0.0013916066640536518,-0.005379799902637239
g9,p13,strawberry,27,1.1482802572128774,0.0013916066640536089,0.007835993835935714,0.000353646557737193
g9,p13,rosemary,27,1.1482802572128774,0.0013916066640536089,0.0013916066640536089,0.0017198612879400453
g9,p13,sugarcane,27,1.1482802572128774,0.0013916066640536089,0.0013916066640536089,-0.004516277486806784
g9,p13,okra,27,1.1482802572128774,0.0013916066640536089,0.0013916066640536089,-0.004516277486806784
g9,p14,cucumber,27,1.103965126979962,0.03859260834151921,0.10790756562548758,0.003635089695693995
g9,p14,strawberry,27,1.103965126979962,0.01200778069313782,0.038592608341519154,-0.002145597053915253
g9,p14,rosemary,27,1.103965126979962,0.03859260834151915,0.2017592395731011,0.036838923331696756
g9,p14,sugarcane,27,1.103965126979962,0.03859260834151915,0.03859260834151915,-0.03854305645510795
g9,p14,okra,27,1.103965126979962,0.03859260834151915,0.03859260834151921,-0.008869988811327695
g9,p15,cucumber,26,1.103965126979962,0.0,0.0,0.0
g9,p15,strawberry,26,1.103965126979962,0.0,0.0,0.0
g9,p15,rosemary,26,1.103965126979962,0.0,0.0,0.0
g9,p15,sugarcane,26,1.103965126979962,0.0,0.0,0.0
g9,p15,okra,26,1.103965126979962,0.0,0.0,0.0
g9,p16,cucumber,28,1.1276288715471,0.021435228331779983,0.034109972041006534,0.01028861373688952
g9,p16,strawberry,28,1.1276288715471,0.02143522833177994,0.030442929317702604,-0.002561780565688929
g9,p16,rosemary,28,1.1276288715471,0.021435228331779924,0.1488039763901833,-0.008964629654284921
g9,p16,sugarcane,28,1.1276288715471,0.021435228331779955,0.021435228331779955,0.009275285137354006
g9,p16,okra,28,1.1276288715471,0.02143522833178002,0.02143522833178002,0.021435228331779983
g9,p17,cucumber,27,1.1277404345125814,9.89358895435817e-05,9.89358895436911e-05,0.0008929117801051677
g9,p17,strawberry,27,1.1277404345125814,9.893588954358849e-05,9.893588954365338e-05,-0.0007520741859732683
g9,p17,rosemary,27,1.1277404345125814,9.893588954362108e-05,9.893588954362108e-05,0.0008929117801051676
g9,p17,sugarcane,27,1.1277404345125814,9.89358895435817e-05,9.89358895435817e-05,0.0008929117801051545
g9,p17,okra,27,1.1277404345125814,9.893588954351605e-05,9.89358895435817e-05,0.0008929117801051083
g9,p18,cucumber,27,0.8209126620632293,0.01909773890943995,0.050335293851423046,-0.00783239702026102
g9,p18,strawberry,27,0.8209126620632293,0.011009661616507786,0.03142744168415282,-0.005718527116047566
g9,p18,rosemary,27,0.8209126620632293,0.01909773890943995,0.09189043454582847,0.013356370659774257
g9,p18,sugarcane,27,0.8209126620632293,0.09189043454582844,0.16402829447279874,0.04696067281292536
g9,p18,okra,27,0.8209126620632293,0.09189043454582844,0.21321159393980954,0.02449334688749098
g9,p19,cucumber,27,0.8204599601740873,0.0005514616963079186,0.0005514616963079958,-0.001640887434482144
g9,p19,strawberry,27,0.8204599601740873,0.0005514616963079054,0.0005514616963079599,-0.00035777362049670147
g9,p19,rosemary,27,0.8204599601740873,0.0005514616963079958,0.0005514616963079958,0.0028500109144668187
g9,p19,sugarcane,27,0.8204599601740873,0.0005514616963079186,0.0005514616963079186,0.0028500109144668716
g9,p19,okra,27,0.8204599601740873,0.0005514616963079186,0.0005514616963080268,0.002850010914466855
g10,p02,cucumber,27,1.0140237324703345,0.014023732470334505,0.04336569579288048,-0.002250722495238742
g10,p02,strawberry,27,1.0140237324703345,0.01402373247033454,0.04334866291943443,0.00466992123722958
g10,p02,zucchini,27,1.0140237324703345,0.014023732470334505,0.04787246793719312,-0.002355045924505253
g10,p02,eggplant,27,1.0140237324703345,0.014023732470334505,0.06074895977808632,-0.0038602839753504115
g10,p02,radish,19,1.0140237324703345,0.014023732470334505,0.014023732470334505,0.014023732470334505
g10,p03,cucumber,26,1.0140237324703347,2.1897377528245108e-16,2.502557431799441e-16,2.1752999214872067e-16
g10,p03,strawberry,26,1.0140237324703347,2.229551166512229e-16,3.1850730950174703e-16,2.2945180309987885e-16
g10,p03,zucchini,26,1.0140237324703347,2.1897377528245108e-16,2.502557431799441e-16,2.227436534649695e-16
g10,p03,eggplant,26,1.0140237324703347,2.502557431799441e-16,2.502557431799441e-16,2.3421370836071695e-16
g10,p04,cucumber,28,1.0149812619627523,0.0009442870632671077,0.0009442870632671078,0.0009442870632671148
g10,p04,strawberry,28,1.0149812619627523,0.0009442870632671077,0.0009442870632671078,-0.0007579991392214306
g10,p04,zucchini,28,1.0149812619627523,0.0009442870632671077,0.0009442870632671078,0.0009442870632671156
g10,p04,eggplant,28,1.0149812619627523,0.0009442870632671077,0.0009442870632671078,0.0009442870632671158
g10,p05,cucumber,26,1.0156926094370904,0.0007008478885240767,0.0007008478885240767,0.0007371920756341368
g10,p05,strawberry,26,1.0156926094370904,0.0007008478885240766,0.0007008478885241367,-0.0010973240356358263
g10,p05,zucchini,26,1.0156926094370904,0.0007008478885240767,0.0007008478885240767,0.0007371920756341368
g10,p05,eggplant,26,1.0156926094370904,0.0007008478885240767,0.0007008478885240767,0.0007371920756341368
g10,p06,cucumber,27,0.564210887634456,0.04772501490164911,0.08890125173852576,-0.00509960597505028
g10,p06,strawberry,27,0.564210887634456,0.01840519239684756,0.033747400490098695,0.008499837975492893
g10,p06,zucchini,27,0.564210887634456,0.031631233856546766,0.04834139126211446,0.011528689920746772
g10,p06,eggplant,27,0.564210887634456,0.031631233856546766,0.07417709782104778,-0.014072087187525291
g10,p06,radish,4,0.564210887634456,0.166759388038943,0.361182197496523,-0.166759388038943
g10,p07,cucumber,27,0.5639875055484168,0.0003959194885015473,0.00039591948850160977,-0.0021628128084334223
g10,p07,strawberry,27,0.5639875055484168,0.0003959194885014801,0.0003959194885015816,0.0009231745755201251
g10,p07,zucchini,27,0.5639875055484168,0.00039591948850151236,0.00039591948850160977,0.003243302084413941
g10,p07,eggplant,27,0.5639875055484168,0.00039591948850159107,0.00039591948850159855,-0.002162812808433413
g10,p07,radish,27,0.5639875055484168,0.00039591948850159107,0.00039591948850159107,-0.00656974781247666
g10,p08,cucumber,27,0.9485556463812451,0.018907118309866605,0.0752156655130764,-0.01506598143523846
g10,p08,strawberry,27,0.9485556463812451,0.014074148449324015,0.026124799869718277,-0.00037018958732364083
g10,p08,zucchini,27,0.9485556463812451,0.0349990839808,0.6818735114688,0.1228723122235798
g10,p08,eggplant,27,0.9485556463812451,0.03458930767287082,0.08261444828974546,-0.008796883296169343
g10,p08,radish,27,0.9485556463812451,0.12124900764586675,0.15906324426559998,0.0693228897239807
g10,p09,cucumber,27,0.9486793688380252,0.00013043247093837262,0.00013043247093837262,-0.0005699225072848408
g10,p09,strawberry,27,0.9486793688380252,0.00013043247093837262,0.0001304324709384373,-0.00017056522276757155
g10,p09,zucchini,27,0.9486793688380252,0.00013043247093837262,0.00013043247093837262,0.025388300986337167
g10,p09,eggplant,27,0.9486793688380252,0.00013043247093837262,0.00013043247093837262,-0.0029297610067050236
g10,p09,radish,27,0.9486793688380252,0.00013043247093837262,0.00013043247093837262,0.004621722191439588
g10,p10,cucumber,27,0.893941874533936,0.05769862411062385,0.06681977198904375,-0.013288090391803313
g10,p10,strawberry,27,0.893941874533936,0.012827130020653523,0.02736212120775463,0.0026723591718305494
g10,p10,zucchini,27,0.893941874533936,0.05769862411062385,0.0993516052042722,0.01732631669460472
g10,p10,eggplant,27,0.893941874533936,0.057698624110623896,0.07691585815928699,0.010430728701890006
g10,p10,radish,27,0.893941874533936,0.057698624110623896,0.057698624110623896,-0.057694072010741455
g10,p11,cucumber,27,0.8943710579489391,0.0004801021489532922,0.00048010214895332834,-0.0016579099008264054
g10,p11,strawberry,27,0.8943710579489391,0.00048010214895332834,0.0004801021489533953,-0.00013978787698591422
g10,p11,zucchini,27,0.8943710579489391,0.0004801021489533035,0.0004801021489533035,-0.0016579099008264349
g10,p11,eggplant,27,0.8943710579489391,0.0004801021489533035,0.04023982379832657,0.004823251046480518
g10,p11,radish,27,0.8943710579489391,0.0004801021489533035,0.0004801021489533035,-0.001657909900826379
g10,p12,cucumber,27,1.1452858810893811,0.039588319430976876,0.0902386650778259,-0.009742570089053803
g10,p12,strawberry,27,1.1452858810893811,0.010959663756866383,0.025189710245046515,-0.00036789797699516625
g10,p12,zucchini,27,1.1452858810893811,0.06712408952113687,0.09761334922174077,0.019280557622413104
g10,p12,eggplant,27,1.1452858810893811,0.06712408952113687,0.09761334922174077,0.020503892116573136
g10,p12,radish,27,1.1452858810893811,0.3597255462873179,0.3597255462873179,-0.06723172937106946
g10,p13,cucumber,27,1.1458230045079152,0.00046898632682275285,0.00046898632682288214,-0.0026925775224835072
g10,p13,strawberry,27,1.1458230045079152,0.0004689863268227395,0.00046898632682288214,-8.543574927683515e-05
g10,p13,zucchini,27,1.1458230045079152,0.00046898632682288214,0.00046898632682288214,0.0013745636437189365
g10,p13,eggplant,27,1.1458230045079152,0.00046898632682288214,0.00046898632682288214,0.0029562296527977272
g10,p13,radish,27,1.1458230045079152,0.00046898632682275285,0.00046898632682275285,-0.004952100392596002
g10,p14,cucumber,27,1.1065930846180578,0.034237329618552234,0.11292650586814465,0.008148663229724969
g10,p14,strawberry,27,1.1065930846180578,0.01659228461205023,0.034237329618552234,0.002340354513802432
g10,p14,zucchini,27,1.1065930846180578,0.034237329618552234,0.17823045786536643,0.006913781508337773
g10,p14,eggplant,27,1.1065930846180578,0.034237329618552234,0.15891520445773744,-0.005605364218829135
g10,p14,radish,27,1.1065930846180578,0.034237329618552234,0.034237329618552234,0.0015484333395519346
g10,p15,cucumber,26,1.1065930846180578,0.0,0.0,0.0
g10,p15,strawberry,26,1.1065930846180578,0.0,0.0,0.0
g10,p15,zucchini,26,1.1065930846180578,0.0,0.0,0.0
g10,p15,eggplant,26,1.1065930846180578,0.0,0.0,0.0
g10,p15,radish,26,1.1065930846180578,0.0,0.0,0.0
g10,p16,cucumber,28,1.1323056605945532,0.0232358003442341,0.034875215146299536,0.012069536650001381
g10,p16,strawberry,28,1.1323056605945532,0.0232358003442341,0.028733807410091454,-0.0008035101514222328
g10,p16,zucchini,28,1.1323056605945532,0.0232358003442341,0.12294074256208502,-0.0188769655883007
g10,p16,eggplant,28,1.1323056605945532,0.0232358003442341,0.023235800344234104,0.009836283911154844
g10,p16,radish,28,1.1323056605945532,0.0232358003442341,0.0232358003442341,0.023235800344234104
g10,p17,cucumber,27,1.1323062954729723,5.606952621227114e-07,5.606952621227114e-07,0.0008611463757227322
g10,p17,strawberry,27,1.1323062954729723,5.606952621035798e-07,5.606952622168392e-07,-0.0007865772540159031
g10,p17,zucchini,27,1.1323062954729723,5.606952621227114e-07,5.606952621227114e-07,0.0008611463757227621
g10,p17,eggplant,27,1.1323062954729723,5.606952621227114e-07,5.606952621227114e-07,0.0008611463757227621
g10,p17,radish,27,1.1323062954729723,5.606952621227114e-07,5.606952621227114e-07,0.0008611463757227621
g10,p18,cucumber,27,0.826070628239879,0.021365759564864726,0.04822179768021394,-0.005627934588236857
g10,p18,strawberry,27,0.826070628239879,0.00990053919732507,0.031052280372729165,-0.0035094018912648745
g10,p18,zucchini,27,0.826070628239879,0.027270705176319354,0.09432045667664085,0.036162587821219394
g10,p18,eggplant,27,0.826070628239879,0.027270705176319354,0.12454363465868729,-0.002502113959051785
g10,p18,radish,27,0.826070628239879,0.09432045667664085,0.2704530288822395,-0.00025042426157645197
g10,p19,cucumber,27,0.8258962384372044,0.00021110761805706908,0.00021110761805709664,-0.001220920511490625
g10,p19,strawberry,27,0.8258962384372044,0.00021110761805706908,0.00021110761805716522,6.548682218559247e-05
g10,p19,zucchini,27,0.8258962384372044,0.0002111076180570243,0.00021110761805706908,0.0005800497556561208
g10,p19,eggplant,27,0.8258962384372044,0.0002111076180569667,0.00021110761805704221,0.000580049755656154
g10,p19,radish,27,0.8258962384372044,0.00021110761805706908,0.00021110761805706908,0.003281505156376186
g11,p02,cucumber,27,1.0119189511323003,0.011918951132300274,0.0428605482717523,-0.0043217233920452465
g11,p02,strawberry,27,1.0119189511323003,0.011918951132300336,0.04533435794492195,0.0025845553494383304
g11,p02,blackberry,19,1.0119189511323003,0.011918951132300348,0.011918951132300348,0.011918951132300348
g11,p02,cauliflower,27,1.0119189511323003,0.011918951132300317,0.011918951132300393,0.006564882607790788
g11,p02,plum,27,1.0119189511323003,0.011918951132300274,0.011918951132300348,-0.013066701982077478
g11,p03,cucumber,26,1.0119189511323003,0.0,0.0,0.0
g11,p03,strawberry,26,1.0119189511323003,0.0,0.0,0.0
g11,p03,blackberry,1,1.0119189511323003,0.0,0.0,0.0
g11,p03,cauliflower,26,1.0119189511323003,0.0,0.0,0.0
g11,p03,plum,26,1.0119189511323003,0.0,0.0,0.0
g11,p04,cucumber,28,1.0129349340149632,0.0010040160642569534,0.0010040160642569745,0.0010040160642569161
g11,p04,strawberry,28,1.0129349340149632,0.0010040160642569046,0.0010040160642569745,-0.0006983717181653252
g11,p04,cauliflower,28,1.0129349340149632,0.0010040160642569046,0.0010040160642569745,0.001004016064256923
g11,p04,plum,28,1.0129349340149632,0.0010040160642568804,0.0010040160642569534,0.001004016064256894
g11,p05,cucumber,26,1.013669573696647,0.0007252585107041312,0.0007252585107042311,0.0007639025197600139
g11,p05,strawberry,26,1.013669573696647,0.0007252585107041004,0.0007252585107042033,-0.0010707678149399474
g11,p05,blackberry,17,1.013669573696647,0.0007252585107041093,0.0007252585107041093,0.0007252585107041093
g11,p05,cauliflower,26,1.013669573696647,0.0007252585107041679,0.0007252585107042311,0.0007639025197600298
g11,p05,plum,26,1.013669573696647,0.0007252585107041824,0.0007252585107041824,0.0007639025197600231
g11,p06,cucumber,27,0.5605129415312563,0.0444692183822617,0.08940914158305474,-0.009647810291932709
g11,p06,strawberry,27,0.5605129415312563,0.014298870631573826,0.03224080267558532,0.0038894635659514165
g11,p06,blackberry,27,0.5605129415312563,0.17056856187290967,0.6588628762541807,0.08884209367301156
g11,p06,cauliflower,27,0.5605129415312563,0.03232998885172801,0.05061315496098108,0.008078436741882742
g11,p06,plum,27,0.5605129415312563,0.07840951319212201,0.10590858416945372,-0.008436902156709005
g11,p07,cucumber,27,0.560413984868783,0.00017654661496835304,0.00017654661496842598,-0.0021050341026958566
g11,p07,strawberry,27,0.560413984868783,0.00017654661496830778,0.00017654661496845005,2.236049038249383e-05
g11,p07,blackberry,27,0.560413984868783,0.00017654661496835304,0.00017654661496839077,0.003745301028269527
g11,p07,cauliflower,27,0.560413984868783,0.00017654661496832474,0.00017654661496840587,2.2360490382486424e-05
g11,p07,plum,27,0.560413984868783,0.00017654661496832474,0.00017654661496839077,0.003745301028269541
g11,p08,cucumber,27,0.9428596430019555,0.018580061761687944,0.07530741124607199,-0.014729566890300241
g11,p08,strawberry,27,0.9428596430019555,0.013745480785144632,0.02936489624782327,-0.0010760186331812073
g11,p08,blackberry,27,0.9428596430019555,0.12162278655807086,0.15878291008144685,0.08630418879440871
g11,p08,cauliflower,27,0.9428596430019555,0.010332835389937404,0.053630773841627746,-0.00417241663982429
g11,p08,plum,27,0.9428596430019555,0.15878291008144685,0.20008910841780742,-0.001375477196552265
g11,p09,cucumber,27,0.943074036607523,0.0002273865544662784,0.00022738655446635742,-0.0004609203573083448
g11,p09,strawberry,27,0.943074036607523,0.0002273865544662906,0.00022738655446637493,-6.139121610497537e-05
g11,p09,blackberry,27,0.943074036607523,0.0002273865544662784,0.00022738655446634905,-0.005654799192951414
g11,p09,cauliflower,27,0.943074036607523,0.00022738655446631766,0.00022738655446635742,0.0005778554098203224
g11,p09,plum,27,0.943074036607523,0.00022738655446631766,0.00022738655446631766,0.004732958478334855
g11,p10,cucumber,27,0.8898376815923609,0.05644981512444856,0.0682336021626779,-0.011976795010427147
g11,p10,strawberry,27,0.8898376815923609,0.011518853939898415,0.028723659121046453,0.004004783126337237
g11,p10,blackberry,27,0.8898376815923609,0.05644981512444856,0.05644981512444856,-0.021495565661446465
g11,p10,cauliflower,27,0.8898376815923609,0.05644981512444855,0.061493957984995296,0.011178509582732797
g11,p10,plum,27,0.8898376815923609,0.05644981512444856,0.2108894039236245,0.010538545553464217
g11,p11,cucumber,27,0.8907111682241085,0.0009816246825875893,0.0009816246825876233,-0.0011111615269050895
g11,p11,strawberry,27,0.8907111682241085,0.0009816246825875628,0.0009816246825876855,0.0004097344425414123
g11,p11,blackberry,27,0.8907111682241085,0.0009816246825875893,0.0009816246825875893,-0.0011111615269051038
g11,p11,cauliflower,27,0.8907111682241085,0.0009816246825875893,0.0009816246825876233,-0.001111161526905099
g11,p11,plum,27,0.8907111682241085,0.0009816246825875893,0.0009816246825875893,-0.0011111615269050977
g11,p12,cucumber,27,1.1336729387596125,0.045420407420130135,0.09090518941944341,-0.015736552861385117
g11,p12,strawberry,27,1.1336729387596125,0.010065607694949769,0.03029696131913427,-0.0064201838426704285
g11,p12,blackberry,27,1.1336729387596125,0.27277279010649313,0.2732725441809309,0.0999733760865778
g11,p12,cauliflower,27,1.1336729387596125,0.045420407420130135,0.10003934002061192,-0.0018879025504515007
g11,p12,plum,27,1.1336729387596125,0.15148480659567123,0.27277279010649313,0.05910351634012132
g11,p13,cucumber,27,1.134117819340503,0.0003924240984152923,0.0003924240984153612,-0.002974695925834534
g11,p13,strawberry,27,1.134117819340503,0.00039242409841526996,0.00039242409841535,-0.0003835842920918981
g11,p13,blackberry,27,1.134117819340503,0.0003924240984152772,0.0003924240984153425,0.010499084569627256
g11,p13,cauliflower,27,1.134117819340503,0.0003924240984153612,0.0003924240984153612,-0.002974695925834495
g11,p13,plum,27,1.134117819340503,0.0003924240984152772,0.0003924240984153425,0.010499084569627259
g11,p14,cucumber,27,1.0981758077338235,0.03169160293026703,0.1158601528136923,0.010803372582349343
g11,p14,strawberry,27,1.0981758077338235,0.019271996915508384,0.031691602930267,0.004979633925855028
g11,p14,blackberry,27,1.0981758077338235,0.03169160293026703,0.03169160293026703,-0.01374589233454204
g11,p14,cauliflower,27,1.0981758077338235,0.03169160293026702,0.0708922137240358,-0.007768680006951101
g11,p14,plum,27,1.0981758077338235,0.03169160293026703,0.03169160293026703,-0.022711710825928468
g11,p15,cucumber,26,1.0981758077338235,0.0,0.0,0.0
g11,p15,strawberry,26,1.0981758077338235,0.0,0.0,0.0
g11,p15,blackberry,26,1.0981758077338235,0.0,0.0,0.0
g11,p15,cauliflower,26,1.0981758077338235,0.0,0.0,0.0
g11,p15,plum,26,1.0981758077338235,0.0,0.0,0.0
g11,p16,cucumber,28,1.132027101897876,0.03082502266545779,0.03810063463281961,0.019575940076846623
g11,p16,strawberry,28,1.132027101897876,0.030318383019572258,0.030825022665457835,0.006607415366914866
g11,p16,blackberry,28,1.132027101897876,0.03082502266545779,0.3127833182230282,-0.0734846522471183
g11,p16,cauliflower,28,1.132027101897876,0.03082502266545779,0.14097914777878526,-0.0010814661313301981
g11,p16,plum,28,1.132027101897876,0.03082502266545779,0.15128739800543983,0.0007592928377152706
g11,p17,cucumber,27,1.1325711453398284,0.00048059224115770124,0.0004805922411577797,0.0016228084238311886
g11,p17,strawberry,27,1.1325711453398284,0.0004805922411577183,0.0004805922411577573,-3.793300800994641e-05
g11,p17,blackberry,27,1.1325711453398284,0.00048059224115770124,0.00048059224115770124,-0.011109542553617506
g11,p17,cauliflower,27,1.1325711453398284,0.0004805922411577797,0.0004805922411577797,0.0016228084238311773
g11,p17,plum,27,1.1325711453398284,0.00048059224115770124,0.0004805922411577797,0.001622808423831167
g11,p18,cucumber,27,0.8260432043357578,0.021093015505939457,0.04847595917688289,-0.005875787863128978
g11,p18,strawberry,27,0.8260432043357578,0.010164933948323938,0.031097395931348394,-0.003757617649833526
g11,p18,blackberry,27,0.8260432043357578,0.09402823089922077,0.1646760769664073,0.024260764982173104
g11,p18,cauliflower,27,0.8260432043357578,0.02158374488669201,0.12477741528062342,0.005803799783179848
g11,p18,plum,27,0.8260432043357578,0.08830980758398262,0.1426517078280754,0.02606271635295248
g11,p19,cucumber,27,0.8259779825709677,7.895684444567192e-05,7.89568444458183e-05,-0.0010985230557254903
g11,p19,strawberry,27,0.8259779825709677,7.895684444567192e-05,7.895684444580746e-05,0.00018771074778111118
g11,p19,blackberry,27,0.8259779825709677,7.89568444457436e-05,7.89568444457436e-05,0.003403295256547617
g11,p19,cauliflower,27,0.8259779825709677,7.895684444571673e-05,7.895684444577431e-05,0.000702204269183735
g11,p19,plum,27,0.8259779825709677,7.89568444457436e-05,7.895684444577431e-05,-0.001098523055725524
g12,p02,cucumber,27,1.017037037037037,0.017037037037037035,0.044088888888889066,0.0007142203932326833
g12,p02,strawberry,27,1.017037037037037,0.017037037037037014,0.040505847953216476,0.007655429726579773
g12,p02,chayote,26,1.017037037037037,0.01703703703703696,0.01703703703703696,0.01703703703703696
g12,p02,coconut,27,1.017037037037037,0.017037037037037014,0.020631001371742137,-0.0037193180398690626
g12,p03,cucumber,26,1.017037037037037,0.0,0.0,0.0
g12,p03,strawberry,26,1.017037037037037,0.0,0.0,0.0
g12,p03,chayote,26,1.017037037037037,0.0,0.0,0.0
g12,p03,pecan nut,1,1.017037037037037,0.0,0.0,0.0
g12,p03,coconut,26,1.017037037037037,0.0,0.0,0.0
g12,p04,cucumber,28,1.0193579796135708,0.0022820629849385015,0.00228206298493859,0.0022820629849384963
g12,p04,strawberry,28,1.0193579796135708,0.002282062984938575,0.002282062984938651,0.000577501653331519
g12,p04,chayote,28,1.0193579796135708,0.002282062984938564,0.002282062984938564,0.0022820629849385635
g12,p04,pecan nut,1,1.0193579796135708,0.002282062984938564,0.002282062984938564,0.002282062984938564
g12,p04,coconut,28,1.0193579796135708,0.0022820629849385843,0.014878220820712657,-0.0003842728122945192
g12,p05,cucumber,26,1.0203094697652784,0.0009334210068854546,0.0009334210068854961,0.0010212745880572966
g12,p05,strawberry,26,1.0203094697652784,0.0009334210068854067,0.0009334210068855103,-0.0008161203095935992
g12,p05,chayote,26,1.0203094697652784,0.0009334210068854235,0.0009334210068854235,0.0010212745880572595
g12,p05,coconut,26,1.0203094697652784,0.0009334210068854546,0.0009334210068855362,0.0003781863738794902
g12,p06,cucumber,27,0.5676809243930068,0.04620379620379611,0.0887237762237763,-0.0035102950033504554
g12,p06,strawberry,27,0.5676809243930068,0.020032051282051336,0.03420995670995674,0.010110873479225657
g12,p06,chayote,27,0.5676809243930068,0.11276223776223787,0.44361888111888104,-0.11391155141155132
g12,p06,coconut,27,0.5676809243930068,0.012872208436724384,0.020032051282051336,0.00024499269254082756
g12,p07,cucumber,27,0.5676918932830824,1.932228053530696e-05,1.932228053534994e-05,-0.0016919624960020465
g12,p07,strawberry,27,0.5676918932830824,1.9322280535340183e-05,1.9322280535415782e-05,0.0004490355585749416
g12,p07,chayote,27,0.5676918932830824,1.9322280535334897e-05,1.9322280535334897e-05,0.004195782154084583
g12,p07,pecan nut,1,0.5676918932830824,1.9322280535334897e-05,1.9322280535334897e-05,1.9322280535334897e-05
g12,p07,coconut,27,0.5676918932830824,1.932228053534421e-05,1.9322280535435067e-05,-9.736498660355035e-05
g12,p08,cucumber,27,0.9615027355519953,0.01622314526080828,0.07616077703562879,-0.008121724712797712
g12,p08,strawberry,27,0.9615027355519953,0.01622314526080828,0.029373030680849732,0.005623403898278096
g12,p08,chayote,27,0.9615027355519953,0.15314737894932642,0.6937052421013471,-0.027686519303010648
g12,p08,coconut,27,0.9615027355519953,0.008157882203182934,0.024427807843267604,0.002115198548445621
g12,p09,cucumber,27,0.9615443589515054,4.328994392959006e-05,4.328994392959006e-05,-0.0004013691356475651
g12,p09,strawberry,27,0.9615443589515054,4.32899439294945e-05,4.32899439296118e-05,7.625268657698506e-07
g12,p09,chayote,27,0.9615443589515054,4.3289943929474594e-05,4.3289943929474594e-05,-0.00562908074832142
g12,p09,coconut,27,0.9615443589515054,4.328994392947921e-05,4.328994392964441e-05,0.00034544680902009187
g12,p10,cucumber,27,0.9051502025027865,0.05864956299074186,0.06574317332833865,-0.014287102114461438
g12,p10,strawberry,27,0.9051502025027865,0.013762009086893366,0.02632534188214358,0.0016572617013122445
g12,p10,chayote,27,0.9051502025027865,0.05864956299074186,0.05864956299074186,-0.05864805369416273
g12,p10,coconut,27,0.9051502025027865,0.013762009086893366,0.025926428751848616,0.00588093180101991
g12,p11,cucumber,27,0.9059420238323875,0.0008747955062171801,0.0008747955062172197,-0.0012993107665564539
g12,p11,strawberry,27,0.9059420238323875,0.0008747955062171626,0.0008747955062172579,0.00021787752030558733
g12,p11,chayote,27,0.9059420238323875,0.0008747955062171528,0.0008747955062171528,-0.0012993107665564673
g12,p11,pecan nut,2,0.9059420238323875,0.0008747955062171528,0.0008747955062171528,0.0008747955062171528
g12,p11,coconut,27,0.9059420238323875,0.00087479550621718,0.0008747955062172579,-5.304895949120188e-05
g12,p12,cucumber,27,1.1501630161241452,0.04781736645356617,0.09315939662244409,-0.018212158289328043
g12,p12,strawberry,27,1.1501630161241452,0.012551342988883484,0.03270335639727362,-0.008918890505627587
g12,p12,chayote,27,1.1501630161241452,0.26957684472857846,0.26957684472857846,0.26961797880704386
g12,p12,pecan nut,12,1.1501630161241452,0.26957684472857846,0.26957684472857846,0.26957684472857846
g12,p12,coconut,27,1.1501630161241452,0.01566147578286269,0.03657083526039384,0.0006261689453158434
g12,p13,cucumber,27,1.1501244938196467,3.349290836033988e-05,3.3492908360388905e-05,-0.003483725369223673
g12,p13,strawberry,27,1.1501244938196467,3.349290836036973e-05,3.349290836044413e-05,-0.0009002204386016814
g12,p13,chayote,27,1.1501244938196467,3.349290836036133e-05,3.349290836036133e-05,0.00995050027001082
g12,p13,pecan nut,23,1.1501244938196467,3.349290836036133e-05,3.349290836036133e-05,0.01168684690972755
g12,p13,coconut,27,1.1501244938196467,3.349290836038891e-05,3.3492908360449085e-05,0.0012431318001365746
g12,p14,cucumber,27,1.110686425855807,0.03429026003338399,0.1128655098662909,0.00807543758334495
g12,p14,strawberry,27,1.110686425855807,0.016536568385911686,0.0342902600333839,0.0022666658030538974
g12,p14,chayote,27,1.110686425855807,0.03429026003338393,0.03429026003338393,-0.034291457975155176
g12,p14,pecan nut,21,1.110686425855807,0.03429026003338393,0.03429026003338393,0.011695918060264456
g12,p14,coconut,27,1.110686425855807,0.011695918060264501,0.034290260033383896,-0.0032944879185889584
g12,p15,cucumber,26,1.1106864258558071,1.999165558847461e-16,2.665554078463281e-16,2.0880054125921913e-16
g12,p15,strawberry,26,1.1106864258558071,2.3270710208806425e-16,2.6122429968940155e-16,2.2070120887435714e-16
g12,p15,chayote,26,1.1106864258558071,1.999165558847461e-16,1.999165558847461e-16,1.9991655588474612e-16
g12,p15,pecan nut,10,1.1106864258558071,1.999165558847461e-16,1.999165558847461e-16,1.9991655588474614e-16
g12,p15,coconut,26,1.1106864258558071,2.369381403078472e-16,2.5097216861838893e-16,2.144570470996611e-16
g12,p16,cucumber,28,1.1342631858076384,0.021227197346600255,0.03402155887230529,0.010082852931111547
g12,p16,strawberry,28,1.1342631858076384,0.02122719734660034,0.03064039451863501,-0.0027649241911380873
g12,p16,chayote,28,1.1342631858076384,0.02122719734660023,0.02122719734660023,0.021227197346600248
g12,p16,pecan nut,5,1.1342631858076384,0.02122719734660023,0.02122719734660023,0.02122719734660023
g12,p16,coconut,28,1.1342631858076384,0.021227197346600203,0.021878950657341485,0.000194418017343293
g12,p17,cucumber,27,1.1347419712988223,0.00042211146158546925,0.0004221114615855476,0.0012086358167668718
g12,p17,strawberry,27,1.1347419712988223,0.0004221114615854337,0.0004221114615855204,-0.000436546581061628
g12,p17,chayote,27,1.1347419712988223,0.00042211146158546925,0.00042211146158546925,0.0012086358167668605
g12,p17,pecan nut,2,1.1347419712988223,0.00042211146158546925,0.00042211146158546925,0.00042211146158546925
g12,p17,coconut,27,1.1347419712988223,0.0004221114615854994,0.0004221114615855708,-0.0002467178428506256
g12,p18,cucumber,27,0.8345694753950132,0.01937239595269106,0.05067243290783111,0.0024617668081076127
g12,p18,strawberry,27,0.8345694753950132,0.011272216673787293,0.030705546846919597,0.004597681423048083
g12,p18,chayote,27,0.8345694753950132,0.26452929696451827,0.34709414060709676,-0.18279883178970877
g12,p18,pecan nut,9,0.8345694753950132,0.26452929696451827,0.3058117187858074,-0.18281032996057586
g12,p18,coconut,27,0.8345694753950132,0.009943284375313104,0.02326358683197461,0.004542526344367345
g12,p19,cucumber,27,0.8345824979158366,1.5603878655152522e-05,1.5603878655224736e-05,-0.0007019034634636227
g12,p19,strawberry,27,0.8345824979158366,1.5603878655152522e-05,1.5603878655249067e-05,0.0005952432371203186
g12,p19,chayote,27,0.8345824979158366,1.5603878655152522e-05,1.5603878655152522e-05,-0.009781930367551095
g12,p19,pecan nut,24,0.8345824979158366,1.5603878655152522e-05,1.5603878655152522e-05,-0.01100662214832688
g12,p19,coconut,27,0.8345824979158366,1.5603878655143655e-05,1.5603878655227234e-05,0.0003069884147683141
g13,p02,cucumber,27,1.0171821305841924,0.01718213058419238,0.10197349042709883,-0.0045249307563168415
g13,p02,strawberry,27,1.0171821305841924,0.01718213058419238,0.052260111022997706,-5.625178953695172e-05
g13,p02,walnut,27,1.0171821305841924,0.01718213058419238,0.01718213058419238,0.01718213058419238
g13,p02,basil,27,1.0171821305841924,0.01718213058419238,0.08481099656357423,-0.007305587374315957
g13,p02,coriander,27,1.0171821305841924,0.01718213058419238,0.01718213058419238,0.007763777523227634
g13,p03,cucumber,26,1.0171821305841924,0.0,0.0,0.0
g13,p03,strawberry,26,1.0171821305841924,0.0,0.0,0.0
g13,p03,walnut,26,1.0171821305841924,0.0,0.0,0.0
g13,p03,basil,26,1.0171821305841924,0.0,0.0,0.0
g13,p03,coriander,26,1.0171821305841924,0.0,0.0,0.0
g13,p04,cucumber,28,1.0181696860507787,0.0009708737864075305,0.0009708737864075905,0.0009708737864075372
g13,p04,strawberry,28,1.0181696860507787,0.0009708737864075305,0.0009708737864076178,-0.0007314576315965532
g13,p04,walnut,28,1.0181696860507787,0.0009708737864075305,0.0009708737864076178,0.0009708737864075437
g13,p04,basil,28,1.0181696860507787,0.0009708737864075305,0.0009708737864076178,0.0009708737864075552
g13,p04,coriander,28,1.0181696860507787,0.0009708737864075305,0.0009708737864075567,0.0009708737864075397
g13,p05,cucumber,26,1.0189055262518218,0.0007227088088796389,0.0007227088088797012,0.0007600770952428868
g13,p05,strawberry,26,1.0189055262518218,0.0007227088088796159,0.0007227088088796985,-0.0010745278209738228
g13,p05,walnut,26,1.0189055262518218,0.0007227088088796389,0.0007227088088796389,0.0007600770952429155
g13,p05,basil,26,1.0189055262518218,0.0007227088088795516,0.0007227088088796389,0.0007600770952428519
g13,p05,coriander,26,1.0189055262518218,0.0007227088088796389,0.0007227088088796389,0.000760077095242882
g13,p06,cucumber,27,0.5655283600039386,0.048399687743950086,0.08899297423887591,-0.005920990132543629
g13,p06,strawberry,27,0.5655283600039386,0.01756440281030451,0.03289394446303108,0.0076672261937280285
g13,p06,walnut,27,0.5655283600039386,0.0749414519906323,0.11081967213114757,0.0072859744990892055
g13,p06,basil,27,0.5655283600039386,0.0749414519906323,0.13414519906323202,-0.022864081880475364
g13,p06,coriander,27,0.5655283600039386,0.1100702576112412,0.11194379391100705,0.020647931303668973
g13,p07,cucumber,27,0.5656920377874938,0.0002894245366475591,0.0002894245366475591,-0.0015078068743014164
g13,p07,strawberry,27,0.5656920377874938,0.0002894245366475899,0.00028942453664768645,0.0006285885834786939
g13,p07,walnut,27,0.5656920377874938,0.0002894245366475591,0.0002894245366475591,-0.0007734209356894997
g13,p07,basil,27,0.5656920377874938,0.0002894245366475591,0.0002894245366475591,0.004367280634593819
g13,p07,coriander,27,0.5656920377874938,0.0002894245366475591,0.0002894245366475591,-0.0038578418778594894
g13,p08,cucumber,27,0.9542839558763394,0.015956379543421988,0.0760434052189881,-0.012078387570346327
g13,p08,strawberry,27,0.9542839558763394,0.012452096163340143,0.02679327769889956,0.0016119261120999843
g13,p08,walnut,27,0.9542839558763394,0.05463760017014589,0.12462128052180341,-0.0002982905272956834
g13,p08,basil,27,0.9542839558763394,0.054332450489190574,0.13758167995235251,0.005997691477082101
g13,p08,coriander,27,0.9542839558763394,0.054332450489190574,0.12462128052180341,0.020673279220266863
g13,p09,cucumber,27,0.9548687554181511,0.0006128150203202409,0.000612815020320365,2.1475840598915274e-05
g13,p09,strawberry,27,0.9548687554181511,0.0006128150203202886,0.0006128150203203884,0.00042222743081785384
g13,p09,walnut,27,0.9548687554181511,0.0006128150203202797,0.000612815020320303,-0.0017151143836829617
g13,p09,basil,27,0.9548687554181511,0.0006128150203202797,0.0006128150203202797,-0.0007227771126647471
g13,p09,coriander,27,0.9548687554181511,0.0006128150203202797,0.000612815020320303,-0.0017151143836829877
g13,p10,cucumber,27,0.903804951162126,0.05347730142627139,0.07159891231382852,-0.008849698858931073
g13,p10,strawberry,27,0.903804951162126,0.008404791970379504,0.03196449910750618,0.007182133449762344
g13,p10,walnut,27,0.903804951162126,0.05347730142627137,0.18315337321716077,-0.002624043787061504
g13,p10,basil,27,0.903804951162126,0.05347730142627139,0.13582723828847434,0.008560615966807938
g13,p10,coriander,27,0.903804951162126,0.05347730142627137,0.1168967843169998,-0.011388142847929375
g13,p11,cucumber,27,0.9046866656493834,0.0009755583725489192,0.0009755583725489527,-0.0010070146517258667
g13,p11,strawberry,27,0.9046866656493834,0.0009755583725489329,0.0009755583725489952,0.0005186634267236315
g13,p11,walnut,27,0.9046866656493834,0.0009755583725489192,0.0009755583725489192,-0.0010070146517258919
g13,p11,basil,27,0.9046866656493834,0.0009755583725488782,0.0009755583725489016,-0.0010070146517259064
g13,p11,coriander,27,0.9046866656493834,0.0009755583725488782,0.0009755583725488782,-0.001007014651725913
g13,p12,cucumber,27,1.1610936938419907,0.037434391987618276,0.08999250194144208,-0.007502438150135439
g13,p12,strawberry,27,1.1610936938419907,0.013226955802507087,0.026736648546540582,0.0018918884138961903
g13,p12,walnut,27,1.1610936938419907,0.026736648546540582,0.107716960191697,0.002098964210124141
g13,p12,basil,27,1.1610936938419907,0.06951734223597981,0.14438612621121621,0.014891766099392835
g13,p12,coriander,27,1.1610936938419907,0.026736648546540582,0.14438612621121621,-0.005707891420111695
g13,p13,cucumber,27,1.1620138416542665,0.0007924836877126484,0.0007924836877127157,-0.00229406595309912
g13,p13,strawberry,27,1.1620138416542665,0.0007924836877126484,0.0007924836877127048,0.0003197677887407469
g13,p13,walnut,27,1.1620138416542665,0.0007924836877126337,0.0007924836877126591,0.001783514684171072
g13,p13,basil,27,1.1620138416542665,0.0007924836877125188,0.0007924836877126974,-0.0045593885293604055
g13,p13,coriander,27,1.1620138416542665,0.0007924836877125188,0.0007924836877126337,0.001783514684170986
g13,p14,cucumber,27,1.1174720286627295,0.03833156834700548,0.10820838314297465,0.0038862561235673172
g13,p14,strawberry,27,1.1174720286627295,0.01228255963473098,0.0383315683470055,-0.0018969279801497932
g13,p14,walnut,27,1.1174720286627295,0.03833156834700548,0.2020855395662431,0.012154569358679024
g13,p14,basil,27,1.1174720286627295,0.03833156834700548,0.15400211798359353,0.0151226818020525
g13,p14,coriander,27,1.1174720286627295,0.03833156834700548,0.10383315683470087,-0.011590330188308491
g13,p15,cucumber,26,1.1174720286627293,1.987026066243022e-16,2.6493680883240294e-16,-2.2111914897104599e-16
g13,p15,strawberry,26,1.1174720286627293,2.1032708935191311e-16,2.5433933647910683e-16,-1.980234404048473e-16
g13,p15,walnut,26,1.1174720286627293,1.5896208529944178e-16,1.987026066243022e-16,-1.7220892574106191e-16
g13,p15,basil,26,1.1174720286627293,2.4601275105865984e-16,2.6493680883240294e-16,-2.206836275768807e-16
g13,p15,coriander,26,1.1174720286627293,1.5896208529944178e-16,2.6493680883240294e-16,-1.793418398250112e-16
g13,p16,cucumber,28,1.1405412282635288,0.020644095788604388,0.03377374071015704,0.009506114584562079
g13,p16,strawberry,28,1.1405412282635288,0.020644095788604523,0.0311938806553958,-0.0033343266981444735
g13,p16,walnut,28,1.1405412282635288,0.020644095788604388,0.051999528134953454,0.003286203003083898
g13,p16,basil,28,1.1405412282635288,0.020644095788604388,0.1324525185796863,-0.0027890594718482735
g13,p16,coriander,28,1.1405412282635288,0.020644095788604388,0.020644095788604388,0.013353780818685778
g13,p17,cucumber,27,1.1405626051280235,1.874273718918269e-05,1.874273718924758e-05,0.0007833532081323632
g13,p17,strawberry,27,1.1405626051280235,1.8742737189200388e-05,1.8742737189283387e-05,-0.0008602268650602907
g13,p17,walnut,27,1.1405626051280235,1.8742737189143752e-05,1.8742737189208645e-05,0.0007833532081323591
g13,p17,basil,27,1.1405626051280235,1.874273718918269e-05,1.874273718924758e-05,0.0007833532081323878
g13,p17,coriander,27,1.1405626051280235,1.8742737189143752e-05,1.874273718924758e-05,0.0007833532081323582
g13,p18,cucumber,27,0.8335720419142045,0.023180010841136786,0.046531154732655,-0.0038609610697949407
g13,p18,strawberry,27,0.8335720419142045,0.009259194367107695,0.03067156867681788,-0.0017386575106458652
g13,p18,walnut,27,0.8335720419142045,0.02554284681796503,0.12298856213616852,0.008583249010494776
g13,p18,basil,27,0.8335720419142045,0.08644641889184211,0.09626429732978932,0.01551134857977163
g13,p18,coriander,27,0.8335720419142045,0.09626429732978932,0.12298856213616852,0.004232943129043122
g13,p19,cucumber,27,0.833548962663169,2.7687170244482466e-05,2.7687170244523266e-05,-0.0009736923409413863
g13,p19,strawberry,27,0.833548962663169,2.7687170244448643e-05,2.768717024450399e-05,0.0003152364596154318
g13,p19,walnut,27,0.833548962663169,2.7687170244448643e-05,2.7687170244467667e-05,-0.0009736923409413635
g13,p19,basil,27,0.833548962663169,2.7687170244467667e-05,2.7687170244482466e-05,0.000830807979838145
g13,p19,coriander,27,0.833548962663169,2.7687170244448643e-05,2.7687170244467667e-05,0.0008308079798381496
g14,p02,cucumber,27,1.0216535433070866,0.021653543307086576,0.09802587176602935,-0.00014893971586886953
g14,p02,strawberry,27,1.0216535433070866,0.02165354330708661,0.056935190793458545,0.0008994721165773453
g14,p02,parsley,27,1.0216535433070866,0.021653543307086576,0.021653543307086576,0.009040536599591678
g14,p02,mint,14,1.0216535433070866,0.021653543307086576,0.021653543307086576,0.021653543307086576
g14,p02,onion,27,1.0216535433070866,0.021653543307086576,0.05132170978627672,-0.002366611224879001
g14,p03,cucumber,26,1.0216535433070866,0.0,0.0,0.0
g14,p03,strawberry,26,1.0216535433070866,0.0,0.0,0.0
g14,p03,parsley,26,1.0216535433070866,0.0,0.0,0.0
g14,p03,onion,26,1.0216535433070866,0.0,0.0,0.0
g14,p04,cucumber,28,1.025131512816217,0.0034042553191489145,0.0034042553191489765,0.0034042553191488897
g14,p04,strawberry,28,1.025131512816217,0.0034042553191489145,0.0034042553191490107,0.0016977854971775618
g14,p04,parsley,28,1.025131512816217,0.0034042553191489145,0.0034042553191489145,0.003404255319148914
g14,p04,onion,28,1.025131512816217,0.0034042553191489765,0.015696048632218955,-0.0032509769865392787
g14,p05,cucumber,26,1.0257204361005872,0.000574485592343392,0.0005744855923434161,0.0007054937082965531
g14,p05,strawberry,26,1.0257204361005872,0.000574485592343399,0.0005744855923434816,-0.0011332987763318706
g14,p05,parsley,26,1.0257204361005872,0.000574485592343392,0.000574485592343392,0.0007054937082965455
g14,p05,mint,1,1.0257204361005872,0.000574485592343392,0.000574485592343392,0.000574485592343392
g14,p05,onion,26,1.0257204361005872,0.0005744855923433848,0.0005744855923434754,0.0007054937082965749
g14,p06,cucumber,27,0.5685763519667272,0.04704704704704722,0.089136195018548,-0.00720354652816521
g14,p06,strawberry,27,0.5685763519667272,0.0162515456633104,0.03185656244479768,0.006367138340766111
g14,p06,parsley,27,0.5685763519667272,0.10863804981452041,0.16852146263910964,0.019673268039281135
g14,p06,onion,27,0.5685763519667272,0.0162515456633104,0.02964645317586495,-0.002006727333524692
g14,p07,cucumber,27,0.5685279322083862,8.515964157414756e-05,8.515964157420764e-05,-0.001927181075095855
g14,p07,strawberry,27,0.5685279322083862,8.515964157412524e-05,8.51596415742155e-05,0.00020565901840212048
g14,p07,parsley,27,0.5685279322083862,8.515964157414756e-05,8.515964157414757e-05,0.014202422131982431
g14,p07,onion,27,0.5685279322083862,8.515964157414756e-05,8.515964157420764e-05,-0.001194017292955949
g14,p08,cucumber,27,0.9595194703392125,0.015493066704681018,0.07617337349582974,-0.011627084802969598
g14,p08,strawberry,27,0.9595194703392125,0.01263570281804253,0.026711727555663884,0.0020694617679435385
g14,p08,parsley,27,0.9595194703392125,0.156136914318298,0.2657946285225531,0.03138555423771302
g14,p08,onion,27,0.9595194703392125,0.015493066704681018,0.027311582569028527,0.001025347131336927
g14,p09,cucumber,27,0.959195018293736,0.0003381401373353782,0.000338140137335446,-0.0009117633920382684
g14,p09,strawberry,27,0.959195018293736,0.00033814013733539475,0.000338140137335465,-0.0005112041604608615
g14,p09,parsley,27,0.959195018293736,0.00033814013733539475,0.00033814013733551043,0.009502776628974249
g14,p09,onion,27,0.959195018293736,0.00033814013733539475,0.000338140137335484,0.00012969061006297568
g14,p10,cucumber,27,0.9031653149327501,0.05841325516958411,0.0660107075401494,-0.014053909920113449
g14,p10,strawberry,27,0.9031653149327501,0.013575791130040366,0.02658298100972467,0.0018945483679853761
g14,p10,parsley,27,0.9031653149327501,0.05841325516958411,0.41238011724562385,0.07525309066331644
g14,p10,onion,27,0.9031653149327501,0.00885605807324647,0.032355912683948995,-0.0028930407637879022
g14,p11,cucumber,27,0.9038265260778844,0.0007321042274342902,0.0007321042274342902,-0.0014329335414780043
g14,p11,strawberry,27,0.9038265260778844,0.0007321042274343303,0.0007321042274343688,8.441925154424367e-05
g14,p11,parsley,27,0.9038265260778844,0.0007321042274342902,0.0007321042274342902,-0.0014329335414780028
g14,p11,mint,15,0.9038265260778844,0.0007321042274342902,0.0007321042274342902,0.0007321042274342904
g14,p11,onion,27,0.9038265260778844,0.0007321042274342902,0.0007321042274343788,0.0003120221704975632
g14,p12,cucumber,27,1.1487116082884363,0.04679307216738252,0.09218387825465017,-0.01716151223148513
g14,p12,strawberry,27,1.1487116082884363,0.01148911187728567,0.03166280347162673,-0.007857856579805669
g14,p12,parsley,27,1.1487116082884363,0.2709425704434899,0.27131475541494904,0.16114248889017524
g14,p12,mint,27,1.1487116082884363,0.2709425704434899,0.36452871477825505,0.03561729674760836
g14,p12,onion,27,1.1487116082884363,0.010765418877226205,0.017215639312160157,-0.0011328099124776286
g14,p13,cucumber,27,1.1487088115300452,2.4346915021311606e-06,2.434691502131161e-06,-0.0034166440920704697
g14,p13,strawberry,27,1.1487088115300452,2.4346915021311606e-06,2.4346915021311606e-06,-0.0008302796718620441
g14,p13,parsley,27,1.1487088115300452,2.4346915021311606e-06,2.4346915021311606e-06,0.01003245089301328
g14,p13,mint,27,1.1487088115300452,2.4346915021311606e-06,2.4346915021311606e-06,0.01003245089301328
g14,p13,onion,27,1.1487088115300452,2.4346915021311606e-06,2.4346915021311606e-06,0.0006180844034546529
g14,p14,cucumber,27,1.1051024037908432,0.037961237261791056,0.10863514563165048,0.004244521178232533
g14,p14,strawberry,27,1.1051024037908432,0.01267238182969373,0.03796123726179096,-0.0015421214540867494
g14,p14,parsley,27,1.1051024037908432,0.03796123726179099,0.03796123726179099,-0.03796132401244285
g14,p14,mint,27,1.1051024037908432,0.03796123726179099,0.03796123726179099,0.03330071981010595
g14,p14,onion,27,1.1051024037908432,0.015485360668109504,0.03796123726179092,0.006076736760721319
g14,p15,cucumber,26,1.132122022465436,0.02444987775061131,0.06945802770986143,-0.0037208100448649192
g14,p15,strawberry,26,1.132122022465436,0.03786688900656866,0.06385179612563474,-0.011039233489847143
g14,p15,parsley,26,1.132122022465436,0.02444987775061129,0.31703341483292585,-0.02808601341608674
g14,p15,mint,26,1.132122022465436,0.02444987775061129,0.02444987775061141,0.10325371450065833
g14,p15,onion,26,1.132122022465436,0.02444987775061128,0.026772616136919253,0.011845787712163883
g14,p16,cucumber,28,1.149661543450299,0.015492606483059952,0.048964426814912795,0.004793863574836325
g14,p16,strawberry,28,1.149661543450299,0.015492606483060105,0.03710400295484704,-0.0008195431853332869
g14,p16,parsley,28,1.149661543450299,0.015492606483059989,0.015492606483059989,0.01637934470038715
g14,p16,mint,28,1.149661543450299,0.015492606483059989,0.015492606483059989,0.007312446428216972
g14,p16,onion,28,1.149661543450299,0.015492606483060006,0.03528202384109313,-0.0022453742846314717
g14,p17,cucumber,27,1.1503388285862357,0.0005891169795103771,0.0005891169795104875,0.006457377567148929
g14,p17,strawberry,27,1.1503388285862357,0.0005891169795104473,0.0719403586957239,0.00024867230531322194
g14,p17,parsley,27,1.1503388285862357,0.0005891169795103771,0.0005891169795103771,-0.01118969680638743
g14,p17,mint,27,1.1503388285862357,0.0005891169795103771,0.006789810355748823,0.004251493270456865
g14,p17,onion,27,1.1503388285862357,0.0005891169795104178,0.02729170690438129,0.002532821679295093
g14,p18,cucumber,27,0.8194056582304508,0.020564418005814183,0.057536642619027537,-0.0010359444705373673
g14,p18,strawberry,27,0.8194056582304508,0.017595409864089175,0.026711237805600713,-0.001559542919541867
g14,p18,parsley,27,0.8194056582304508,0.06847518035729368,0.28768321309513756,-0.02383886769070947
g14,p18,mint,27,0.8194056582304508,0.10960401636892185,0.18719464484143755,0.002543235527989201
g14,p18,onion,27,0.8194056582304508,0.012239644549015119,0.03415446244278664,0.006063081770447854
g14,p19,cucumber,27,0.8508612533683411,0.038388305989758856,0.03838830598975886,0.01041368586898855
g14,p19,strawberry,27,0.8508612533683411,0.02269335906846228,0.06754271737844345,-0.006260836277215375
g14,p19,parsley,27,0.8508612533683411,0.038388305989758856,0.038388305989758856,0.02684126326466301
g14,p19,mint,27,0.8508612533683411,0.038388305989758856,0.09882729158745933,0.011967670510477035
g14,p19,onion,27,0.8508612533683411,0.005938671427578946,0.03838830598975893,0.0007730783709491133
g15,p02,cucumber,27,1.0216934919524143,0.021693491952414323,0.09799060281915434,-0.00010984359013280826
g15,p02,strawberry,27,1.0216934919524143,0.021693491952414354,0.056898315120848315,0.0009386092372600373
g15,p02,garlic,27,1.0216934919524143,0.021693491952414386,0.0512846146156153,0.0016731172980789823
g15,p02,spinach,27,1.0216934919524143,0.021693491952414323,0.0918280071534095,-0.007422670318246062
g15,p02,broccoli,19,1.0216934919524143,0.021693491952414323,0.056898315120848315,0.005354668902972883
g15,p03,cucumber,26,1.0216934919524143,0.0,0.0,0.0
g15,p03,strawberry,26,1.0216934919524143,0.0,0.0,0.0
g15,p03,garlic,26,1.0216934919524143,0.0,0.0,0.0
g15,p03,spinach,26,1.0216934919524143,0.0,0.0,0.0
g15,p04,cucumber,28,1.0231324968706572,0.00140845070422544,0.0014084507042254784,0.0014084507042254374
g15,p04,strawberry,28,1.0231324968706572,0.0014084507042254303,0.0014084507042254784,-0.0002946248922103406
g15,p04,garlic,28,1.0231324968706572,0.0014084507042254188,0.0014084507042254517,-0.0005784708249496288
g15,p04,spinach,28,1.0231324968706572,0.0014084507042254495,0.0014084507042254582,0.0014084507042254348
g15,p05,cucumber,26,1.0236829773695515,0.0005380344193718538,0.0005380344193718779,0.0005922347462634732
g15,p05,strawberry,26,1.0236829773695515,0.0005380344193718725,0.0005380344193719319,-0.0012428334642100793
g15,p05,garlic,26,1.0236829773695515,0.0005380344193718538,0.0005380344193719054,0.0005922347462634898
g15,p05,spinach,26,1.0236829773695515,0.0005380344193718779,0.0005380344193718972,0.00059223474626349
g15,p06,cucumber,27,0.5687589269557288,0.047541743970315575,0.0888798701298702,-0.004908131532635638
g15,p06,strawberry,27,0.5687589269557288,0.01860119047619041,0.033881416202844745,0.008693929711018669
g15,p06,garlic,27,0.5687589269557288,0.012265512265512382,0.02015078758776262,-0.0011841135080171716
g15,p06,spinach,27,0.5687589269557288,0.04032615112160575,0.055543831168831194,-0.0019114327937858392
g15,p07,cucumber,27,0.5807970175154936,0.021165541302707088,0.06000402736494402,-0.0026849377854393747
g15,p07,strawberry,27,0.5807970175154936,0.009778869039799186,0.03700017837706776,-0.0030014851512921836
g15,p07,garlic,27,0.5807970175154936,0.021165541302706956,0.021165541302707053,0.0069120779186303645
g15,p07,spinach,27,0.5807970175154936,0.021165541302706998,0.03890301995039342,-0.0013496223671084712
g15,p07,broccoli,1,0.5807970175154936,0.08095101282756376,0.08095101282756376,-0.08095101282756376
g15,p08,cucumber,27,0.9635760005428146,0.0322161041371957,0.0950592142581569,-0.004763621192047639
g15,p08,strawberry,27,0.9635760005428146,0.016503782050862736,0.036911316995861754,-0.0028381533260271857
g15,p08,garlic,27,0.9635760005428146,0.014934248853931265,0.040422198000732816,0.0021624319725742206
g15,p08,spinach,27,0.9635760005428146,0.027035971119710733,0.06677981470372439,-0.0012035668909167385
g15,p08,broccoli,27,0.9635760005428146,0.013868843284842634,0.042826074055364156,0.002609812482629689
g15,p09,cucumber,27,0.9634135264345327,0.00016861576895886628,0.00016861576895888785,-0.001361603620589367
g15,p09,strawberry,27,0.9634135264345327,0.00016861576895886628,0.00016861576895890723,-1.4317750028216853e-05
g15,p09,garlic,27,0.9634135264345327,0.0001686157689588663,0.00016861576895899796,0.00034495848212139394
g15,p09,spinach,27,0.9634135264345327,0.00016861576895884432,0.00016861576895891417,0.000832547654324513
g15,p09,broccoli,27,0.9634135264345327,0.00016861576895886628,0.00016861576895888273,-0.00033766635896287985
g15,p10,cucumber,27,0.9069077038943297,0.05865168070592038,0.06574077577222584,-0.014297235387348535
g15,p10,strawberry,27,0.9069077038943297,0.013759728470547234,0.02632303300261358,0.0016471436284852547
g15,p10,garlic,27,0.9069077038943297,0.01382557026334514,0.0327935845969331,0.0026254591436193856
g15,p10,spinach,27,0.9069077038943297,0.035483151223487594,0.05865168070592037,0.002848794443279067
g15,p10,broccoli,27,0.9069077038943297,0.013759728470547234,0.0586516807059204,0.0008603879421279198
g15,p11,cucumber,27,0.9072229113893008,0.0003475629257724061,0.0003475629257724061,-0.001825476550363445
g15,p11,strawberry,27,0.9072229113893008,0.0003475629257724061,0.0003475629257724061,-0.00030909088680449966
g15,p11,garlic,27,0.9072229113893008,0.0003475629257724061,0.0003475629257724061,-0.00024016426573363902
g15,p11,spinach,27,0.9072229113893008,0.0003475629257724061,0.0003475629257724061,0.0010809293047911942
g15,p11,broccoli,27,0.9072229113893008,0.0003475629257724061,0.0003475629257724061,0.0008573596236254538
g15,p12,cucumber,27,1.1555057302797656,0.04474491678931743,0.09082799049020776,-0.01506452935091638
g15,p12,strawberry,27,1.1555057302797656,0.009365098892625491,0.03017687409587869,-0.005739827519455559
g15,p12,garlic,27,1.1555057302797656,0.00936509889262542,0.02340859553214193,0.00326414126768855
g15,p12,spinach,27,1.1555057302797656,0.01893875542472809,0.0431558393627192,0.011392605391580345
g15,p12,broccoli,27,1.1555057302797656,0.0055316665375605345,0.03881377080267067,0.004311447111065254
g15,p13,cucumber,27,1.1555917784060015,7.44679355376994e-05,7.44679355377848e-05,-0.0032677533077664902
g15,p13,strawberry,27,1.1555917784060015,7.44679355376994e-05,7.446793553777312e-05,-0.0006756322411957615
g15,p13,garlic,27,1.1555917784060015,7.446793553765417e-05,7.44679355377848e-05,0.0003828171943206045
g15,p13,spinach,27,1.1555917784060015,7.446793553776927e-05,7.44679355377848e-05,0.002348509003136807
g15,p13,broccoli,27,1.1555917784060015,7.44679355376994e-05,7.446793553775064e-05,0.00010200407877543846
g15,p14,cucumber,27,1.1102243048686444,0.039259082995498726,0.10713953292899692,0.002892473869991963
g15,p14,strawberry,27,1.1102243048686444,0.011306228425791058,0.03925908299549859,-0.002886243272888265
g15,p14,garlic,27,1.1102243048686444,0.01725508859300147,0.03925908299549863,-0.003334917172850061
g15,p14,spinach,27,1.1102243048686444,0.03925908299549864,0.0808335316300641,0.006378294455458432
g15,p14,broccoli,27,1.1102243048686444,0.03925908299549863,0.040802660088209736,0.00652612075125673
g15,p15,cucumber,26,1.1102243048686444,0.0,0.0,0.0
g15,p15,strawberry,26,1.1102243048686444,0.0,0.0,0.0
g15,p15,garlic,26,1.1102243048686444,0.0,0.0,0.0
g15,p15,spinach,26,1.1102243048686444,0.0,0.0,0.0
g15,p15,broccoli,26,1.1102243048686444,0.0,0.0,0.0
g15,p16,cucumber,28,1.1362451870140031,0.023437499999999868,0.0349609375,0.012269035218253826
g15,p16,strawberry,28,1.1362451870140031,0.02343749999999988,0.028542351973684443,-0.0006065491107930964
g15,p16,garlic,28,1.1362451870140031,0.023437499999999882,0.027734375000000255,-0.0023685957100102978
g15,p16,spinach,28,1.1362451870140031,0.023437499999999833,0.07890625000000016,-0.0013071765164400695
g15,p16,broccoli,28,1.1362451870140031,0.023437499999999903,0.04966517857142868,0.0014452656062423758
g15,p17,cucumber,27,1.136773472742224,0.00046493990404415235,0.0004649399040442392,0.001333399053266421
g15,p17,strawberry,27,1.136773472742224,0.00046493990404416927,0.0004649399040442392,-0.0003154146938077327
g15,p17,garlic,27,1.136773472742224,0.00046493990404413495,0.00046493990404422554,-0.0001835095940418117
g15,p17,spinach,27,1.136773472742224,0.00046493990404415235,0.00046493990404417404,-0.0018268272952923757
g15,p17,broccoli,27,1.136773472742224,0.00046493990404421914,0.00046493990404429135,0.0013333990532664686
g15,p18,cucumber,27,0.8312767160291563,0.023763687617929168,0.04653901048758298,-0.003276230821297476
g15,p18,strawberry,27,0.8312767160291563,0.009834929963263569,0.030118611730382914,-0.0011525271714646348
g15,p18,garlic,27,0.8312767160291563,0.012799301225568247,0.023763687617929168,0.0020632522427168
g15,p18,spinach,27,0.8312767160291563,0.024986964173400735,0.059218707102532894,0.0018966169328522005
g15,p18,broccoli,27,0.8312767160291563,0.02376368761792922,0.04410505855739544,0.0033183839671014227
g15,p19,cucumber,27,0.8312166088725198,7.230703744917811e-05,7.230703744920552e-05,-0.0009976832389323566
g15,p19,strawberry,27,0.8312166088725198,7.230703744912999e-05,7.230703744918961e-05,0.0002919232895365905
g15,p19,garlic,27,0.8312166088725198,7.23070374491336e-05,7.230703744918961e-05,0.00013072247347797474
g15,p19,spinach,27,0.8312166088725198,7.230703744917811e-05,7.230703744920552e-05,-0.0009976832389323523
g15,p19,broccoli,27,0.8312166088725198,7.230703744915716e-05,7.230703744932058e-05,0.0008077659009241047
