MASE,RMSSE,MAE,RMSE,sMAPE,Pearson,Spearman,model,fold,crop,horizon,n
0.44121326191747756,0.4997831681629541,0.674851346056447,0.9145397294484808,17.086661046652715,0.3256681538037213,0.4020137189413074,SeasonalNaive,0,Lime,1,112
0.725320770042047,0.6105087855766891,0.5287435993021483,0.726879622683279,14.417714915978346,0.9685918082152737,0.6242205802351567,SeasonalNaive,0,Cabbage,1,112
0.7914636233987191,0.8116874587814865,1.3074620026787886,1.6721941528603792,14.050504025494126,0.6411650757172297,0.7622371940585276,SeasonalNaive,0,Pineapple,1,112
0.3953139582960812,0.3724657560761798,1.031100080785883,1.2356541715672869,21.590354985625904,0.4556894326959201,0.38162079111403757,SeasonalNaive,0,Carrot,1,112
0.5632599574797744,0.6038313279520405,0.31575345265798405,0.4093673091583647,26.32719295647267,0.3371872513305027,0.19735155450332825,SeasonalNaive,0,Blackberry,1,112
0.0384342737957647,0.07662836894968114,0.4980226237116739,1.1709214736555518,51.56686542405861,-0.003292111361661132,-0.3312128890217948,SeasonalNaive,0,Potato,1,112
0.486518983474845,0.42487195970989516,0.9915862172862301,1.2203432803413998,15.245547425489317,0.29637263271876957,0.2694662511469296,SeasonalNaive,0,Avocado,1,112
0.8704346968676904,0.675633277502061,0.06779117261933942,0.08089449246445977,15.359627323817149,-0.25286806312032284,-0.37846835957184694,SeasonalNaive,0,Chayote,1,112
0.9797282747991928,1.0397226654762544,1.4496179287486997,1.9655889293577569,16.752269106675715,-0.08668267243382444,-0.2109270423359365,SeasonalNaive,0,Peanut,1,112
0.7664925517736221,0.6736991178975156,1.0798223715143285,1.270145522210382,22.892552054501518,0.08023919780667148,0.0409229485622023,SeasonalNaive,0,Bell Pepper,1,112
1.3915250122188565,1.360501603207318,2.679628383272305,4.559466359185037,19.46373874733567,0.7840019845246723,0.7115141735092099,SeasonalNaive,0,Strawberry,1,112
1.8611749933261814,1.3935293147071184,0.7821776221082432,1.0007924713121263,17.889373008756596,0.5624632458074478,0.7464443246249682,SeasonalNaive,0,Cucumber,1,112
1.1981646271421629,1.0400381214387002,0.8626650599015822,1.2154165185264538,14.900315635207724,0.8193118976732205,0.8423026239623751,SeasonalNaive,0,Blueberry,1,112
1.180878909986969,1.1165268324734927,0.8600874992595262,1.2944019776885336,12.755273364677151,0.9001562908686945,0.9260288691898517,SeasonalNaive,0,Mango,1,112
1.8302332912048147,1.6065771791345103,1.02725295559732,1.3477624723795851,30.538934960186168,0.9018740163615344,0.9165003190047273,SeasonalNaive,0,Watermelon,1,112
1.2529630233493259,1.283125187984386,2.2893602296883144,2.9225055418703993,15.899086453070831,-0.014651877643840353,-0.019243023229762915,SeasonalNaive,0,Tomato,1,112
1.1578209195728095,0.8905042476007005,1.3798551010941686,1.899131492895152,9.692771214772247,0.8183428461445308,0.7264461334180273,SeasonalNaive,0,Corn,1,112
0.8791223277449021,0.8688324125429358,0.24166193643710715,0.3262683870485758,14.088050054354598,0.4228830650139407,0.4042576790748851,SeasonalNaive,0,Grapefruit,1,112
1.2775836270804846,1.2731685636652448,1.5427087559080193,2.024182088571932,12.029552901902383,0.04882499219459075,0.21258819232961135,SeasonalNaive,0,Lemon,1,112
1.1100898609469934,1.2005159938363072,1.434767792385569,3.433307051831989,14.994746314525694,0.981001147017452,0.8708137184736826,SeasonalNaive,0,Pumpkin,1,112
1.2050574637268994,1.2608889128740963,1.013824296508959,1.3044308432639395,20.72161955342947,0.7332706321866291,0.8014072480552106,SeasonalNaive,0,Peach,1,112
0.6403648156327332,0.6226193245123299,0.30495952365859635,0.40873978414465834,14.018491242680096,0.24802162814321546,-0.06008945695690497,SeasonalNaive,0,Celery,1,112
0.5453298507915232,0.3997830956504093,0.40305650298514056,0.5155002583473522,16.236000937458332,-0.026158887324224857,-0.09338445185231722,SeasonalNaive,0,Lettuce,1,112
0.8545143021469059,0.6853134921513316,0.5109630368583334,0.6390094462279442,11.021895144465873,0.5645037086757255,0.46921910495351776,SeasonalNaive,0,Grape,1,112
1.6636792876920894,1.4863598159889364,0.593023725865091,0.7733034340210226,17.714461229763668,0.0037355523355521157,0.02339672015319046,SeasonalNaive,0,Eggplant,1,112
1.648214684682062,1.409862120609863,1.17185195476056,1.5937397568681804,34.980858232734235,0.1772262192733611,0.40182275773607085,SeasonalNaive,0,Zucchini,1,112
1.4730778916301612,1.2745815414525536,0.3043808075148835,0.3912077971415938,22.01392749655054,0.49918837199253013,0.5027479452280995,SeasonalNaive,0,Okra,1,112
1.506031149896064,1.1089298226679614,0.15511363765131753,0.19291716822150504,16.824424886035395,0.03909389757350699,-0.1832431076558638,SeasonalNaive,0,Sugarcane,1,112
0.6781593166407838,0.6080917789108305,0.3337372639374549,0.39652471617775104,19.044094280068265,0.48448739061223517,0.2723470600447079,SeasonalNaive,0,Rosemary,1,112
0.22509648306284,0.15071480957257177,1.2182616456833604,1.4118320063623373,16.196763953963746,0.5028224549936186,0.5864462725015201,SeasonalNaive,0,Citrus Fruit,1,112
0.8053391249054125,0.8017854474694329,0.28207964486655607,0.3545627692396846,23.876102288155494,0.587721571964458,0.47263340102485596,SeasonalNaive,0,Plum,1,112
0.9664662483144271,0.9662083484400242,0.5976859364612748,0.7402806080831261,15.276997053697752,0.5336235121165693,0.5078792399595161,SeasonalNaive,0,Cauliflower,1,112
1.2132065165851542,1.0935350831618382,0.30775127544608233,0.3749608346206382,16.204116474954823,0.3370364703215764,-0.03848667086099138,SeasonalNaive,0,Walnut,1,112
0.17593749309713244,0.1756175641252007,1.470682793818126,1.8272626495832263,12.915595820762347,0.23848831180718602,0.2709222727183494,SeasonalNaive,0,Coconut,1,112
1.5145835767038882,1.2876599670586324,0.41172014260821604,0.5310142817416698,17.259778530164336,0.15649319030629602,0.04132212032471046,SeasonalNaive,0,Coriander,1,112
1.2734016863558555,1.085374066749392,0.42715404217747704,0.5175763133427387,17.857306377603358,0.4900598551620996,0.5522353842738834,SeasonalNaive,0,Basil,1,112
1.3201133202472226,1.119519305340026,0.24256254303896713,0.3030524516568784,22.513635137974696,0.11339205722919056,0.06755888489759533,SeasonalNaive,0,Parsley,1,112
1.8224379653457385,1.6573278168864618,1.8779477244204084,2.3806638037071353,22.11858952459127,-0.06378481192892795,-0.13313638332406966,SeasonalNaive,0,Onion,1,112
1.1960880214690326,1.1651898252086035,1.4207716172682103,2.048938214126998,15.507242361996143,-0.12016984171125099,-0.09993691355448445,SeasonalNaive,0,Garlic,1,112
1.4174896541294628,1.2901952288539005,0.7627189947207954,0.9694376744501948,15.912243773128035,0.17851091805839644,0.014926508762596425,SeasonalNaive,0,Spinach,1,112
0.4372121020270694,0.49867072560425046,0.6687314299730224,0.9125041008369705,17.009095875433065,0.2610191266673208,0.3843225861487471,SeasonalNaive,0,Lime,4,112
0.7312421495636923,0.6125904579291475,0.5330601605401882,0.7293580885954047,14.497028891211261,0.9681929940935837,0.6112240820216228,SeasonalNaive,0,Cabbage,4,112
0.779353430401918,0.8052679965885069,1.2874565132029347,1.658969127602845,13.871464426721934,0.6381457770520359,0.7715638249895228,SeasonalNaive,0,Pineapple,4,112
0.3952784449871156,0.3727112519100314,1.0310074511810463,1.2364686033539747,21.442821471057368,0.44762851185808616,0.37237917103232343,SeasonalNaive,0,Carrot,4,112
0.5511006374923353,0.5954091387669039,0.3089371554633712,0.4036574879478032,25.649626178771662,0.3452492195024584,0.2372120276860138,SeasonalNaive,0,Blackberry,4,112
0.03901675800821786,0.07679288497073593,0.5055703223438389,1.1734353643262498,52.4949786123554,-0.003354664457819816,-0.3559838600316468,SeasonalNaive,0,Potato,4,112
0.4865097685206609,0.42470052945993264,0.9915674360631489,1.219850887871603,15.28083575043586,0.28386387881641434,0.2518080820798311,SeasonalNaive,0,Avocado,4,112
0.8699703759757365,0.6721665031504477,0.06775501039160368,0.08047941084991969,15.239885661137327,-0.28488428668328053,-0.447963214601914,SeasonalNaive,0,Chayote,4,112
0.9993997330013925,1.0494094880355516,1.478724058711504,1.9839018043343604,17.126133236030903,-0.10370340883848193,-0.2365217527935142,SeasonalNaive,0,Peanut,4,112
0.7437007361819947,0.6498057212133259,1.0477136285052548,1.225098571720777,22.238583988082034,0.11329174994433115,0.06166635551964573,SeasonalNaive,0,Bell Pepper,4,112
1.3801676098291846,1.3566262097937356,2.6577576892234203,4.546478703855429,19.30760160004112,0.7851813448570536,0.7259088620778771,SeasonalNaive,0,Strawberry,4,112
1.8918630184990086,1.4092541443610833,0.7950745751851713,1.012085589414677,18.265791355139637,0.5411683255672267,0.7333954322240951,SeasonalNaive,0,Cucumber,4,112
1.2180678130960647,1.050034443646579,0.8769951300056447,1.2270984894903274,15.283131312990093,0.818784390960221,0.8274391243378011,SeasonalNaive,0,Blueberry,4,112
1.1929794684924808,1.1174357133750814,0.868900883101536,1.2954556534285904,13.194056646281178,0.8930047015522088,0.920632485404374,SeasonalNaive,0,Mango,4,112
1.84067780678049,1.609902472319181,1.0331151369631895,1.3505520709262127,30.75327990811033,0.8939820676564774,0.9145754780810261,SeasonalNaive,0,Watermelon,4,112
1.2980488241279755,1.312518567806991,2.371739068730489,2.989453269364399,16.465245417698604,-0.045988815272070244,-0.06124971371463682,SeasonalNaive,0,Tomato,4,112
1.2253439339596681,0.9567006534270058,1.4603269376864272,2.0403050800621108,10.179942954018154,0.798331772778654,0.7074768822577856,SeasonalNaive,0,Corn,4,112
0.8887941025387469,0.8743487138397108,0.2443206106075832,0.32833989669829644,14.315697865784665,0.42700477974778794,0.4219728875798875,SeasonalNaive,0,Grapefruit,4,112
1.240316426152063,1.2537953115463139,1.4977078370156565,1.9933809903861315,11.701533478374078,0.058759879228924825,0.22188037125334492,SeasonalNaive,0,Lemon,4,112
1.1317081372541526,1.2038914485558985,1.4627089597302958,3.4429603780279017,14.954639117913436,0.9808409907074463,0.8756730155600981,SeasonalNaive,0,Pumpkin,4,112
1.1698722468628173,1.2169583693240642,0.9842226975740658,1.2589832583237317,20.51640100976902,0.726294336463034,0.7947493854931816,SeasonalNaive,0,Peach,4,112
0.6349588493631655,0.6215408358059611,0.3023850522662966,0.40803177328844387,13.968549714569662,0.23164714445472762,-0.0966056429395187,SeasonalNaive,0,Celery,4,112
0.5555311713608552,0.40438355444772606,0.4105963590713925,0.5214323193182516,16.52787368259957,-0.02900744768918853,-0.1134584399574295,SeasonalNaive,0,Lettuce,4,112
0.854627106520532,0.6861628399947486,0.5110304890533103,0.6398014068434766,10.958447954106054,0.5943886034083471,0.5100579858016966,SeasonalNaive,0,Grape,4,112
1.5890342006110771,1.4374859159509132,0.566416249300474,0.7478759740434011,17.073805419297173,0.02623623811161361,0.024922154626808607,SeasonalNaive,0,Eggplant,4,112
1.6116700292754478,1.398584883713636,1.1458693408011698,1.5809917153920658,34.44843871116787,0.18302475003856122,0.39606953657282995,SeasonalNaive,0,Zucchini,4,112
1.4219298141359193,1.2259551809326592,0.2938121246102052,0.3762828898184251,21.564785454292267,0.5047232214999292,0.4906914252617878,SeasonalNaive,0,Okra,4,112
1.5365392208106357,1.123697365631055,0.15825581559206608,0.19548623301874826,17.11948655373433,0.02009933374903177,-0.21254786223611813,SeasonalNaive,0,Sugarcane,4,112
0.6830387403199029,0.6095389240023121,0.33613853671849875,0.39746837109394734,19.142811982323444,0.4855169886577684,0.25985074204256803,SeasonalNaive,0,Rosemary,4,112
0.21795813628161714,0.1467032357044049,1.1796276609190435,1.3742532946283876,15.58003285072767,0.505455575681787,0.5902767082450343,SeasonalNaive,0,Citrus Fruit,4,112
0.8032080550732139,0.8033381813524963,0.281333212211216,0.3552494138117567,23.762540196791473,0.5998803246349536,0.48521728472694603,SeasonalNaive,0,Plum,4,112
0.9671766638321355,0.9662863715662163,0.5981252744771846,0.7403403871229112,15.318172470243898,0.5326664062888425,0.5012481034353685,SeasonalNaive,0,Cauliflower,4,112
1.227013701391052,1.0989813489550626,0.3112537119037228,0.3768282976758596,16.39476728293607,0.33241485621176964,-0.03844853824283863,SeasonalNaive,0,Walnut,4,112
0.17401533080090684,0.17421221122769537,1.454615206595974,1.8126402576152776,12.867269415421756,0.1999137453653871,0.2439792154501793,SeasonalNaive,0,Coconut,4,112
1.4703270810543327,1.2633579152464718,0.39968958121798304,0.5209924305402527,16.842694153380023,0.1679005704960677,0.027789386327963413,SeasonalNaive,0,Coriander,4,112
1.2114767558014998,1.035375932392368,0.4063817401762524,0.49373398022709164,17.096860704552203,0.5317463535605146,0.5785663119912546,SeasonalNaive,0,Basil,4,112
1.3126297545343375,1.1153836832253186,0.24118748477504726,0.3019329440119362,22.525018719267887,0.11707255141512322,0.06584321561998702,SeasonalNaive,0,Parsley,4,112
1.807157864455143,1.6512443464683602,1.8622022059215309,2.3719252200197474,21.844488027826305,-0.07478765340974627,-0.14456103209495014,SeasonalNaive,0,Onion,4,112
1.1715639764507837,1.1520595541006404,1.3916407619489324,2.025849174338879,15.205840272351411,-0.10468995731729826,-0.0839781158684653,SeasonalNaive,0,Garlic,4,112
1.4064697830279078,1.2855913046360088,0.7567894523188139,0.965978339391963,15.815363661279914,0.1888874325255634,0.024946373116074384,SeasonalNaive,0,Spinach,4,112
0.4336412850070065,0.4967190594158642,0.6632697385858731,0.9089327995575354,17.08996673206993,0.24240623381895832,0.39606538065030744,SeasonalNaive,0,Lime,8,112
0.731214322913351,0.6132280415318747,0.5330398754968451,0.7301172038440766,14.418181550832676,0.9679064630896962,0.6178790917916013,SeasonalNaive,0,Cabbage,8,112
0.7599017361180763,0.7921954656014375,1.25532319663352,1.632037813532181,13.615646400389362,0.6402302822077351,0.781718193074534,SeasonalNaive,0,Pineapple,8,112
0.3881613976767904,0.37010610819249606,1.012444008371529,1.227826045885023,20.899532648427982,0.43776230584391546,0.3578330083412023,SeasonalNaive,0,Carrot,8,112
0.5296336120553445,0.5735602786008798,0.2969031251546039,0.3888450582504605,24.82081203563053,0.385442437579025,0.30545170638882063,SeasonalNaive,0,Blackberry,8,112
0.03968464113573825,0.07692114535120204,0.5142246007950976,1.1753952498851556,53.29902632540101,-0.002338480281292727,-0.27435247143926655,SeasonalNaive,0,Potato,8,112
0.48659174975985864,0.4263229596742789,0.9917345240281116,1.224510931361534,15.376641217725469,0.240478284017087,0.22022092479632752,SeasonalNaive,0,Avocado,8,112
0.8845624942492242,0.6832267630687057,0.06889147337075603,0.08180367083296909,15.496028537696777,-0.29153860673559556,-0.5311400000888031,SeasonalNaive,0,Chayote,8,112
1.006688735031061,1.0527178044347933,1.4895089551942136,1.9901561549463898,17.29836371138741,-0.108695308983797,-0.24792764793539424,SeasonalNaive,0,Peanut,8,112
0.7292642718727149,0.6408550063233497,1.0273757699172532,1.2082235155776657,21.90808063906507,0.1421338041602272,0.10561149700321512,SeasonalNaive,0,Bell Pepper,8,112
1.359928837368706,1.3526030769249888,2.6187843408096447,4.53299592740714,18.898560370560517,0.7867885589291211,0.7372768348022557,SeasonalNaive,0,Strawberry,8,112
1.8713806279005627,1.4028892603501395,0.7864666432976097,1.0075145137066166,18.166803449834315,0.5379589364845531,0.723025658201562,SeasonalNaive,0,Cucumber,8,112
1.1929384400012872,1.0370683960696068,0.8589022639211217,1.2119460175951127,15.134366170918524,0.8329848067783219,0.828312581866639,SeasonalNaive,0,Blueberry,8,112
1.1671702215882276,1.1098031577542573,0.8501028417105726,1.2866071467890088,13.045804099832042,0.8947380425945671,0.9126838431438324,SeasonalNaive,0,Mango,8,112
1.7863496414434017,1.581599256588372,1.0026224294581447,1.3268084173345454,30.36581436716211,0.8944698478609314,0.9160026707438037,SeasonalNaive,0,Watermelon,8,112
1.321442836253401,1.319750110387968,2.4144836030660914,3.0059241667227274,16.782553291566096,-0.050794453147317745,-0.07164651595115806,SeasonalNaive,0,Tomato,8,112
1.2228546706545274,0.9397672531893354,1.457360310800093,2.0041921095066035,10.053103930993377,0.8152133377129629,0.724030505194859,SeasonalNaive,0,Corn,8,112
0.8716789603831038,0.8654235920146981,0.2396158291850264,0.3249882893456932,14.035935558438826,0.44585101806128224,0.4553455669748325,SeasonalNaive,0,Grapefruit,8,112
1.2050936765534326,1.2292520114602459,1.4551756355525427,1.9543601491193288,11.413151014227306,0.09499716260847693,0.2571187450505218,SeasonalNaive,0,Lemon,8,112
1.2416654167100523,1.2651939229378197,1.6048264302628883,3.6182768408412227,14.974362362089469,0.9792610294695814,0.8853038634951119,SeasonalNaive,0,Pumpkin,8,112
1.107628464948283,1.1488766045746808,0.9318565156192268,1.18855044469822,19.942800213208994,0.7364351916798658,0.7877704992983451,SeasonalNaive,0,Peach,8,112
0.6329191498484344,0.6214860930521842,0.3014136906654809,0.4079958355324486,14.035617582260846,0.24794691208438932,-0.0931905934702679,SeasonalNaive,0,Celery,8,112
0.5456824239008222,0.3993310522223913,0.4033170918457621,0.5149173710105367,16.245956719704292,-0.017468277308243924,-0.11181726565807222,SeasonalNaive,0,Lettuce,8,112
0.8507878299388553,0.6838219390145113,0.508734765720671,0.6376186717066561,10.88622197980736,0.6080230297477488,0.5147227005181702,SeasonalNaive,0,Grape,8,112
1.5717447848284583,1.427866852068219,0.5602533825500784,0.7428714959536823,16.9671780070099,0.0672203496122957,0.052964751754959016,SeasonalNaive,0,Eggplant,8,112
1.5185166263103331,1.354618998931387,1.0796388925641884,1.531291693312569,33.20956454652376,0.23439158731172494,0.40130847432293776,SeasonalNaive,0,Zucchini,8,112
1.3838312346428894,1.1960202854912094,0.285939848162946,0.3670949609786841,21.29700133753088,0.5003565708255623,0.482989364816935,SeasonalNaive,0,Okra,8,112
1.5248393286272595,1.094462309956243,0.1570507855122985,0.19040029877990372,16.822432988472432,0.06800016442872012,-0.2348625671705631,SeasonalNaive,0,Sugarcane,8,112
0.7227645296745934,0.6524559293282153,0.35568848010446086,0.4254537080878688,20.15098498848355,0.43944136148647495,0.1821575738929316,SeasonalNaive,0,Rosemary,8,112
0.20889690605827,0.142148266085047,1.1305866937141984,1.3315842834352907,14.76204891532367,0.49033528901513346,0.5681767611391613,SeasonalNaive,0,Citrus Fruit,8,112
0.8054209480187038,0.804351366973213,0.28210830438901724,0.35569746122964,24.01973792312881,0.5590162669400108,0.4394382139468619,SeasonalNaive,0,Plum,8,112
0.9589139442192094,0.9615367986396506,0.5930154102494563,0.7367014031088629,15.314979359272513,0.564816670989438,0.5217729924508897,SeasonalNaive,0,Cauliflower,8,112
1.1996925025306486,1.076656726345474,0.3043232069311054,0.36917343661545476,16.04119575021726,0.33723906003546217,-0.010122650243738686,SeasonalNaive,0,Walnut,8,112
0.18136141636889316,0.18015535332376142,1.5160220247594485,1.8744773615940418,13.679013349290956,0.20515468118420668,0.26216187986429407,SeasonalNaive,0,Coconut,8,112
1.4546139208568016,1.2565087385876148,0.3954181599132358,0.5181679188546617,16.71597766567278,0.185547700760791,0.03917711951593045,SeasonalNaive,0,Coriander,8,112
1.1590055911133812,0.9891937185948275,0.38878064043338106,0.4717113239912336,16.494318991697916,0.5771777612428121,0.594911337829832,SeasonalNaive,0,Basil,8,112
1.3080971567050286,1.1125030542287406,0.24035464835169823,0.30115316140741766,22.59816101706081,0.11769167265944172,0.06426007742119794,SeasonalNaive,0,Parsley,8,112
1.686802241095618,1.5067850710690687,1.7381806626333123,2.1644171069302454,20.533883855575823,-0.01840024939891178,-0.12583185336710034,SeasonalNaive,0,Onion,8,112
1.128948819806459,1.1170713754645263,1.3410204029628667,1.9643239063531222,14.8077456507584,-0.14342000772949468,-0.12054834499360936,SeasonalNaive,0,Garlic,8,112
1.383016345465351,1.2774047724755675,0.7441696901439385,0.9598270744345813,15.582194243785255,0.21826624594455885,0.050179214992365204,SeasonalNaive,0,Spinach,8,112
0.4186951024236,0.48703932176243026,0.6404090217729143,0.8912201088976183,16.691525198317578,0.37633412020745216,0.4798677112799906,SeasonalNaive,0,Lime,13,112
0.7612085781951037,0.6297665039569019,0.5549050572910215,0.7498081102016484,14.870807373179655,0.9662911256275315,0.6099385937019056,SeasonalNaive,0,Cabbage,13,112
0.7380756007523468,0.7825150619380316,1.219267411108632,1.612094774831575,13.103015531296093,0.6326288598026053,0.7901600439243591,SeasonalNaive,0,Pineapple,13,112
0.3805433981083454,0.36597483919546114,0.9925739283867303,1.2141205717930406,20.115009117465586,0.42008658143216976,0.35932636783483274,SeasonalNaive,0,Carrot,13,112
0.5171097162736898,0.5572771197978016,0.28988245329381707,0.377805894505144,24.397281340099976,0.41251473172909275,0.33399014168827973,SeasonalNaive,0,Blackberry,13,112
0.0400965517637443,0.07696631279464745,0.5195620455139542,1.1760854319961058,53.287763433703255,-0.0016049386652932597,-0.14749259561397773,SeasonalNaive,0,Potato,13,112
0.4668672712638159,0.41240466807100135,0.9515335828846795,1.1845339612562593,14.838505308429594,0.2694403493617388,0.2840403179064784,SeasonalNaive,0,Avocado,13,112
0.8799826433768938,0.6735724675124113,0.06853478554319788,0.08064774887776915,15.192469533862225,-0.38013027822548356,-0.6159185598914538,SeasonalNaive,0,Chayote,13,112
1.0111265830068819,1.055019655502544,1.4960752492946159,1.9945077894024188,17.35901510392997,-0.10235033278203293,-0.222787561719368,SeasonalNaive,0,Peanut,13,112
0.6975190516015255,0.6189785277194444,0.9826536144857878,1.1669791223428976,20.939597820694015,0.19597662265482638,0.1900849381886258,SeasonalNaive,0,Bell Pepper,13,112
1.3268885912731465,1.3439296756215742,2.5551594828656334,4.5039286470971405,18.08736113577655,0.7886070275412429,0.7533227193670617,SeasonalNaive,0,Strawberry,13,112
1.8379107709895297,1.3884607499444017,0.7724005972864345,0.9971523746156671,17.78282194027017,0.5458240655410137,0.7395370051172941,SeasonalNaive,0,Cucumber,13,112
1.1811762022450627,1.0298150253174347,0.8504335849861141,1.2034695334687504,14.99049835002437,0.8374112080395537,0.8281242973359849,SeasonalNaive,0,Blueberry,13,112
1.1357141840621277,1.0965859282823218,0.8271919874107565,1.2712842656271335,12.70669018986561,0.8987777630197524,0.9141317757572858,SeasonalNaive,0,Mango,13,112
1.657345554741921,1.5014666636474385,0.9302164525889373,1.2595849418719842,28.61967979441579,0.9022994388401067,0.9231701598819091,SeasonalNaive,0,Watermelon,13,112
1.34137959263286,1.3312529259936334,2.45091118816921,3.032123513964502,16.99970729328097,-0.05650759490386827,-0.0802568675115813,SeasonalNaive,0,Tomato,13,112
1.2317644751435162,0.9377300624551614,1.4679787397523174,1.999847500156645,9.958843517798275,0.8273476756430951,0.7502724640849844,SeasonalNaive,0,Corn,13,112
0.8686655364104361,0.8608977350056854,0.2387874690699911,0.3232887163958062,13.971435448644765,0.4236169122118194,0.4494622760150467,SeasonalNaive,0,Grapefruit,13,112
1.1602481743794089,1.210167033888861,1.401023760559392,1.9240173721585307,10.910674929851227,0.10333192296340861,0.3170258832389898,SeasonalNaive,0,Lemon,13,112
1.3533927025504187,1.3432802488233166,1.7492315968118948,3.841592760571387,14.983791391157565,0.9820345714886651,0.885450368255464,SeasonalNaive,0,Pumpkin,13,112
1.0815375032299577,1.12417202272105,0.9099059848723228,1.162992746307202,19.998128835082714,0.7505868590771207,0.7684625080189637,SeasonalNaive,0,Peach,13,112
0.6383252483560534,0.6240861245685405,0.30398822503321615,0.4097027152885455,14.241057762239885,0.245649497121846,-0.11708721352141678,SeasonalNaive,0,Celery,13,112
0.5580998972581676,0.4048917390392774,0.41249491950375344,0.5220875978707543,16.506305348195575,-0.06765686274581668,-0.2052038443074417,SeasonalNaive,0,Lettuce,13,112
0.8425436827093621,0.6772335050456821,0.5038051179732833,0.6314753933528114,10.808580293283326,0.6057255834286761,0.4853801102913538,SeasonalNaive,0,Grape,13,112
1.513188842643964,1.4003506029698045,0.5393809323953606,0.7285557093653424,16.34652348757769,0.15060305247500752,0.1751141960165409,SeasonalNaive,0,Eggplant,13,112
1.462835383541079,1.3359821278663957,1.0400504980491654,1.5102241563345173,32.39766618007051,0.3141490149793798,0.44930320821374936,SeasonalNaive,0,Zucchini,13,112
1.3559041158763145,1.167284741698216,0.28016929182642586,0.3582751495964232,21.141795006851993,0.5254251118041741,0.5266867236101153,SeasonalNaive,0,Okra,13,112
1.5653171570125126,1.1139054491082667,0.1612197983547591,0.19378276290871652,17.114006907930474,0.09545970519319845,-0.20460875111111543,SeasonalNaive,0,Sugarcane,13,112
0.7151015645396479,0.6472265126623193,0.3519173647411082,0.42204370809916036,19.5633691797315,0.40206804144933384,0.13555621675296312,SeasonalNaive,0,Rosemary,13,112
0.20113492624194296,0.13741140074891198,1.0885774975857998,1.2872113508061087,13.886421889355047,0.45015671208135144,0.5255973577402336,SeasonalNaive,0,Citrus Fruit,13,112
0.7943846244390083,0.796508185326367,0.2782427002730387,0.3522290767470673,23.93236742910553,0.5451989676812714,0.4077132252792708,SeasonalNaive,0,Plum,13,112
0.9681862902281637,0.9626210641943189,0.5987496516854302,0.7375321356992295,15.601133121522293,0.6028936027239606,0.573190796043165,SeasonalNaive,0,Cauliflower,13,112
1.179289096669931,1.0551709929609794,0.2991475224196555,0.36180622119974754,15.681277759416032,0.345484281644508,0.03320434958628287,SeasonalNaive,0,Walnut,13,112
0.1755979524868958,0.17532270251248508,1.4678445327716199,1.8241946784813896,13.305497195179514,0.27598665208175965,0.3834866988149885,SeasonalNaive,0,Coconut,13,112
1.3777165670341067,1.220355882766177,0.3745145993774911,0.5032589496717619,15.761199485290755,0.22424704217770605,0.06518992329665699,SeasonalNaive,0,Coriander,13,112
1.0991800955949373,0.9558051642317338,0.3687125798129301,0.4557895091952995,15.57578995036988,0.6027380876638999,0.6147387430641338,SeasonalNaive,0,Basil,13,112
1.3057335838833868,1.1040766250089469,0.23992035666970243,0.29887213773807053,22.63635059421416,0.11573892943350284,0.08220977687094386,SeasonalNaive,0,Parsley,13,112
1.6465133545327215,1.4954762232853953,1.6966646141976829,2.148172544867199,19.66461055036984,-0.02516430452418983,-0.11956277660359896,SeasonalNaive,0,Onion,13,112
1.1216122905157566,1.11210801782253,1.3323057160849856,1.9555960468035036,14.667802524970528,-0.15367818953202672,-0.11729079478646753,SeasonalNaive,0,Garlic,13,112
1.3924901356466641,1.282235493302006,0.7492673215109374,0.963456821824099,15.692124955202376,0.2064598416381553,0.03411480678575755,SeasonalNaive,0,Spinach,13,112
0.12875744212069487,0.1740325784932976,0.19693907828678978,0.31845751795824373,5.474402511780256,0.8676733196778137,0.7621924591135294,Naive,0,Lime,1,112
1.1163229858875614,2.4667724752838813,0.8137759980424849,2.9369710779610263,11.300380833358162,0.33081218969271087,0.8021070026928234,Naive,0,Cabbage,1,112
0.45754031207039464,0.5736169395743234,0.7558358401324402,1.1817342771044017,8.07875705271501,0.7845241944514351,0.7817815998563159,Naive,0,Pineapple,1,112
0.21788770999832693,0.3091033046071426,0.5683179929944636,1.0254494045485647,10.259728614202483,0.5490132105758029,0.7205010891444039,Naive,0,Carrot,1,112
0.21304290119297445,0.33674568436197333,0.11942803801807789,0.22829665884593192,9.961489588052816,0.7588649666523335,0.6850741688485699,Naive,0,Blackberry,1,112
0.016269150520991642,0.0468702405007115,0.21081197139510555,0.7162017387284034,18.5089112299092,0.619207328221771,0.7867721611176848,Naive,0,Potato,1,112
0.1879363095005391,0.2328041201118053,0.3830375803578671,0.6686742608484197,6.124651193902596,0.7798247014589776,0.8337162544215456,Naive,0,Avocado,1,112
0.01563529065179367,0.08948307163119927,0.0012177073034238238,0.01071393003395201,0.2669013616722887,0.9745716148462377,0.9655560061922127,Naive,0,Chayote,1,112
0.4810875607759404,0.7884902924359575,0.7118230343425804,1.4906357639210033,7.902403600587235,0.39370101135619634,0.6459104780320012,Naive,0,Peanut,1,112
0.21480724175705854,0.2552925230763907,0.30261698522161823,0.481310790566591,6.595853884836697,0.8295010799605526,0.8035628554805643,Naive,0,Bell Pepper,1,112
0.9810862610721094,1.3599345065830204,1.8892557219760928,4.55756584104173,11.317661271026891,0.7985130927357915,0.9010455404238585,Naive,0,Strawberry,1,112
0.5554700593971303,0.5316476008334982,0.2334419126463234,0.38181393867350816,5.909845490015956,0.9230128456610962,0.9034276451475433,Naive,0,Cucumber,1,112
0.58102287825047,0.497691174879483,0.41832993957236936,0.5816152914054646,7.622230685305539,0.9156811165080061,0.9145732515347378,Naive,0,Blueberry,1,112
0.6386883092593801,0.598467705531586,0.4651855715868929,0.6938102686763642,7.230582213285748,0.9691432179218404,0.971070642798425,Naive,0,Mango,1,112
0.9818986994502894,1.04427991448934,0.5511091651291569,0.8760495902018889,9.957425419684682,0.9479123223787695,0.9649298682866146,Naive,0,Watermelon,1,112
0.42841687797239714,0.45755341422017387,0.7827849217253322,1.042144914059978,5.519268515906973,0.8412374992553588,0.8386998804596489,Naive,0,Tomato,1,112
1.5492447885226839,1.7952634745640192,1.8463419412695719,3.828663829257429,11.416912538740045,0.19039959995126027,0.5242094059540716,Naive,0,Corn,1,112
0.6493552846493087,0.778973861380885,0.17850127402242041,0.2925242447641564,10.541508444640993,0.5679523837354438,0.48020521247105286,Naive,0,Grapefruit,1,112
0.5267971985418474,0.5553215446333901,0.6361185550220937,0.8828932445590608,5.159637715661581,0.6947704084454386,0.7207050496568151,Naive,0,Lemon,1,112
3.0203829976334324,3.8838681033334885,3.9037814848399504,11.107317033694084,18.478162481328003,0.7946265375935834,0.8813987969273112,Naive,0,Pumpkin,1,112
0.46614257819657623,0.5641308983996633,0.39216940738364486,0.5836118757150144,8.812013324325758,0.9521119665720761,0.9298072889467239,Naive,0,Peach,1,112
0.3590471160389943,0.4613115629557177,0.17098821609999693,0.30284377828080244,8.353232196606642,0.40338856595058714,0.6286282957757042,Naive,0,Celery,1,112
0.22580158806664336,0.22675690929836395,0.16689128299603295,0.2923916658736645,6.808463809474718,0.5642695467505117,0.6971477245731447,Naive,0,Lettuce,1,112
0.5958101012272636,0.6493257790161177,0.35626897987438916,0.6054532870323143,7.361503165592749,0.5614706452154693,0.7163091161419778,Naive,0,Grape,1,112
0.5616280989797106,0.6055582209638668,0.20019410608249272,0.31505174368526184,6.521166822330628,0.726571623857386,0.603412749492086,Naive,0,Eggplant,1,112
0.3006323184799698,0.3041029059198663,0.21374434613953777,0.34376474426732273,6.496284367493044,0.904399747267098,0.8068735447177774,Naive,0,Zucchini,1,112
0.6678174475094297,0.8096894823374958,0.13799054014754217,0.24851830067535968,10.903562014692438,0.7983429844929069,0.7607766647664911,Naive,0,Okra,1,112
0.6721723467801519,0.9681267063372577,0.06923037272163181,0.16842207581436736,7.343484305650638,0.33179875561355443,0.46713023643415985,Naive,0,Sugarcane,1,112
0.34261877645290206,0.46865466388018395,0.168610310617553,0.30560050970154534,8.609930385061388,0.5722546383498284,0.7018687804478493,Naive,0,Rosemary,1,112
0.08862211125580552,0.08517860843419264,0.4796384094205995,0.7979168469631502,5.891583554865771,0.7561704001377619,0.8408663283324798,Naive,0,Citrus Fruit,1,112
0.3773968339313997,0.5455736910064879,0.13218774749287784,0.2412616982736532,10.658750561509196,0.8279676567360714,0.8307538909028835,Naive,0,Plum,1,112
0.4310817654790842,0.5273778431683835,0.26659131567305655,0.40406149570181693,7.383457491857625,0.7862705686950733,0.7072533689716545,Naive,0,Cauliflower,1,112
0.7184418019838938,0.9513709388492066,0.18224546099263067,0.32621435448900427,8.779433616845976,0.46848633486356867,0.6361339907651402,Naive,0,Walnut,1,112
0.08433388955801698,0.09373288020050694,0.7049571874953309,0.9752702805178468,6.403057238754248,0.7429470208620526,0.6570691105385555,Naive,0,Coconut,1,112
0.61041957876004,0.6730759582033321,0.16593474264713098,0.2775678017849367,7.499106260400167,0.5915983310354284,0.5918476031324676,Naive,0,Coriander,1,112
0.6133748677359182,0.6629012332165911,0.2057524793086026,0.3161140356210657,8.79111100073352,0.6582795289144954,0.680226285916576,Naive,0,Basil,1,112
0.5688690223369752,0.7725809295941357,0.10452611499163304,0.20913667473178682,9.910589236865837,0.35020615037749386,0.36152689394807624,Naive,0,Parsley,1,112
0.7008033275537051,0.9372489708514102,0.7221491426711228,1.346308604268466,7.598832321429732,0.5624969874431942,0.7718155884789949,Naive,0,Onion,1,112
0.43832006842594534,0.4787039356829527,0.5206579292833143,0.8417811122734409,5.933551457813292,0.606569206887174,0.7338510927987472,Naive,0,Garlic,1,112
0.6744744407504383,0.8264254551224268,0.3629193806920445,0.6209664656968377,7.406572317575278,0.5720759966979078,0.7280261426603166,Naive,0,Spinach,1,112
0.20409046140783016,0.2356461995340603,0.31216360541790794,0.43120262004737225,8.832155585467095,0.7417056006705078,0.6319892253997881,Naive,0,Lime,4,112
1.4898150474571263,2.8262762746209806,1.0860438622780884,3.3650009314028826,16.926893747676036,0.11974308957384275,0.6426048598777483,Naive,0,Cabbage,4,112
0.6401891245051611,0.6680253513170816,1.0575633927739312,1.3762293286037444,11.270958837097131,0.7044018455433355,0.7051350033782918,Naive,0,Pineapple,4,112
0.25996289657136323,0.3129235847078225,0.678062987736201,1.038123173790307,12.591058655766739,0.5380694453592669,0.6570144264816918,Naive,0,Carrot,4,112
0.3564564473739213,0.4533077809541244,0.19982310562979472,0.307319905277386,16.57245944365679,0.5619656513793021,0.498301341373227,Naive,0,Blackberry,4,112
0.026498877540856752,0.07472611759328546,0.343366459541798,1.141854080051536,26.005229450634666,0.03140115578689898,0.5344541529024154,Naive,0,Potato,4,112
0.30929884774883376,0.33504844842038795,0.6303895323050906,0.962346686511894,10.009206296738922,0.5359180392461086,0.6123078722107134,Naive,0,Avocado,4,112
0.06253684538156068,0.1789661420285703,0.004870492979641335,0.021427859920176085,1.0675281448910472,0.9030811455535798,0.8628872443564448,Naive,0,Chayote,4,112
0.6447591764923537,0.8751527632322595,0.9539935572035336,1.6544706006944947,10.693264857900004,0.2504696020573718,0.4971844649455852,Naive,0,Peanut,4,112
0.42886075943623536,0.4813867416268567,0.6041721360922537,0.9075731258739901,13.64722730625211,0.37531538537296594,0.5113393567812057,Naive,0,Bell Pepper,4,112
2.108687245745068,2.575619881608062,4.060651548140542,8.631707729381189,23.00926470434835,0.27765712851810453,0.6979302916057551,Naive,0,Strawberry,4,112
1.0683367886099426,0.7877967008388571,0.4489793447269002,0.5657728178396909,11.039328463670197,0.8277867644092903,0.8085239879537974,Naive,0,Cucumber,4,112
1.1694160834542286,1.0064028283138295,0.841966431682363,1.176109410424593,14.291044192011414,0.6531820739888584,0.7815164721030717,Naive,0,Blueberry,4,112
1.9976180074150767,1.7238424809729371,1.454955509784141,1.9984697650764716,20.52641183650615,0.7381870088587733,0.8481170179503056,Naive,0,Mango,4,112
2.279368611307949,2.124024197088273,1.2793386253620618,1.7818503464638573,23.612613778370054,0.7779665362692436,0.8559379094696501,Naive,0,Watermelon,4,112
0.594314464418887,0.6048896461514407,1.0859058674629185,1.3777247611159218,7.725579589964369,0.7266122987561675,0.6811047114723605,Naive,0,Tomato,4,112
1.7769753136820403,1.6809769695349221,2.117744125755867,3.5849310211338667,13.20107090131594,0.3210179497082156,0.4684441689827743,Naive,0,Corn,4,112
0.7952452939915375,0.8872721878197598,0.21860497865122724,0.3331929856826194,12.567258796220424,0.4410493956398134,0.38550653851704986,Naive,0,Grapefruit,4,112
0.6938237085356663,0.6868036242902956,0.8378065337769983,1.0919336483242243,6.769822541562543,0.5156941505151538,0.5179443236481074,Naive,0,Lemon,4,112
7.265997397468284,6.610982033280276,9.391148781911678,18.90647967284858,47.96269801635575,0.4035493355197684,0.697416950179688,Naive,0,Pumpkin,4,112
0.9849761274376364,1.1170993763176293,0.8286681420064547,1.1556758621487935,17.42206392455013,0.8033705237209162,0.8297433812117195,Naive,0,Peach,4,112
0.38251997972961144,0.47053457836064577,0.18216664619990927,0.308898542688775,8.680047928399704,0.3541334713900195,0.501963365465921,Naive,0,Celery,4,112
0.29742896299553995,0.2742529947742709,0.21983149746429134,0.3536354868348394,8.871872019185908,0.37486877705650407,0.5634242210062437,Naive,0,Lettuce,4,112
0.8318841119594225,0.7884814455130997,0.4974311501785827,0.7352067303923367,10.41069967965081,0.3846430023819838,0.4857126914020747,Naive,0,Grape,4,112
0.8060134887772544,0.7964827838295538,0.28730604855656094,0.4143834253647519,9.477956414366322,0.46864994526474896,0.4049590907107221,Naive,0,Eggplant,4,112
0.5840532213178514,0.5003571049831508,0.415251675310459,0.5656148918293981,11.903775704098754,0.7293520594162708,0.5858998571078987,Naive,0,Zucchini,4,112
1.05123023731106,1.0088956103089597,0.2172147924660711,0.30966071327613387,16.283162285919932,0.6700333949357417,0.6534919930150884,Naive,0,Okra,4,112
0.7023115984523782,0.963069964724916,0.07233456413446561,0.16754236976594153,7.690929577856094,0.34288227875633304,0.439466465272872,Naive,0,Sugarcane,4,112
0.3157757170421254,0.47045623572328066,0.1554002448061171,0.3067752793473993,8.306097467604863,0.569933731793172,0.6933439315021653,Naive,0,Rosemary,4,112
0.11974990240493412,0.09870285601641092,0.6481074745780446,0.9246062257487841,8.10965804702499,0.6719225276406543,0.7241481179312683,Naive,0,Citrus Fruit,4,112
0.6967533071645419,0.8095047549976799,0.24404616560465278,0.3579763745407865,19.138938766001814,0.6279340395633706,0.6639826485796252,Naive,0,Plum,4,112
0.736083567891282,0.8646184633198497,0.4552117545296071,0.66244540612769,12.288849969610718,0.420040724583726,0.3645752406059489,Naive,0,Cauliflower,4,112
0.8083002014217119,1.0009758464532015,0.2050396321897741,0.34322331729492905,10.125619391882877,0.4123071846311894,0.39683701556828516,Naive,0,Walnut,4,112
0.10767121573171122,0.11497065366760116,0.9000367208749783,1.1962447053143597,8.390084174388718,0.5976454266028034,0.5438804884164031,Naive,0,Coconut,4,112
0.8122211479772413,0.7806326927699012,0.22079191404039492,0.32192280513478105,9.960513640231227,0.4171827071099574,0.45416424358922264,Naive,0,Coriander,4,112
0.7035670725293585,0.7087306713366994,0.23600684858046067,0.3379684656755952,10.130319903961988,0.5902517481748932,0.6002416692753739,Naive,0,Basil,4,112
0.6475580160176063,0.8169946940322926,0.11898472405466151,0.22115942426017166,11.253910383211386,0.25068984750428336,0.2624435783179281,Naive,0,Parsley,4,112
1.0045172914121083,1.1696540208653299,1.0351139503343492,1.6801461738365078,10.948644631779544,0.3181899402425787,0.5707088468152803,Naive,0,Onion,4,112
0.5429097352110444,0.5176955114784121,0.6448946303960807,0.9103461889226839,7.414817891222973,0.5265391591021483,0.5792019482474815,Naive,0,Garlic,4,112
0.7816178745915685,0.819697440851499,0.4205708294431316,0.615911114101506,8.614123201204707,0.5769816316294633,0.6271790940820746,Naive,0,Spinach,4,112
0.30091066282693274,0.321849232807421,0.46025354036043115,0.5889432238720957,12.894775556158407,0.47745623530010733,0.3302823360673219,Naive,0,Lime,8,112
1.755984080716144,2.925544635514872,1.2800754941862547,3.4831911203332195,21.7197659611598,0.05563621737963783,0.36725452477545745,Naive,0,Cabbage,8,112
0.9258412869370527,0.9628237935538583,1.5294478070682043,1.9835569718332244,16.37955591086441,0.3783239416534867,0.36175671919764596,Naive,0,Pineapple,8,112
0.315433326408479,0.3621925045145229,0.8227468864095677,1.2015726863820415,15.360012170780793,0.38046167428904165,0.48594211835685536,Naive,0,Carrot,8,112
0.5039553852392165,0.6072554110261432,0.28250837071190343,0.4116886654866859,23.422609189946108,0.21278826249113522,0.21161881839033977,Naive,0,Blackberry,8,112
0.03005911066017775,0.07730185210662571,0.3894991547640719,1.181212647817559,31.449511966423284,-0.037292637145268766,0.4133829902528308,Naive,0,Potato,8,112
0.4310283091822377,0.4451364674088928,0.8784893193533385,1.2785482412354627,14.015856715649301,0.1476851634381403,0.23518189693389818,Naive,0,Avocado,8,112
0.12506937353750736,0.2530963443899454,0.00974064972522871,0.03030357000728446,2.1349789879839873,0.8170753083089748,0.724454058674825,Naive,0,Chayote,8,112
0.6357603142569473,0.8042426394745248,0.9406787306640441,1.5204154734325073,10.7093292189518,0.36143674016004756,0.42607708475453876,Naive,0,Peanut,8,112
0.5951398261965183,0.5822530677541731,0.8384234093587778,1.0977394910493592,18.699429185152862,0.07091860002022332,0.19804092809199114,Naive,0,Bell Pepper,8,112
2.9209783239788045,2.989152456499191,5.624862187260299,10.017584717102718,35.12533223117146,0.029373166739666164,0.23715059386606782,Naive,0,Strawberry,8,112
1.9089395253854138,1.3049899170493044,0.8022511499823928,0.9372060353073166,19.416661397236645,0.526468316381373,0.5315311266749544,Naive,0,Cucumber,8,112
1.8067303138827224,1.378030698868257,1.3008255119074834,1.6104037341671136,22.612473358549355,0.3531441390712129,0.4519151741751363,Naive,0,Blueberry,8,112
3.507774446610824,2.8430163479822035,2.554870720644223,3.295940479349262,37.096294503642696,0.285552851695687,0.4898094456312294,Naive,0,Mango,8,112
4.193240338923897,3.5517572731634313,2.353535230939826,2.9795799579013784,44.128850256440145,0.3753195432588897,0.5461906278534943,Naive,0,Watermelon,8,112
0.7834466447489791,0.7961150897720263,1.4314800653706194,1.813268715798688,10.173197018266086,0.5261121705384607,0.5149955837009488,Naive,0,Tomato,8,112
2.280238482849928,2.0612860470438195,2.71751757899883,4.3959961542615735,17.297657006491562,0.006209175336456835,0.1528939309196112,Naive,0,Corn,8,112
1.0297318447894106,1.0232288184871434,0.283062986536923,0.3842481143311654,16.349354405390393,0.26768333479808143,0.21492836126787968,Naive,0,Grapefruit,8,112
1.0055005134872372,0.9977804800741433,1.2141627470379668,1.5863487630250845,9.813745728565944,-0.030147079212705874,0.009477210992193725,Naive,0,Lemon,8,112
10.207370184705725,8.591921565157993,13.192811231947482,24.571688382242815,70.4858238298866,0.0059971606732406625,0.3603210129833359,Naive,0,Pumpkin,8,112
1.795941450971046,1.8915236296875224,1.5109396297757285,1.9568430954815892,31.136497047419954,0.4056744418819862,0.5135853571465643,Naive,0,Peach,8,112
0.4938795921833089,0.5318261097938227,0.23519918880631407,0.3491354681126921,11.28123633758607,0.15405518749160657,0.3672212024712856,Naive,0,Celery,8,112
0.40312975549697955,0.31925778924713083,0.29795557544489554,0.4116669129507551,12.068800862396468,0.1440292974889133,0.3516691218455871,Naive,0,Lettuce,8,112
1.076691451435787,0.9372017136450076,0.6438154778718452,0.8738785313567579,13.347301333891453,0.14836177724037755,0.1672695570780072,Naive,0,Grape,8,112
1.0076947265992955,0.9257396267372578,0.35919596145932103,0.4816314493062087,11.956579268803267,0.2655800216147629,0.2707638367575398,Naive,0,Eggplant,8,112
0.7960055637194913,0.6774361927411919,0.5659461018725864,0.7657890635759663,16.611357326662343,0.42010180466794145,0.27683050342933496,Naive,0,Zucchini,8,112
1.4630052180784416,1.2889142219051575,0.3022994997124065,0.3956069322025076,22.343147473312477,0.43788434533206105,0.4818794122545301,Naive,0,Okra,8,112
0.8088082869682204,1.0025673209394816,0.08330318769490896,0.1744136053999674,8.541987683538464,0.257796091645512,0.3488700232054468,Naive,0,Sugarcane,8,112
0.4340865016749836,0.6071748224784147,0.21362361000774618,0.39592678688200833,11.505664516776326,0.3046470461457941,0.4662327718469336,Naive,0,Rosemary,8,112
0.16889334023371713,0.13250976213634277,0.9140803793040477,1.2412948924535907,11.43958181489619,0.4066538251695718,0.490861036087234,Naive,0,Citrus Fruit,8,112
1.0199541844687614,1.0659316076394691,0.3572511321474634,0.47137256459018934,27.961961623752142,0.32164174206479024,0.3640729030733148,Naive,0,Plum,8,112
1.0024263385989145,1.0967781857510552,0.6199245198307413,0.8403194027364562,16.632535549703054,0.04453008837257911,0.058172304304957345,Naive,0,Cauliflower,8,112
1.1401267472369863,1.2715346888276469,0.28921330032086745,0.435994889888089,14.116677507644344,0.07000852523916648,0.12469008697997375,Naive,0,Walnut,8,112
0.15147140192117722,0.15687131814963387,1.2661677772002764,1.6322120277295222,11.699835334643355,0.2208047391258542,0.11574615078396876,Naive,0,Coconut,8,112
0.9432153302453246,0.8791521770843382,0.2564010043763891,0.3625509636076214,11.54375624127357,0.25657450647516283,0.3350738012099635,Naive,0,Coriander,8,112
0.9516047924699415,0.9142387796054591,0.3192094356512437,0.435967977823829,13.52694841734255,0.28300459506106057,0.37814243381452217,Naive,0,Basil,8,112
0.7247689848672431,0.8464055733382876,0.133171755324949,0.22912091187057,12.655676036007355,0.16711089678986457,0.20528923614130792,Naive,0,Parsley,8,112
1.1340236206722911,1.240837504266452,1.168564921482254,1.7823974850304525,12.64400274410348,0.15515394742177988,0.3292324799843019,Naive,0,Onion,8,112
0.7726908797457639,0.7071440580207471,0.9178398672669997,1.243483638481097,10.44614318402378,0.10369161283405008,0.17752869246442107,Naive,0,Garlic,8,112
1.048130035053184,1.0513995538011922,0.5639749710648843,0.7900093842855315,11.654889765394605,0.31095958950873165,0.34236986896151694,Naive,0,Spinach,8,112
0.369782345507885,0.41396837254533886,0.5655952237913027,0.7575095512308306,15.977490256610142,0.04922490388913012,0.03185741335459116,Naive,0,Lime,13,112
2.159182585116591,3.1187701293748282,1.5739987309875072,3.7132478818211707,28.95768133800248,-0.07644789122118434,-0.021599385198891635,Naive,0,Cabbage,13,112
1.1887431593481776,1.1547255850369411,1.963749774269909,2.3789025573411946,20.976965576236747,0.10064071676180557,0.10638425257199033,Naive,0,Pineapple,13,112
0.397558385366873,0.40733940236733945,1.036954235149636,1.3513474019232607,19.715058970540287,0.21729612569860363,0.24982586388361017,Naive,0,Carrot,13,112
0.6140211543857742,0.6761317086129521,0.3442092712747313,0.458383335509077,28.703240976520622,0.0005054690382025632,0.05885265143279286,Naive,0,Blackberry,13,112
0.03227367566145736,0.07797331652846465,0.4181949869834608,1.1914729746534756,36.439168180305145,-0.05645028221228736,0.44576555182642325,Naive,0,Potato,13,112
0.5251857824617324,0.5017779140165963,1.0703939642483937,1.4412372753711211,17.099626919981272,-0.1154578520957126,-0.0750285848632588,Naive,0,Avocado,13,112
0.2032350337324407,0.3226357992880799,0.015828345657212927,0.03862962364845168,3.469292541850162,0.7211095311715716,0.5464924619542914,Naive,0,Chayote,13,112
0.7988627672121424,0.9807793956215203,1.1820071133477046,1.8541570614821612,13.500667025755236,0.0596575634805183,0.20698510817684154,Naive,0,Peanut,13,112
0.6992399680106323,0.6366115735439181,0.9850780138276465,1.2002232421612236,21.80656458007768,-0.11577558593585247,-0.1056556245627908,Naive,0,Bell Pepper,13,112
3.3200919301023326,3.226662961659349,6.39342627179187,10.813556699552315,41.54128097336467,-0.1304511990346444,-0.21810662649119494,Naive,0,Strawberry,13,112
2.6268284488875535,1.7668224297520534,1.1039512336049655,1.2688807958179806,26.64166332451581,0.13370130019344037,0.12437687366281085,Naive,0,Cucumber,13,112
2.381533647113285,1.7402164189116662,1.7146774489953722,2.0336637068940875,30.19110895934515,-0.027962357912711833,-0.012619998094684174,Naive,0,Blueberry,13,112
4.738802357459162,3.6464690103705575,3.451484004534533,4.227392088864694,51.46883281568989,-0.1657951804804745,-0.08709747150397293,Naive,0,Mango,13,112
5.751792945520774,4.751113032825572,3.2283022780011414,3.985723145355185,61.78774197426318,-0.11055679429149504,0.011378721409840383,Naive,0,Watermelon,13,112
0.9314772776184757,0.9131071623977289,1.7019552808012453,2.0797352958372373,12.027064075963965,0.38642178043784864,0.3771088202583625,Naive,0,Tomato,13,112
2.6289006265604566,2.184098960129395,3.1330423198498676,4.657912783635806,20.23095250402123,-0.06957629443780079,-0.05233933689986436,Naive,0,Corn,13,112
1.2254974363603013,1.1812832602983045,0.3368769899511385,0.44360152593405283,19.40276465501117,-0.0019375509534742443,-0.11030440893439201,Naive,0,Grapefruit,13,112
1.1499880341659061,1.1246054823130305,1.3886344282223884,1.7879849840577533,11.236034402480191,-0.28472598075604694,-0.2892918733600392,Naive,0,Lemon,13,112
13.419793635567094,10.144851603436543,17.34480096264198,29.012850081709896,89.72085208335116,-0.19737148598837892,-0.08686874834527371,Naive,0,Pumpkin,13,112
2.5146246286064358,2.598066219008309,2.115573424354796,2.6877845259116535,43.80722604459048,-0.13819978633745866,-0.02708753365633751,Naive,0,Peach,13,112
0.5118571572039421,0.5562239117929005,0.24376060494192212,0.3651522410108319,11.551612460366622,0.045213483984515294,0.2794241941796161,Naive,0,Celery,13,112
0.37311615114612356,0.3051859272334726,0.27577234378413634,0.39352195238991033,11.212602085483244,0.224861208502934,0.4274906260616118,Naive,0,Lettuce,13,112
1.1443816042202521,0.9489362313721641,0.6842912966442837,0.8848201920134642,14.24340729924759,0.11361823607197848,0.06475929822449908,Naive,0,Grape,13,112
0.9874477824093113,0.9402364896169891,0.351978874386257,0.4891736835127823,11.67535344369429,0.2499543134253029,0.1964059484704242,Naive,0,Eggplant,13,112
0.9224632097553905,0.8269126481777584,0.6558552872953417,0.9347606007656749,19.069345200116327,0.013435861919386553,0.00838973049238363,Naive,0,Zucchini,13,112
2.066981816662237,1.7217424290876142,0.42709866059967333,0.5284550584036961,32.10357011731427,-0.016952659415479347,0.007395733116569327,Naive,0,Okra,13,112
0.8392625090029943,0.9801712764182546,0.08643981947173555,0.17051743325265958,8.898462022828415,0.30077247921806066,0.34174410832209146,Naive,0,Sugarcane,13,112
0.5045893834073504,0.599196227276591,0.24831964421637068,0.3907241015183501,13.285113256831652,0.31624004486825696,0.4612258016275647,Naive,0,Rosemary,13,112
0.21965493343723885,0.15750657563627238,1.1888110247240722,1.475454371912558,14.749560751401036,0.1490720950553655,0.20524913127081693,Naive,0,Citrus Fruit,13,112
1.2750530947378096,1.2906128883542296,0.4466025715463503,0.5707303383412294,34.77413725784316,-0.01351421566712536,0.003805030499230339,Naive,0,Plum,13,112
1.1856533239851599,1.2403401895684953,0.7332364875653103,0.9503124157912423,19.74754550099965,-0.2030810571028941,-0.26391653013401384,Naive,0,Cauliflower,13,112
1.1703153183056085,1.2822516593345097,0.2968711649327504,0.43966961808632765,14.566871869589521,0.045053730208621356,0.21843562723519117,Naive,0,Walnut,13,112
0.16742572504745004,0.17833056835802522,1.3995318947387143,1.8554908699636619,13.011582025517416,-0.017192054423002524,-0.05381844492794941,Naive,0,Coconut,13,112
1.228052839022161,1.0482386247175335,0.33383043219904124,0.432280023172384,14.838767296255162,-0.06394336400717897,0.09209079097502491,Naive,0,Coriander,13,112
1.2144829947966524,1.0965951916992664,0.4073901628541003,0.5229272689819388,17.28154373836066,-0.029302042803647104,0.10014521359800783,Naive,0,Basil,13,112
0.9290708451830346,0.941580623085048,0.17071094080677543,0.25488467675139154,16.42237695961015,-0.06684640388427504,-0.0391784045864265,Naive,0,Parsley,13,112
1.3074071081727456,1.350184170807342,1.3472295081485999,1.9394681915241,14.739630192169457,-0.0010045665584845578,0.08372055318678542,Naive,0,Onion,13,112
0.9288057616160535,0.7767996724530265,1.1032807288200386,1.3659701614073012,12.55290164039805,-0.08307536288825433,-0.03172520940744959,Naive,0,Garlic,13,112
1.211275014607542,1.2457033388131489,0.6517595798886181,0.93600698625015,13.395990438499572,0.02779650670169568,0.09940080620860282,Naive,0,Spinach,13,112
0.7557446369079251,0.7728364071329301,0.9107064799103937,1.1959520150595881,23.943684144847914,0.24013440222829052,0.24185733143120114,SeasonalNaive,1,Lime,1,112
0.7506877965376427,0.5883115988809096,0.49016716333463417,0.6113807438582166,12.443084371876624,0.9789569646603019,0.5865891258001917,SeasonalNaive,1,Cabbage,1,112
0.41418024007445475,0.4112486229448548,0.6300361589798388,0.7904603788134067,6.609890033131015,0.9075047806077449,0.8734070735970044,SeasonalNaive,1,Pineapple,1,112
1.2829616170512335,1.2014434537914749,2.5781150715203247,3.2698254217766296,80.11061738024493,0.38410074640228026,0.3727257528975163,SeasonalNaive,1,Carrot,1,112
0.5739964458172389,0.5979533106376207,0.26841807844425986,0.35311755536481065,21.242701971252565,0.6752970575793878,0.5407842364514825,SeasonalNaive,1,Blackberry,1,112
0.061770637793129954,0.05101236127472821,0.5082050717002717,0.6150453274992599,112.52803306059911,0.10418404642724044,-0.15836202859446058,SeasonalNaive,1,Potato,1,112
0.44907477348399505,0.4475853472900138,0.7368394888940827,1.0670129311916234,11.198650324205776,0.34724525813746526,0.2644376469122553,SeasonalNaive,1,Avocado,1,112
0.41676888501490755,0.4455936896695236,0.030862106951692215,0.047529208305393734,6.405447480110978,-0.8404628204411713,-0.9265428309911707,SeasonalNaive,1,Chayote,1,112
0.9951664718505394,0.9285677941417173,1.4611278528336382,1.7822468973931211,14.978857510133079,0.41242167988756234,0.5152031451175144,SeasonalNaive,1,Peanut,1,112
0.5265279628652483,0.4938028043784975,0.6760040050349323,0.828864249981248,16.214918410871825,0.23399535707597274,0.17630871579309446,SeasonalNaive,1,Bell Pepper,1,112
0.7824658065464334,0.6628184989194348,1.730754308751229,2.5550671451018676,12.553801022229594,0.947315541194648,0.8091078182307714,SeasonalNaive,1,Strawberry,1,112
0.8713261358346747,0.7730181991290797,0.4859090354456973,0.646852769618918,10.499656872659013,0.8417478674209977,0.8835198298824211,SeasonalNaive,1,Cucumber,1,112
0.8878419087892847,0.6917408883793307,0.6873293720923793,0.8208255302809891,11.415512182632742,0.9486380386601698,0.9115635759251505,SeasonalNaive,1,Blueberry,1,112
1.9391346169616805,2.237276084016089,1.5093499055397095,2.7124147996555763,16.494770898437093,0.7606446647678973,0.928232357924756,SeasonalNaive,1,Mango,1,112
1.0781839690128103,0.949565164210292,0.7958990784837471,1.0077070597258124,15.397665933215373,0.9627262649473098,0.94166013883227,SeasonalNaive,1,Watermelon,1,112
0.7889786777142306,0.7901143868321266,1.5800383524054433,2.008323350752512,9.86274381478785,0.42614184569538477,0.4642046734386299,SeasonalNaive,1,Tomato,1,112
1.2678461288551597,1.0254363285091441,1.6015153018376158,2.099201097224946,9.945923308809025,0.8007878198591631,0.6120298503385775,SeasonalNaive,1,Corn,1,112
0.9020290334425419,0.9187910629201335,0.23657930341987227,0.3285817897216342,12.762220932080032,0.545606052944637,0.5735361745581846,SeasonalNaive,1,Grapefruit,1,112
0.7202587594459873,0.7038980212365303,0.9613859620988123,1.244054368491872,7.449419243193391,0.5041265670787216,0.5366528701248797,SeasonalNaive,1,Lemon,1,112
1.3829588985986765,1.224203433157843,1.862154827290565,3.7829505140141024,13.68808863824405,0.9763058348325457,0.908450809869336,SeasonalNaive,1,Pumpkin,1,112
0.8249154497047454,0.7785332273099457,0.7480379622695521,0.8910485649003136,17.323126253462025,0.8682625593475751,0.8284088853285174,SeasonalNaive,1,Peach,1,112
0.5148217006632706,0.5447541230076939,0.21169669547318762,0.31330597360472767,9.653896758063444,0.4682592032417435,0.06324830142976537,SeasonalNaive,1,Celery,1,112
0.5796042946601524,0.4206935435180477,0.35444021874958775,0.4476616434409132,12.94780067636267,0.47212367305448094,0.39624835176743567,SeasonalNaive,1,Lettuce,1,112
1.2354925272321584,1.2525303921609825,0.6979654951698988,1.043720261040227,11.640743534456975,0.6094608050939635,0.6661361527953568,SeasonalNaive,1,Grape,1,112
0.6063085907700669,0.5479544854675827,0.2705771993523958,0.34436153173440415,9.614178638081,0.3782369065086519,0.29424261498146814,SeasonalNaive,1,Eggplant,1,112
0.3936499449310892,0.3295597539086536,0.34875681609891274,0.4368431829090493,11.129506852901859,0.6299972058641299,0.6835528859562003,SeasonalNaive,1,Zucchini,1,112
0.7535341613090777,0.7767275310653161,0.18366764709188782,0.26516399560737247,13.536163986155413,0.6058770969953687,0.4923280213936866,SeasonalNaive,1,Okra,1,112
0.6356053550019614,0.7151846653385298,0.0780411498188872,0.12973085439675533,7.421951170439196,-0.03530735882454959,-0.5297045175993459,SeasonalNaive,1,Sugarcane,1,112
1.015375748709665,0.9446942266959335,0.4386317862918485,0.5372880704909868,18.11210805535665,0.47328427569536086,0.4704214701959253,SeasonalNaive,1,Rosemary,1,112
0.26818224198672014,0.17394204021125004,1.0244319829168778,1.292243007470017,10.987784751552564,0.6846952667027831,0.7371112165405245,SeasonalNaive,1,Citrus Fruit,1,112
1.2956988664221807,1.2961567979593194,0.4202933316959973,0.5329075199782757,25.607085957363477,0.679455994911414,0.7396891038314806,SeasonalNaive,1,Plum,1,112
0.7406207401850547,0.7514051239200771,0.45218641822358313,0.5683971370914561,14.343321171458655,0.6582853502867606,0.6305859085555962,SeasonalNaive,1,Cauliflower,1,112
1.3886951536068521,1.3225641678726787,0.3807817515705597,0.4700475444448082,16.39882714222448,0.42805334361379976,0.35199716921071295,SeasonalNaive,1,Walnut,1,112
0.2373248207421906,0.2029716116448518,1.363158064231391,1.67897204475786,11.393649166994111,0.7503636445046757,0.7913318671529341,SeasonalNaive,1,Coconut,1,112
0.666399619662755,0.6311745848639735,0.21654342011368236,0.2909927802663879,9.083121702311423,0.5608975518689683,0.5027001579457923,SeasonalNaive,1,Coriander,1,112
0.765929855262402,0.7148574245485574,0.28359493687303056,0.3522227283026812,11.148766819136195,0.6345798699511923,0.6354319539526586,SeasonalNaive,1,Basil,1,112
0.4966749002367419,0.6139553392538626,0.10235224988073807,0.17400564893249748,9.39910550583944,0.4100091528887741,-0.2826191402804744,SeasonalNaive,1,Parsley,1,112
0.7350030968676815,0.6678366850979365,0.9938840296935051,1.2371657810333394,9.864572773783689,0.5411291504209478,0.4089081925328346,SeasonalNaive,1,Onion,1,112
0.895186265595389,0.7070428359347237,1.1425087387297914,1.3250350701415732,11.656993704216237,0.3798832072705275,0.1906297494013308,SeasonalNaive,1,Garlic,1,112
0.6504957306331366,0.6059893102887804,0.40549626422227764,0.5095511651085479,8.314694441072932,0.7460683320897218,0.5416228118486487,SeasonalNaive,1,Spinach,1,112
0.7832267274765191,0.7891739262244657,0.9438236424280182,1.2212340653075595,24.78727680514485,0.2640682989475845,0.2705530653530225,SeasonalNaive,1,Lime,4,112
0.7552056991478642,0.5930417253106857,0.49311716134564265,0.616296350180922,12.428743842365384,0.9794166937920473,0.5850150015167468,SeasonalNaive,1,Cabbage,4,112
0.4155473231085056,0.4150240126694605,0.6321157167675909,0.7977170499008627,6.620494250085495,0.9080173550058321,0.8667511600878973,SeasonalNaive,1,Pineapple,4,112
1.294270126194058,1.2053766577387408,2.600839553274152,3.2805299540750212,83.02284997565577,0.43295596584949836,0.433889385770188,SeasonalNaive,1,Carrot,4,112
0.5652258704448704,0.595825556569443,0.2643166924418607,0.35186102362294064,20.8873314058326,0.6838396295530268,0.5418802402287956,SeasonalNaive,1,Blackberry,4,112
0.06028355755656686,0.05052410975015205,0.49597042842562095,0.6091585813982964,113.84450404010789,0.1792351468734322,-0.08139450309774862,SeasonalNaive,1,Potato,4,112
0.43805087189524844,0.4408924728042385,0.7187515300687576,1.0510575750424473,10.968183209761312,0.3690662640213557,0.3347988681012614,SeasonalNaive,1,Avocado,4,112
0.3807493343673148,0.4124398592018982,0.02819482716088408,0.04399285814840171,5.826614463345684,-0.8215904556391342,-0.9056987735439134,SeasonalNaive,1,Chayote,4,112
0.9851455004586439,0.9233066635437381,1.4464148165454276,1.7721489446704604,14.666347531511272,0.4315824621322422,0.5005287922444558,SeasonalNaive,1,Peanut,4,112
0.5139537040219945,0.48817173175603645,0.6598600393998898,0.819412309359565,15.891787104685662,0.2673990188674999,0.21353239563631635,SeasonalNaive,1,Bell Pepper,4,112
0.7619345001493385,0.6557189955901533,1.6853406348069286,2.5276996112554824,12.092439971368306,0.9487057068240733,0.8260112435883686,SeasonalNaive,1,Strawberry,4,112
0.8446558499163828,0.7531912794627419,0.47103592149600043,0.6302618304746239,10.146927294306655,0.8479021846246699,0.8907329559486203,SeasonalNaive,1,Cucumber,4,112
0.8508674612310951,0.6694936268037498,0.6587053303885037,0.7944267434131783,10.825460917017763,0.9515707057527516,0.9168185030765279,SeasonalNaive,1,Blueberry,4,112
1.9151408531326255,2.2319645111929782,1.4906740566057817,2.7059751881843845,16.176417848673157,0.7617307834922439,0.9340122909018549,SeasonalNaive,1,Mango,4,112
1.0912964240000333,0.9613651858305319,0.8055784941873082,1.020229596924744,15.70191184323154,0.9591313514626415,0.9262371232311394,SeasonalNaive,1,Watermelon,4,112
0.751385082718376,0.7517245262845017,1.5047520061757393,1.910743488070795,9.343219273101298,0.45451119321979033,0.4834458562300074,SeasonalNaive,1,Tomato,4,112
1.1823058387306258,0.9251347930197084,1.4934626916350096,1.893870851456408,9.296405010077148,0.831663229377858,0.6597094466076956,SeasonalNaive,1,Corn,4,112
0.9109684982992395,0.92878984767363,0.23892389798427624,0.3321575957148961,12.795877194635269,0.5202382279391653,0.5771958762886599,SeasonalNaive,1,Grapefruit,4,112
0.7202094063426812,0.7035127993018438,0.9613200866338045,1.2433735354503983,7.446633599896167,0.4938256053919109,0.524886765110076,SeasonalNaive,1,Lemon,4,112
1.5621704441680717,1.345155056092762,2.103463260264534,4.1567070251947875,13.804729887059365,0.9774642489902307,0.9085549659119707,SeasonalNaive,1,Pumpkin,4,112
0.8074182360678615,0.7613413810907343,0.7321713906845316,0.8713721151814675,17.23783266240327,0.872874310647798,0.8092314094699965,SeasonalNaive,1,Peach,4,112
0.5054187273453299,0.5398820605040993,0.20783015609369748,0.3105038905700478,9.446120739000849,0.47000756010108014,0.07272254636718845,SeasonalNaive,1,Celery,4,112
0.5618424044363014,0.41295261289802415,0.3435784492383055,0.4394244889218703,12.484872100148348,0.4588582797484446,0.39065743848605017,SeasonalNaive,1,Lettuce,4,112
1.226840122842439,1.2481408956098723,0.6930775014498478,1.04006254022576,11.55312254475867,0.6113383074223537,0.6765859128150591,SeasonalNaive,1,Grape,4,112
0.6228522597240489,0.5678451758762033,0.27796013880060033,0.35686181925467597,9.951911774865206,0.3714183979222732,0.2920371136645122,SeasonalNaive,1,Eggplant,4,112
0.40186529850274266,0.3336806707028414,0.356035263845878,0.44230560478406783,11.422956027968516,0.625970959075568,0.6829337509437051,SeasonalNaive,1,Zucchini,4,112
0.7204654538054716,0.7609267696847771,0.1756074263196726,0.259769835037892,12.971023224344606,0.6298172954541369,0.5329936111642068,SeasonalNaive,1,Okra,4,112
0.592889787420543,0.6880285836942386,0.07279642998922184,0.12480487954784783,6.8568104086283865,-0.02831566337166075,-0.5119218960588278,SeasonalNaive,1,Sugarcane,4,112
1.0105129132624238,0.9499733734689229,0.43653109184314093,0.540290547380698,17.866784167824214,0.40070157223333364,0.39378766674281374,SeasonalNaive,1,Rosemary,4,112
0.27252454995279707,0.17662976794023139,1.0410192078098077,1.3122105630968297,11.155460016444753,0.6614505956197052,0.7050270320078199,SeasonalNaive,1,Citrus Fruit,4,112
1.3061749064366412,1.3004015690518111,0.42369150535714767,0.5346527335506895,25.79380643731051,0.6660116506400361,0.735400687654327,SeasonalNaive,1,Plum,4,112
0.7379526412968765,0.7506536161160411,0.45055740891524243,0.5678286622824377,14.368103749801353,0.6754401228505897,0.6297435241051085,SeasonalNaive,1,Cauliflower,4,112
1.3612898212525297,1.3107075707980635,0.37326717903882134,0.46583363598140354,15.90359023122801,0.40355937039668727,0.3459570643279906,SeasonalNaive,1,Walnut,4,112
0.23243038281684406,0.2013759967845834,1.335045149168605,1.66577319038172,11.12147652165321,0.7395392075386783,0.7692271534000139,SeasonalNaive,1,Coconut,4,112
0.6710228679746871,0.6331962182702473,0.218045722894118,0.29192482147919724,9.154800201046736,0.5438529417639391,0.5218747513431644,SeasonalNaive,1,Coriander,4,112
0.7869484135958305,0.728969904501561,0.2913773162681889,0.35917619345736285,11.507766023333351,0.61813582050974,0.6317135070467554,SeasonalNaive,1,Basil,4,112
0.47013337329762533,0.6006679961786336,0.09688270632982796,0.1702397842081939,8.80271618143402,0.4114426625057326,-0.29149796468684014,SeasonalNaive,1,Parsley,4,112
0.7273538103639832,0.6627714833388474,0.9835405308334663,1.2277825075022426,9.697113502286422,0.5183622587572487,0.3687099292408188,SeasonalNaive,1,Onion,4,112
0.8907112472119915,0.7075204050968124,1.13679736020947,1.3259300596047632,11.55252974342313,0.31999168080959595,0.09647720897853913,SeasonalNaive,1,Garlic,4,112
0.6378855025670164,0.594618140922732,0.39763548953767563,0.49998962251903356,8.119051286546418,0.7537199785436689,0.5641838741285186,SeasonalNaive,1,Spinach,4,112
0.8087344755832303,0.8088970123133732,0.9745616329531618,1.2517552264918896,25.401109084157493,0.3084587154858692,0.3442169747146224,SeasonalNaive,1,Lime,8,112
0.7639393547796165,0.6014164756003363,0.4988198665531901,0.6249994950304422,12.455560097551032,0.979843249369836,0.5792661997391573,SeasonalNaive,1,Cabbage,8,112
0.40641284438339637,0.403392388215758,0.6182206746255121,0.7753599214901936,6.386550330875016,0.9101210977318681,0.8815917227102521,SeasonalNaive,1,Pineapple,8,112
1.3458115766332925,1.2351178624161296,2.704412246657466,3.361473045338696,87.75266697976849,0.4582099338104749,0.45738081012785564,SeasonalNaive,1,Carrot,8,112
0.5598422403723747,0.5976231476529915,0.2617991443809897,0.3529225796970953,20.381648376908593,0.6766112489735863,0.5197478271067729,SeasonalNaive,1,Blackberry,8,112
0.05971980851295506,0.0503139718389973,0.49133230045146625,0.6066249927316173,119.09951345394188,0.2040204688653702,-0.06224811461626046,SeasonalNaive,1,Potato,8,112
0.4285374875970704,0.4334599153282238,0.703142019942996,1.0333388651098052,10.795874802056886,0.42218673475533197,0.42829160580699105,SeasonalNaive,1,Avocado,8,112
0.33272326683719106,0.3635617861822905,0.02463845410647323,0.038779283162997086,5.054837107658626,-0.7933291873999629,-0.8743796341673639,SeasonalNaive,1,Chayote,8,112
1.0279931833763658,1.0063011022188917,1.5093248368398715,1.9314443475078984,14.86249291308037,0.4567398088434134,0.4940223499338367,SeasonalNaive,1,Peanut,8,112
0.5001290519148138,0.48122511176686933,0.6421107063125976,0.8077521792100966,15.554819047768818,0.33448371963933626,0.27573630429415963,SeasonalNaive,1,Bell Pepper,8,112
0.7588936003649954,0.6542723332996165,1.6786143978772128,2.5221229423866527,12.01576096167236,0.9490141824000055,0.8273671299110711,SeasonalNaive,1,Strawberry,8,112
0.825500630875118,0.7352389520397289,0.46035370547458404,0.6152395286352044,9.858358255240493,0.8551441710771034,0.8992923769270157,SeasonalNaive,1,Cucumber,8,112
0.8655446379848499,0.696134203469169,0.670067775191322,0.8260386747529846,10.884240273352061,0.9410814852698267,0.8963117750686967,SeasonalNaive,1,Blueberry,8,112
1.936499634254167,2.236222660202484,1.5072989334896534,2.711137656274505,16.494906323348708,0.7593919685275106,0.927363607039892,SeasonalNaive,1,Mango,8,112
1.1123244268662469,0.9719932645021947,0.8211010474663155,1.0315084330830426,16.10869222190719,0.9563079040796322,0.9150711180733694,SeasonalNaive,1,Watermelon,8,112
0.7583487129629678,0.7571429162056423,1.518697633819698,1.9245160242800627,9.38102231169546,0.42889733770798133,0.4407288078287532,SeasonalNaive,1,Tomato,8,112
1.3650480011322808,1.4554663121744735,1.724298565733876,2.979528220862478,10.095254214019667,0.6621972514132337,0.6599138664352426,SeasonalNaive,1,Corn,8,112
0.9317981420900082,0.9452134800268728,0.2443869844657581,0.338031081788223,13.031336382884476,0.4797522942788091,0.5590931634187108,SeasonalNaive,1,Grapefruit,8,112
0.7346533907573736,0.7181918086893289,0.980599607598937,1.2693169039536287,7.539334943237526,0.44875515362340984,0.47299722930370963,SeasonalNaive,1,Lemon,8,112
1.8254995447721385,1.729117114514652,2.458036021864909,5.343200566159822,15.261319249110434,0.9624028353815384,0.9046415110038313,SeasonalNaive,1,Pumpkin,8,112
0.8207113795382246,0.7735564984810795,0.7442256878337563,0.8853525882543565,17.612224767204168,0.8636759965392596,0.7877554481757347,SeasonalNaive,1,Peach,8,112
0.5828999606439337,0.6640098181779885,0.23969074205844867,0.3818938375697519,10.5635453601511,0.31368120489178386,0.01667685878209497,SeasonalNaive,1,Celery,8,112
0.5600351448305927,0.41339562655812934,0.3424732719718736,0.4398959014885834,12.405746345046124,0.4433164092033259,0.3803370579495663,SeasonalNaive,1,Lettuce,8,112
1.2402784327178331,1.2535119909414318,0.7006691917269542,1.0445382168693065,11.677964663825923,0.6110561880746518,0.6768189916324859,SeasonalNaive,1,Grape,8,112
0.6072471083345621,0.5598789832726654,0.27099603137623635,0.3518554722682019,9.7521159348658,0.40668994522666035,0.3151673286049093,SeasonalNaive,1,Eggplant,8,112
0.4078524849961624,0.3374507956973495,0.36133965198494156,0.44730303964385465,11.62824180802737,0.6254848348125751,0.6983984224669173,SeasonalNaive,1,Zucchini,8,112
0.7021764142457682,0.7580320891729162,0.1711496259491286,0.2587816312987004,12.645528196364094,0.6431993860445299,0.5538036586044661,SeasonalNaive,1,Okra,8,112
0.6105498883776344,0.759909401483512,0.07496477953782624,0.1378436936590619,6.815975529337379,-0.039904799579214764,-0.4939918067915498,SeasonalNaive,1,Sugarcane,8,112
1.0301939989665665,0.9934317202795835,0.4450331166251406,0.5650071706486239,17.349947932385106,0.2730176601075584,0.34578912318032984,SeasonalNaive,1,Rosemary,8,112
0.2951848365501303,0.1928906600452789,1.127579459377547,1.4330153098530025,11.923111592163801,0.567735600317755,0.6373791121739629,SeasonalNaive,1,Citrus Fruit,8,112
1.312815476979692,1.3055901635757927,0.4258455456131277,0.5367859947767243,25.71557501548671,0.637168028246242,0.7200426598943309,SeasonalNaive,1,Plum,8,112
0.7271063278127915,0.7447854639315075,0.4439351859890075,0.5633897240911396,14.222999307503361,0.6881879383380053,0.6224848193042375,SeasonalNaive,1,Cauliflower,8,112
1.4260238202256694,1.3777853485515323,0.3910173133653773,0.489673496069665,16.119663970936745,0.41831129582712095,0.36481072711601314,SeasonalNaive,1,Walnut,8,112
0.22375767813363204,0.1948000271481888,1.2852304382983057,1.611377065242793,10.41584192456429,0.6964824508016754,0.714018909906031,SeasonalNaive,1,Coconut,8,112
0.6503425719646871,0.6218572757861694,0.21132575803394144,0.2866971864035017,8.818728829782826,0.5504235158063597,0.5147516816816198,SeasonalNaive,1,Coriander,8,112
0.7731021205897592,0.7219925422371943,0.2862505562078477,0.3557383253053137,11.297364663462341,0.6322042231318298,0.6528634485274605,SeasonalNaive,1,Basil,8,112
0.47786694715895645,0.63092141992631,0.09847640209329177,0.17881413203949037,8.69326811790566,0.3665341855706478,-0.2847497504279888,SeasonalNaive,1,Parsley,8,112
0.7476394495818922,0.7102111583322908,1.010971126618335,1.315664386223272,9.736732230096152,0.4676304194672105,0.33106885681005366,SeasonalNaive,1,Onion,8,112
0.930815271118595,0.7455398935496877,1.1879813422839143,1.3971805595582818,11.92104840276088,0.20106978726027042,-0.005785731488550213,SeasonalNaive,1,Garlic,8,112
0.6860191909999132,0.6801677612900172,0.4276403457167954,0.5719247342324245,8.557070443170632,0.6859507647136805,0.5303701567064387,SeasonalNaive,1,Spinach,8,112
0.852022699160736,0.838956857408788,1.026725900869293,1.2982723573910515,26.478233663302923,0.24263931111401973,0.2656131172722711,SeasonalNaive,1,Lime,13,112
0.7212984431883904,0.5758060983690213,0.4709771671339701,0.5983848719090299,11.587475609300494,0.9817044819811686,0.645479504381231,SeasonalNaive,1,Cabbage,13,112
0.41912106303845226,0.41510563274125556,0.637551962055999,0.7978739317219079,6.51986818636778,0.9049270347365376,0.8968758802593682,SeasonalNaive,1,Pineapple,13,112
1.343213008325098,1.235821274022343,2.6991904161438383,3.3633874368522636,89.83087576587958,0.5020820024062205,0.5257053785700565,SeasonalNaive,1,Carrot,13,112
0.5763295391950131,0.6216055190989483,0.2695091033902446,0.36708521785995907,20.595298484144084,0.6221522953582576,0.5014909181089795,SeasonalNaive,1,Blackberry,13,112
0.060752042968654364,0.051038217273950824,0.4998247946900234,0.6153570678522314,125.55062505145492,0.15159656577573954,-0.08598744055352685,SeasonalNaive,1,Potato,13,112
0.4263747805520227,0.43175227014738554,0.6995934617789793,1.0292679555036852,10.811505686435654,0.4603001375281967,0.4992250085307578,SeasonalNaive,1,Avocado,13,112
0.2726906824245365,0.2911448797661182,0.02019298778845967,0.031054940763895405,4.090115413049802,-0.7550858098311652,-0.8292047435244946,SeasonalNaive,1,Chayote,13,112
1.0371439513067997,1.0122165161914598,1.5227602190358884,1.942798099238164,14.816473001574261,0.4767280919333516,0.48265271399238496,SeasonalNaive,1,Peanut,13,112
0.48829543444367524,0.47769619612609804,0.6269176427552338,0.8018287782291799,15.25348990499549,0.4000751024260066,0.3400802707016691,SeasonalNaive,1,Bell Pepper,13,112
0.7439495386671404,0.650530312944428,1.6455592803788972,2.507698008137787,11.589800206483375,0.9494838690106312,0.8258934859719779,SeasonalNaive,1,Strawberry,13,112
0.843640863414929,0.7657319968439882,0.4704698979468051,0.6407557590525107,10.038415657891111,0.8397051396434212,0.8817888246367582,SeasonalNaive,1,Cucumber,13,112
0.8590911976348974,0.6956322364716883,0.6650717966734604,0.8254430365106712,10.506456356777536,0.9388130683866602,0.8943696966122349,SeasonalNaive,1,Blueberry,13,112
1.9664429631184808,2.244441928657502,1.5306057014662418,2.7211024816078693,16.825172978668974,0.7543927332510039,0.9074800002557613,SeasonalNaive,1,Mango,13,112
1.1245939616795126,0.9782904947324086,0.8301582322621938,1.038191242856275,16.322675387625054,0.9540960308890485,0.9007111615110186,SeasonalNaive,1,Watermelon,13,112
0.747099727648865,0.7454144914980739,1.4961699930557917,1.8947045569782317,9.212528014907587,0.4353219783329106,0.4416511058230973,SeasonalNaive,1,Tomato,13,112
1.3217456266784788,1.4419031364785244,1.6695999601891423,2.9517626419462464,9.848921700715875,0.6672973684882948,0.6555181071170584,SeasonalNaive,1,Corn,13,112
0.9293664833240289,0.9493805545553602,0.2437492221369618,0.33952132789719375,12.926359755725688,0.4558014065786261,0.548851113099515,SeasonalNaive,1,Grapefruit,13,112
0.726361081486943,0.7050886122380442,0.969531210829829,1.2461585936663062,7.417611395576557,0.45138875183662225,0.47897282832500476,SeasonalNaive,1,Lemon,13,112
1.7211790482737934,1.6778569533471912,2.3175684227651945,5.184799888801249,15.527574833774386,0.9537224575757188,0.9039306958162987,SeasonalNaive,1,Pumpkin,13,112
0.8005268737878866,0.7556993724652726,0.7259222646692306,0.864914711036697,16.98388772827355,0.8607949410592037,0.7878642639590309,SeasonalNaive,1,Peach,13,112
0.564521489901287,0.6560255362429084,0.23213344305753938,0.3773018150047945,10.151174816748059,0.32585125685562416,0.0737825747222439,SeasonalNaive,1,Celery,13,112
0.5292657266723527,0.39603610985070187,0.32365712550215375,0.42142357193106167,11.60085993585764,0.4450514197699037,0.4145136229295596,SeasonalNaive,1,Lettuce,13,112
1.300334813447631,1.364024707460453,0.7345967797861807,1.1366272887635978,11.713538232282856,0.7922071872235745,0.6875023455393235,SeasonalNaive,1,Grape,13,112
0.6115875438795391,0.5658954452703613,0.27293303657723117,0.35563651270877866,9.85507251924398,0.4188061060321708,0.3233937313385727,SeasonalNaive,1,Eggplant,13,112
0.41093008139586584,0.34008125037931436,0.36406626921280866,0.45078980094325183,11.824259833634619,0.6534321661937897,0.7290893824703191,SeasonalNaive,1,Zucchini,13,112
0.6686446281958189,0.747461265471291,0.16297653365576323,0.25517289884429695,11.865940596912697,0.654809896447253,0.5566658515498684,SeasonalNaive,1,Okra,13,112
0.5773587285659981,0.7639631796191236,0.07088948933591387,0.13857902835869343,6.356204804164357,-0.04575116714833727,-0.5787130181044507,SeasonalNaive,1,Sugarcane,13,112
1.0242728474466403,0.9912893205698979,0.44247524061580074,0.5637886961690419,16.95461085431663,0.23163537340663592,0.3150319019703062,SeasonalNaive,1,Rosemary,13,112
0.30104460423672236,0.1959035939849114,1.1499632435764464,1.455398874003053,11.991321762425594,0.5493281348752812,0.6217343049362478,SeasonalNaive,1,Citrus Fruit,13,112
1.3467784609983084,1.3262608425744191,0.43686231507819506,0.5452846272714719,26.072542056860957,0.6289274155680536,0.6930624630283881,SeasonalNaive,1,Plum,13,112
0.7287853954987256,0.745323323871183,0.444960341728864,0.5637965859026121,14.377268625175166,0.7144530939661787,0.6807515493069597,SeasonalNaive,1,Cauliflower,13,112
1.4496754434528492,1.3907890333838968,0.3975026146905392,0.49429508666819055,16.177934341383985,0.45535322030511893,0.41592249304630535,SeasonalNaive,1,Walnut,13,112
0.22037721866123924,0.19371788041238083,1.2658135876874483,1.6024255961037162,10.144344807528004,0.6514824849838734,0.670370510866185,SeasonalNaive,1,Coconut,13,112
0.6599182294968476,0.6284754431693985,0.21443732288282405,0.28974838487266885,8.914661212493002,0.5370429036700578,0.50025118753346,SeasonalNaive,1,Coriander,13,112
0.7815236561135553,0.7265716108451585,0.28936873317775663,0.3579945123193897,11.429532720479967,0.6195127781643719,0.65070653275348,SeasonalNaive,1,Basil,13,112
0.45643651990116596,0.6347710762153651,0.09406012809858248,0.17990519175982475,8.05583687595472,0.40000647652247673,-0.2795293428715942,SeasonalNaive,1,Parsley,13,112
0.7163648157902522,0.6744613620980721,0.9686810203691371,1.2494379785298941,9.280871326518211,0.5394510211006284,0.36679174140054155,SeasonalNaive,1,Onion,13,112
0.9153598404515705,0.7393532734480877,1.1682558781246049,1.385586511526629,11.5954814682247,0.20548857156959976,-0.09498903200585455,SeasonalNaive,1,Garlic,13,112
0.7145336309704334,0.747317313359148,0.44541524928638904,0.6283879950728463,8.647541826003694,0.676836641437918,0.5876883301030452,SeasonalNaive,1,Spinach,13,112
0.2417216028954567,0.30758442611869447,0.2912854677896172,0.47598199414837783,7.290357478381424,0.8557673939703186,0.8774728097591218,Naive,1,Lime,1,112
1.2953257062830812,2.551647926319781,0.8457925251637834,2.651704318298603,12.60886287389392,0.3426414769714535,0.5505173546235032,Naive,1,Cabbage,1,112
0.5149766052123359,0.6232337641702397,0.7833639824394609,1.1979167098180712,8.158452022879239,0.7440587050036314,0.7139385426175808,Naive,1,Pineapple,1,112
0.2174994453379815,0.3593513390774605,0.4370657630132116,0.9780037005960432,11.15972220144466,0.9270777833946825,0.9354710055320286,Naive,1,Carrot,1,112
0.3596322159419307,0.49472856364268836,0.16817488863079125,0.29215883222782685,12.626948324824491,0.7653988904119277,0.7078979779354103,Naive,1,Blackberry,1,112
0.009444404694915424,0.012671421442393742,0.0777018748166413,0.15277666738354148,50.420214333425996,0.9256596279606938,0.8424976577251455,Naive,1,Potato,1,112
0.28413008137316964,0.33311000317851974,0.4661991193898624,0.7941115209709044,6.94675919788189,0.6657337168721164,0.627656916528664,Naive,1,Avocado,1,112
0.0034631708178391157,0.01841418211625568,0.00025645088204774964,0.0019641469748507357,0.05028099600647363,0.9603698698533437,0.9564234639898904,Naive,1,Chayote,1,112
0.3508199004455925,0.4186892811326929,0.5150823931157961,0.8036114077811883,4.924574467935564,0.7460876820794218,0.7655094029178473,Naive,1,Peanut,1,112
0.19157270070971247,0.21472511644835152,0.2459582815514536,0.36042317098847365,6.179889701674353,0.7583715179776523,0.7559511073634774,Naive,1,Bell Pepper,1,112
0.8911527869235221,1.2770230022459867,1.9711615674697522,4.922734537278916,10.351132423983062,0.7876296236255464,0.9211384042781193,Naive,1,Strawberry,1,112
0.5901767127028067,0.638216831930984,0.32912153718105086,0.5340525304799885,6.795251078630263,0.8697375605657857,0.9101002437434681,Naive,1,Cucumber,1,112
0.6690852397682558,0.5888548520706479,0.5179772808351853,0.6987400981050139,7.703391084666417,0.9194335799144618,0.9077017271941016,Naive,1,Blueberry,1,112
0.9134532811753944,0.9138402981713105,0.710997891326007,1.1079159907846683,8.63071551261582,0.9591434137343819,0.9447877712416303,Naive,1,Mango,1,112
0.9357548353666099,1.084742437206083,0.6907600488967633,1.15116124006701,9.546206871817125,0.9328743588629813,0.963134458598181,Naive,1,Watermelon,1,112
0.488100006304654,0.5136645471324267,0.977487417030081,1.3056394386082086,6.066932317355777,0.7033663850503025,0.6772261977484398,Naive,1,Tomato,1,112
1.5400371542568567,1.9539142586428782,1.9453410092973331,3.999915783742415,10.520995583627442,0.24680989404566442,0.6273065727438654,Naive,1,Corn,1,112
0.45660051240992405,0.6927788700700139,0.11975471649159222,0.24775439182599446,6.524527559076548,0.7160132020339165,0.7136143005244279,Naive,1,Grapefruit,1,112
0.5380007378932182,0.5495298145834762,0.7181118594200585,0.9712272883622401,5.409557210350558,0.6408521511710281,0.6267414061508881,Naive,1,Lemon,1,112
2.8924794322492065,2.862650309785013,3.894724957523541,8.845968053618071,18.124069966384486,0.8657478562109319,0.9027977617905675,Naive,1,Pumpkin,1,112
0.410063135368587,0.4921906000202584,0.3718475539435842,0.5633230701287409,8.135635068140884,0.9069447941182972,0.8596297231050901,Naive,1,Peach,1,112
0.3901093046439101,0.6262441632183297,0.1604144707965119,0.3601735700284468,6.796054379987915,0.31137911177864386,0.4973866087149118,Naive,1,Celery,1,112
0.3529684655739094,0.3131685676364467,0.21584764174854515,0.33324389647105246,7.59685073736873,0.580736720926096,0.5417795677302001,Naive,1,Lettuce,1,112
1.0430341620888188,1.4449243501436058,0.5892401931822011,1.2040401010256965,8.866462602077698,0.4190909658684573,0.6764361556702351,Naive,1,Grape,1,112
0.4331252236655466,0.49889381067270927,0.19329069680417502,0.31352939226232823,6.850366745527915,0.4409105076596514,0.40814579158108194,Naive,1,Eggplant,1,112
0.26176231655713056,0.26914831739593825,0.2319100847661027,0.35676567375531526,7.4120487880593044,0.7134521847590867,0.6420261612575683,Naive,1,Zucchini,1,112
0.31812447651085946,0.5790168593483506,0.07754017944134341,0.1976683171488223,5.513343331116404,0.7160941324399346,0.7709941023668258,Naive,1,Okra,1,112
0.22519415910124485,0.6458661338999486,0.027649878923226408,0.11715682597460118,2.1970168005041595,-0.023687524632522296,0.8055565810252704,Naive,1,Sugarcane,1,112
0.48460148054813146,0.6638752568536437,0.20934281060250232,0.3775742941175083,7.3350802953411876,0.49026126660291613,0.44476062658132764,Naive,1,Rosemary,1,112
0.18157033155825114,0.13882989624797612,0.6935822947080322,1.0313893204676343,7.4332191087544475,0.7904482436185888,0.8609446433256174,Naive,1,Citrus Fruit,1,112
0.5202478510385435,0.840367895278844,0.1687558029779328,0.3455124963642459,9.089867254817488,0.7843377965484493,0.8190810465858328,Naive,1,Plum,1,112
0.35019318544099276,0.4702600622675248,0.21381065047044576,0.3557261782922599,7.3121650696603995,0.7607874196396462,0.6674982685285378,Naive,1,Cauliflower,1,112
0.8350825343258622,1.0562046018553437,0.22898055725238534,0.3753816953410798,8.934092967842096,0.5540567500062957,0.4643434314514174,Naive,1,Walnut,1,112
0.15722770257671093,0.1725525674707663,0.9030922683002627,1.4273470791646017,6.845143346702918,0.6287636731889742,0.7323513432021457,Naive,1,Coconut,1,112
0.46000651426548334,0.5977287655064767,0.14947695186865734,0.2755731290375242,5.959016282537681,0.5387444574460845,0.5729114538818004,Naive,1,Coriander,1,112
0.4101012147517251,0.5664274941130772,0.15184501205952364,0.2790887112743517,5.851016876578998,0.7420194893583927,0.734062238053174,Naive,1,Basil,1,112
0.40244373510077186,0.7239046041168575,0.08293356825226705,0.2051671878245401,6.498939961708854,0.1348432334741474,0.6716138242391374,Naive,1,Parsley,1,112
0.4295803655154154,0.5819392092893371,0.5808860759569451,1.0780409229373005,5.3961226960573185,0.433041698969648,0.6530744065425729,Naive,1,Onion,1,112
0.3501809111350703,0.4165698961721549,0.44692905430366686,0.7806736643666363,4.26358946066201,0.5920114057192116,0.6129429086108702,Naive,1,Garlic,1,112
0.6951326818138501,0.8638448382975883,0.43332137682130184,0.7263711361802397,8.172306172301804,0.5139127293225771,0.605374441613482,Naive,1,Spinach,1,112
0.33104160949102135,0.3611004551451125,0.3989201168756289,0.5587971956081137,10.137736065472325,0.8050511476820382,0.7977410820376679,Naive,1,Lime,4,112
1.7106037549937814,3.159297968338679,1.1169514064863717,3.283181813220802,17.047087540453738,0.02892486321020027,0.20198694426562233,Naive,1,Cabbage,4,112
0.7538822126763227,0.766930850922641,1.1467786428257156,1.4741166708424203,11.744285280962046,0.6251743596796123,0.5877154342711225,Naive,1,Pineapple,4,112
0.3451662797646476,0.49678608477413705,0.693612635183226,1.352043464095721,17.531845404026775,0.8630114500355405,0.8739667378507956,Naive,1,Carrot,4,112
0.5732488145219288,0.6943533173718714,0.2680684634646998,0.4100459711952225,19.77844184895761,0.5378522019057723,0.5118086346138551,Naive,1,Blackberry,4,112
0.017808422982269725,0.019136900708728873,0.14651509522829823,0.23072959317317307,92.32863576173902,0.8309431610545465,0.5943294701272313,Naive,1,Potato,4,112
0.4232467378785543,0.515856420987286,0.6944609860737069,1.2297665130556985,10.532016763678687,0.19109777240954623,0.36568942153145345,Naive,1,Avocado,4,112
0.013852683271356463,0.03682836423251136,0.0010258035281909986,0.003928293949701471,0.20112398402589451,0.8376985942033639,0.8242419626226968,Naive,1,Chayote,4,112
0.42637525380255603,0.5167101580420038,0.6260146183697904,0.9917478097256975,5.872144928264277,0.6343067536035193,0.7122993067822381,Naive,1,Peanut,4,112
0.3107643598918465,0.31230052726748725,0.3989872651127734,0.524206707631217,9.993310963698505,0.4706381055100464,0.48880285336952317,Naive,1,Bell Pepper,4,112
2.0057794195261867,2.3943618892333536,4.436630129655996,9.229910460612821,23.12452398036607,0.2565873897916531,0.7306982878650035,Naive,1,Strawberry,4,112
1.130203738472282,0.9803118724253008,0.6302762947562821,0.8203137396804386,13.18715315161413,0.6937252671890842,0.7498703029257302,Naive,1,Cucumber,4,112
1.3189318588814491,1.1383240829343066,1.0210608413764057,1.3507448882995536,14.847546014087552,0.7013345579229208,0.7657695656183569,Naive,1,Blueberry,4,112
2.4682856844937966,2.5909095547780723,1.9212213180810587,3.1411507373439327,20.849295212660415,0.6721599606331702,0.8307459803136269,Naive,1,Mango,4,112
2.0299788527110927,2.022787340385454,1.4984996481570358,2.1466426529301366,22.596928796649117,0.7682792849815133,0.8255974608790523,Naive,1,Watermelon,4,112
0.6293001222254453,0.653783017039593,1.2602600759380476,1.6617944456250142,7.8290293586108035,0.5163348354262743,0.5028699794736213,Naive,1,Tomato,4,112
1.7448303760158765,1.8790368475638497,2.20403129583538,3.8466320165064873,12.358445401994658,0.29018949384551707,0.48329262014227414,Naive,1,Corn,4,112
0.7431116957833591,0.921609746068494,0.1948993223429162,0.3295898186314964,10.109205231437292,0.49825850746687345,0.5441082364758733,Naive,1,Grapefruit,4,112
0.6331861247443867,0.6521510509364177,0.8451632746448402,1.1525978754831465,6.427886653034477,0.4956431931702124,0.49489423545112143,Naive,1,Lemon,4,112
7.694666158255853,5.959893865432004,10.360871711736637,18.41686026279794,45.01858899377278,0.49477406540426794,0.8062051845997501,Naive,1,Pumpkin,4,112
0.8750214020772311,0.8652805157187298,0.7934743212608945,0.9903327625866739,16.433475978037976,0.7169198301414592,0.7176177939571402,Naive,1,Peach,4,112
0.5222292869523548,0.7091085818383116,0.21474272390751986,0.4078316165790307,9.143859387918374,0.11772949198499587,0.2614207095553475,Naive,1,Celery,4,112
0.43592744867869404,0.37009550056470375,0.26657880504357234,0.39382006823162746,9.308041592664765,0.412825724275113,0.3586619247729426,Naive,1,Lettuce,4,112
1.5032781437718137,1.803337909019261,0.849245342136028,1.502702309600653,13.189927096506425,0.09482631466443169,0.34914065854175197,Naive,1,Grape,4,112
0.47380111186287693,0.5303086109183051,0.21144311634292215,0.3332719968373641,7.630644126308168,0.3994377067471119,0.3326925499131064,Naive,1,Eggplant,4,112
0.3386380650695389,0.32979184150705265,0.30001867116791636,0.43715082328077526,10.04813992259471,0.5726774371965742,0.5844980624020281,Naive,1,Zucchini,4,112
0.47255025281319024,0.7031905629485325,0.1151801703536514,0.24005949562402043,8.463791118868764,0.5870536043548042,0.6069872836354743,Naive,1,Okra,4,112
0.23557796385298543,0.6426318110411743,0.028924827373461158,0.11657013628702918,2.322343261893692,-0.013666660077167518,0.7305043168976239,Naive,1,Sugarcane,4,112
0.5471632725885548,0.7335189317235449,0.23636885552349113,0.4171836350400444,8.346327199799388,0.36596038693175514,0.31607565452272374,Naive,1,Rosemary,4,112
0.25274627361370083,0.1760384261750395,0.9654679755632609,1.3078173913244042,10.385905318804106,0.6638575830403916,0.7370270661761805,Naive,1,Citrus Fruit,4,112
0.9761543296683746,1.1210944059686203,0.3166408230321894,0.4609316098845987,16.692958941757844,0.6161653791293682,0.6736844162965142,Naive,1,Plum,4,112
0.5947387786704443,0.744206386148443,0.36311810284770024,0.562951683221349,11.950504560753634,0.39562273823153515,0.41500805217846815,Naive,1,Cauliflower,4,112
0.9444644099133649,1.154565264857785,0.25897318887358983,0.4103396877299313,10.485466553959299,0.44987999728884165,0.3624661801143052,Naive,1,Walnut,4,112
0.18734147804907259,0.1764073472948714,1.0760612639208105,1.4592336445365786,8.223126831736465,0.6094606882263606,0.6655072390336879,Naive,1,Coconut,4,112
0.5553366054351165,0.6707090419918019,0.18045401633947497,0.3092194989458615,7.367092361773997,0.4249111565146732,0.4259324418963494,Naive,1,Coriander,4,112
0.6785436530620527,0.7263334837437466,0.251239122138414,0.3578771829408845,9.888020659834359,0.5887017977209996,0.56206950406661,Naive,1,Basil,4,112
0.4960068204974743,0.7928929943998875,0.10221457538907124,0.2247197006092581,8.111693042895245,-0.03798322457300594,0.4224732697800266,Naive,1,Parsley,4,112
0.5785649914913596,0.6278214559690182,0.7823456902883497,1.1630376696205225,7.274372147764628,0.3324155548383922,0.44558883016386247,Naive,1,Onion,4,112
0.4618813148752237,0.47437953807269,0.5894900969576131,0.8890119417911836,5.649860657073932,0.45958527286768924,0.5279089933816873,Naive,1,Garlic,4,112
0.7806642816962442,0.9107372327519914,0.48663878167422564,0.7658009971089484,9.33731025609994,0.46271014324643106,0.44505111623551735,Naive,1,Spinach,4,112
0.4058352836171898,0.4145234849478611,0.4890498781157429,0.6414684822523467,12.534392839407216,0.7530864609343658,0.8035015319937108,Naive,1,Lime,8,112
1.8981821119682767,3.199185694932702,1.2394320856251984,3.3246336356942248,19.53627129295758,0.054570485715507926,0.028905859014538324,Naive,1,Cabbage,8,112
1.0779016730166222,1.0069858434385532,1.6396654502475876,1.9355260221039368,16.62615026813023,0.3493741561823736,0.2938675531884241,Naive,1,Pineapple,8,112
0.4448622606962662,0.6101672926855237,0.8939519965435159,1.6606195812741327,25.503285965533298,0.7990073811783672,0.8518991626188793,Naive,1,Carrot,8,112
0.7527368126781151,0.8031055955001145,0.35200247371853727,0.4742689429721481,24.569041451585367,0.3703789082566064,0.3797650926170323,Naive,1,Blackberry,8,112
0.021512220535148736,0.022982486705525464,0.17698731905781345,0.27709501597899927,94.59452162959958,0.7531607533781748,0.5041973638827878,Naive,1,Potato,8,112
0.5470232089079771,0.5808611667226449,0.897552758392295,1.3847333919055302,13.87541583813969,-0.01184474211748314,0.059285140421580965,Naive,1,Avocado,8,112
0.027705366542712925,0.05208317217763376,0.002051607056381997,0.005555446580655993,0.4022479680517891,0.6638156752466197,0.6442463887354535,Naive,1,Chayote,8,112
0.6453696541083302,0.8014668234269132,0.947547574867367,1.5382956079544294,8.576264360736088,0.3744735657150007,0.5702357586365685,Naive,1,Peanut,8,112
0.3951113328823487,0.3889101746160077,0.5072795032759064,0.6527985206541896,12.617635924908415,0.15932565257190193,0.15860752399474745,Naive,1,Bell Pepper,8,112
2.5773797671005294,2.775666972515261,5.700966227375669,10.699785082613005,32.00045417987099,0.00337866676902474,0.36041911227275353,Naive,1,Strawberry,8,112
1.6757258544528377,1.3183694829131252,0.9344954777795064,1.1031964737236615,19.774750397839153,0.4420330658104937,0.48265779637597245,Naive,1,Cucumber,8,112
1.9003139128786746,1.6105495631152962,1.4711420530919135,1.9110915971516098,21.35293078234984,0.3903688771687006,0.4590826831444112,Naive,1,Blueberry,8,112
4.023866937419499,3.8326015468283305,3.132027621380191,4.646545516250762,34.76182337893342,0.2794880416709812,0.5498335873793474,Naive,1,Mango,8,112
3.6066910128871608,3.192103290188375,2.6624046879131416,3.387555843597105,40.32989131301773,0.42451161032874074,0.5379416840504477,Naive,1,Watermelon,8,112
0.719116853377956,0.7182743167952084,1.4401304373523736,1.825719296732808,8.958134112119653,0.42075173658211923,0.395149817778339,Naive,1,Tomato,8,112
2.355398525496554,2.3797957548593147,2.975287532655653,4.871750415781564,16.757143748539317,-0.024995923112343357,0.04563746914531564,Naive,1,Corn,8,112
0.9596832245982327,1.0160681890882086,0.2517005333106597,0.36337043047494744,13.093719981465183,0.37259396122413707,0.38824530754941866,Naive,1,Grapefruit,8,112
0.7623202063404465,0.7253629973842933,1.0175286803366324,1.2819911100944246,7.7288838013552805,0.3345995996502667,0.335863045160284,Naive,1,Lemon,8,112
10.824116950344328,7.963701229385403,14.574678720145016,24.60889002855288,68.11704611938657,0.0875941446229874,0.4953517965307871,Naive,1,Pumpkin,8,112
1.3516863035756888,1.3054719484255215,1.225716730746551,1.4941416311561928,25.34421842809842,0.36339604132711856,0.3435371687312817,Naive,1,Peach,8,112
0.5593504849305603,0.7457983814162216,0.2300071056029062,0.42893312438341874,9.682510290501938,0.10756348305587403,0.2372385296426393,Naive,1,Celery,8,112
0.4714632898145672,0.4039953018897941,0.28830971943066236,0.42989297927895226,10.120829601547674,0.30007134616955344,0.2870456757434837,Naive,1,Lettuce,8,112
1.7226050029581816,1.8823766541419706,0.973149434230392,1.5685644557074951,15.194315353888056,0.008167064328589789,0.16372721653035985,Naive,1,Grape,8,112
0.5553535550903962,0.5781509114269642,0.2478375069630869,0.3633384500224328,8.909779307914663,0.3037499443960735,0.2606906864533499,Naive,1,Eggplant,8,112
0.44196617277677397,0.4058908490828014,0.39156290309663977,0.538022766202617,13.194018797133875,0.3599564995479743,0.3101419240428469,Naive,1,Zucchini,8,112
0.8483039074714973,0.9435714597260899,0.2067669797922239,0.32212219651708357,15.478819205646518,0.26636142158210396,0.2657482169387304,Naive,1,Okra,8,112
0.3282123048669772,0.747050433712003,0.04029869392218542,0.13551114242228646,3.2532676067674737,-0.02207561406040276,0.5848241370160061,Naive,1,Sugarcane,8,112
0.8310221771260081,0.9822528770264466,0.3589929565130377,0.5586492836709445,12.770875266357333,-0.08457011533772212,-0.1334519942088174,Naive,1,Rosemary,8,112
0.3477418627764766,0.2408033226384622,1.3283425605971142,1.7889660801792375,13.971729561318936,0.36556879557056554,0.41022842084018707,Naive,1,Citrus Fruit,8,112
1.311902020108088,1.3535374491370853,0.4255492423270199,0.5564992494372615,22.6152353083412,0.4348725584625872,0.49037493131727866,Naive,1,Plum,8,112
0.7871204075701835,0.9483780182106417,0.48057681684814174,0.7173964260705973,15.757446570950359,0.031746254712417175,0.10343638450227714,Naive,1,Cauliflower,8,112
1.258750015456497,1.4759805592588429,0.34515065054420807,0.5245726856821082,13.440988002301774,0.1088475852257773,0.06177631966793408,Naive,1,Walnut,8,112
0.2353128230493684,0.2178359781040334,1.351601452193896,1.8019294157209993,10.436163276427019,0.37990531270461475,0.4382362318832804,Naive,1,Coconut,8,112
0.7611398833611309,0.8045441623307411,0.24732882292363698,0.37092200519159013,10.0519258247321,0.17016013246839312,0.1992556217754099,Naive,1,Coriander,8,112
0.8729821756988715,0.8865554513380873,0.32323237344467465,0.4368213424643604,12.650989576199112,0.4000450965995117,0.3764376046922266,Naive,1,Basil,8,112
0.53053546058347,0.8160254608879203,0.10933006279630557,0.2312758449821553,8.677955621949176,-0.05573462884579157,0.42813025495369633,Naive,1,Parsley,8,112
0.6690845437935818,0.7558771353560195,0.9047478104856481,1.4002604939122751,8.309481738058821,0.1343113122968486,0.24937935274436832,Naive,1,Onion,8,112
0.5740867481063167,0.563400550325242,0.7326956988825073,1.055841951543272,6.96389278521328,0.2348725528129515,0.2758821228678455,Naive,1,Garlic,8,112
0.9862138118574109,1.1666666976380855,0.614771162361601,0.9810014219418068,11.526506754658461,0.13534913010101077,0.22283444552098608,Naive,1,Spinach,8,112
0.5257942158769175,0.5215105791514199,0.6336058188354069,0.8070293043321327,16.409760317834156,0.6353786056871865,0.7342844876230207,Naive,1,Lime,13,112
2.1506358569440547,3.554636091710907,1.4042736304308054,3.6940221169010146,21.91531988721359,-0.07988749932508932,-0.17855294066713023,Naive,1,Cabbage,13,112
1.3599641954948019,1.2570307752114942,2.0687288653017943,2.4161370210521684,20.576093853517474,-0.010655266181616269,0.006205278066261984,Naive,1,Pineapple,13,112
0.5676362773836058,0.6624468896269551,1.1406667373478605,1.8029027279173349,36.700534385197265,0.7749728060370307,0.8361996877370463,Naive,1,Carrot,13,112
0.9866055522467748,1.002786858039912,0.4613665614940706,0.5921894528611622,32.268823589752955,0.018383975678067745,0.0393985679834277,Naive,1,Blackberry,13,112
0.026070259105423675,0.02669164348540263,0.2144876331419398,0.3218155403660133,104.91044244498083,0.660350871889815,0.45392549341773003,Naive,1,Potato,13,112
0.6519288596287663,0.6678048709974042,1.0696813895766126,1.5920012511162072,16.739809858884136,-0.2762718000896599,-0.1707588713284626,Naive,1,Avocado,13,112
0.045021220631908505,0.06639327781589184,0.0033338614666207455,0.007081832630371805,0.6536529480841572,0.42510909495027155,0.4123022976306864,Naive,1,Chayote,13,112
0.7343207196285298,0.8827334196276183,1.0781477136854611,1.6942746757771299,9.693796024199628,0.27110752729506227,0.47611035263843465,Naive,1,Peanut,13,112
0.41466032974625777,0.40681060309894623,0.5323782655572176,0.6828449786679869,13.30748765689406,0.08943537157755276,0.09172346561938977,Naive,1,Bell Pepper,13,112
2.8349895623863755,2.8730635806837967,6.2707793226409905,11.075234581957824,36.88549040984062,-0.06848939319097419,-0.043682171266346485,Naive,1,Strawberry,13,112
2.143814141936224,1.6631884728261224,1.1955324407722434,1.3917370525790052,25.298827498156705,0.10244978744587138,0.07490830210808726,Naive,1,Cucumber,13,112
2.5431679582071873,2.017361251296607,1.9688122609842504,2.3938177526898023,28.83096943389208,0.027144307104878185,0.03711900744927088,Naive,1,Blueberry,13,112
5.241746249960545,4.64807818294528,4.079979356790275,5.635207985035751,47.247344116605525,-0.06961512099257008,0.07107927773798292,Naive,1,Mango,13,112
5.003058359409275,4.31586464417742,3.693181917275324,4.58012512956452,56.46992147177075,-0.051981883804512796,0.05228070402021797,Naive,1,Watermelon,13,112
0.9020717457180408,0.873141482677588,1.8065227807995137,2.2193627370876383,11.192538302135082,0.14861981382476358,0.1235743035476125,Naive,1,Tomato,13,112
2.6785071085028775,2.520690602296352,3.3834311772688648,5.160180433433832,19.479248696767392,-0.156079930609468,-0.3076610714413404,Naive,1,Corn,13,112
1.3392950191445432,1.295148689676743,0.35126306466398616,0.46317633201293545,18.463150189064947,-0.030607664273870402,-0.005487195718261059,Naive,1,Grapefruit,13,112
0.8801313585563588,0.8119610215616327,1.1747804824614465,1.4350426133382197,8.881765968370106,0.1465000930889062,0.11159217161139058,Naive,1,Lemon,13,112
12.336579688002132,8.480782683504312,16.61121052949989,26.20674010776768,87.76796462211031,-0.19510153364727692,-0.011083288866477026,Naive,1,Pumpkin,13,112
1.8522296008278878,1.7402772554832453,1.6796122035955956,1.9917859593289482,34.66086682660603,-0.1179411641814253,-0.10885715355766153,Naive,1,Peach,13,112
0.6920877006982539,0.7704799290804006,0.2845891675247901,0.4431282924315326,11.971656060512172,0.05738525310570222,0.0674292498047449,Naive,1,Celery,13,112
0.5765591473903908,0.46858934319723805,0.35257804713636354,0.4986277510236488,12.373187945391566,0.06014097611344802,0.050293382809270815,Naive,1,Lettuce,13,112
2.0248979920333117,2.361839890229796,1.1439234949030919,1.9680960735115118,17.00738052166961,0.007146605851916388,0.11648740865182988,Naive,1,Grape,13,112
0.695465999512947,0.6995089482524833,0.310365456234136,0.43960580535552163,11.148262323054837,0.00020130904831342286,-0.018373094031985112,Naive,1,Eggplant,13,112
0.6183958780199392,0.5119104047301402,0.5478719869875249,0.6785554604721474,18.432843089769953,0.04923724116822004,-0.05054629506177106,Naive,1,Zucchini,13,112
1.1768209305228652,1.1283248220817919,0.2868402554996637,0.38519442944919396,21.738524470080215,-0.04675163382941739,-0.003635723266532053,Naive,1,Okra,13,112
0.3507227297202228,0.748926361890641,0.04306257787098179,0.1358514262359592,3.5238927649212806,-0.027652096995470683,0.40965871151165006,Naive,1,Sugarcane,13,112
0.9384616087888659,1.005219852084198,0.405405676029284,0.5717115861229797,14.49512543587843,-0.15176133682614443,-0.14794670834911056,Naive,1,Rosemary,13,112
0.4856729657725599,0.3038128670010765,1.8552269370622294,2.2570739798426676,19.434133612415284,0.0019942439977385516,0.00269254477588851,Naive,1,Citrus Fruit,13,112
1.6110905089106804,1.541738115220568,0.522598742039216,0.6338768864474684,27.996068791375325,0.23697211406022498,0.3244731445850763,Naive,1,Plum,13,112
0.9203543111388933,1.0293403687747584,0.5619228531819712,0.7786400439378259,18.68998161816705,-0.10556668613122902,-0.15027763776197975,Naive,1,Cauliflower,13,112
1.434133088745201,1.6045974860435117,0.3932408837888811,0.5702839427067211,15.137211190300475,-0.0018196238619756474,0.0027619045517230955,Naive,1,Walnut,13,112
0.2799486202328137,0.2522287036864495,1.607982755648488,2.0864244952444504,12.38661082311924,0.1316323248580703,0.15640474455791387,Naive,1,Coconut,13,112
0.8973717363050809,0.8366140973841715,0.291596722385879,0.38570732733216934,11.961437265857992,0.09390129810313086,0.044458671650708236,Naive,1,Coriander,13,112
1.2511747364244012,1.104948067018078,0.4632628144150976,0.5444271954560155,17.969124832310204,0.06157434028244255,0.012096079304915224,Naive,1,Basil,13,112
0.5384302702782154,0.8080794174749171,0.11095698522434108,0.2290237977205324,8.860883239126485,0.04157868948820357,0.4063352631640379,Naive,1,Parsley,13,112
0.8279227950855909,0.8412358362351067,1.1195316691337858,1.5583872728052026,10.302612084451559,-0.030077558784438473,-0.08751443062285123,Naive,1,Onion,13,112
0.6399157828997029,0.6355827561466606,0.8167120096818791,1.191115161725953,7.767885952263815,0.07354513677090806,0.13321713962479748,Naive,1,Garlic,13,112
1.2517609827639562,1.3188934296111483,0.780303971735452,1.1090025389921663,14.695782528976872,-0.025738621618736315,0.01201125814088099,Naive,1,Spinach,13,112
