Date,Cucumber,Strawberry,Blueberry,Mango,Watermelon,Tomato,Potato,Bell Pepper,Lime,Cabbage,Pineapple,Guava,Papaya,Banana,Peanut,Avocado,Pumpkin,Lemon,Grape,Peach,Celery,Lettuce,Corn,Carrot,Grapefruit,Citrus Fruit,Rosemary,Sugarcane,Okra,Zucchini,Eggplant,Radish,Blackberry,Cauliflower,Plum,Chayote,Pecan Nut,Coconut,Walnut,Basil,Coriander,Parsley,Mint,Onion,Garlic,Spinach,Broccoli
2015-12-27,3.6452063889495894,7.290412777899179,2.733904791712192,4.100857187568288,1.8226031944747947,15.210199212759663,0.4753187253987395,3.802549803189916,3.203382192076473,4.118634246955465,8.23726849391093,,,,6.862575406346685,0.0,3.4312877031733424,12.299711620107468,5.010993623006747,3.1888141237315657,1.3627568250730862,1.8170091000974484,10.447802325560328,4.0993260668915035,2.2774033704952794,8.198652133783007,1.8196858294799558,1.3647643721099667,0.45492145736998896,2.2756921733376694,2.7308306080052027,0.45513843466753384,0.45692367985344956,2.2846183992672477,0.9138473597068991,0.22618415654893942,0.0,14.023417706034243,1.8069651993821636,1.8069651993821636,1.8069651993821636,0.900870715601103,0.22521767890027575,7.206965724808824,6.773449591384209,5.418759673107368,4.967196367015087
2016-01-03,3.1895555903308908,7.746063576517877,2.733904791712192,3.6452063889495894,1.8226031944747947,13.308924311164706,0.4753187253987395,3.802549803189916,3.203382192076473,4.118634246955465,5.94913835671345,,,,6.862575406346685,0.0,2.5734657773800067,10.933076995651083,3.644358998550361,2.277724374093976,1.8170091000974484,1.8170091000974484,8.630793225462881,4.0993260668915035,2.2774033704952794,7.743171459683951,1.3647643721099667,0.9098429147399779,0.9098429147399779,2.7308306080052027,3.185969042672737,0.9102768693350677,0.45692367985344956,2.7415420791206975,0.9138473597068991,0.45236831309787884,0.0,13.571049392936365,1.8069651993821636,1.8069651993821636,1.8069651993821636,0.900870715601103,0.22521767890027575,6.756530367008272,5.870322979199648,4.967196367015087,5.870322979199648
2016-01-10,2.733904791712192,8.657365173755275,3.1895555903308908,3.1895555903308908,1.8226031944747947,12.358286860367228,0.4753187253987395,3.802549803189916,3.203382192076473,3.661008219515969,5.94913835671345,,,,6.004753480553349,0.0,2.5734657773800067,10.933076995651083,2.733269248912771,2.277724374093976,1.3627568250730862,1.8170091000974484,9.085045500487244,4.554806740990559,2.2774033704952794,7.2876907855848945,1.3647643721099667,0.9098429147399779,0.9098429147399779,2.7308306080052027,3.185969042672737,0.9102768693350677,0.45692367985344956,3.6553894388275965,0.9138473597068991,0.45236831309787884,0.0,13.118681079838487,1.8069651993821636,1.8069651993821636,1.3552238995366226,0.900870715601103,0.22521767890027575,6.756530367008272,6.773449591384209,4.967196367015087,5.870322979199648
2016-01-17,3.6452063889495894,8.657365173755275,3.6452063889495894,3.6452063889495894,1.8226031944747947,13.308924311164706,0.4753187253987395,4.753187253987394,3.203382192076473,3.661008219515969,5.94913835671345,,,,6.004753480553349,0.0,2.5734657773800067,11.844166745288675,3.1888141237315657,3.1888141237315657,1.8170091000974484,2.271261375121811,9.539297775511605,4.554806740990559,2.2774033704952794,7.743171459683951,1.3647643721099667,0.9098429147399779,0.9098429147399779,2.7308306080052027,3.185969042672737,0.9102768693350677,0.9138473597068991,4.5692367985344955,0.9138473597068991,0.45236831309787884,0.0,14.023417706034243,1.8069651993821636,2.2587064992277046,1.8069651993821636,0.900870715601103,0.22521767890027575,7.657401082609375,7.22501289747649,4.967196367015087,6.321886285291929
2016-01-24,3.1895555903308908,10.024317569611371,3.6452063889495894,3.6452063889495894,1.8226031944747947,12.358286860367228,0.0,3.802549803189916,2.745756164636977,3.661008219515969,5.94913835671345,,,,6.862575406346685,0.0,2.5734657773800067,11.388621870469878,3.1888141237315657,2.733269248912771,1.3627568250730862,1.8170091000974484,9.539297775511605,4.0993260668915035,2.2774033704952794,7.743171459683951,1.3647643721099667,0.9098429147399779,0.9098429147399779,2.7308306080052027,3.185969042672737,0.9102768693350677,0.45692367985344956,4.5692367985344955,0.9138473597068991,0.45236831309787884,0.0,13.571049392936365,1.8069651993821636,1.8069651993821636,1.8069651993821636,0.900870715601103,0.0,6.756530367008272,8.128139509661052,4.967196367015087,6.321886285291929
2016-01-31,3.1895555903308908,11.391269965467467,4.100857187568288,3.1895555903308908,2.2782539930934935,12.358286860367228,0.4753187253987395,3.802549803189916,2.745756164636977,3.661008219515969,5.491512329273954,,,,6.004753480553349,0.0,2.5734657773800067,10.933076995651083,3.1888141237315657,3.1888141237315657,1.8170091000974484,1.8170091000974484,9.993550050535966,4.0993260668915035,2.2774033704952794,8.198652133783007,1.3647643721099667,1.3647643721099667,0.9098429147399779,2.2756921733376694,2.7308306080052027,0.9102768693350677,0.45692367985344956,4.112313118681046,0.9138473597068991,0.45236831309787884,0.0,13.571049392936365,1.8069651993821636,1.8069651993821636,1.8069651993821636,0.900870715601103,0.22521767890027575,6.756530367008272,6.773449591384209,5.418759673107368,5.870322979199648
2016-02-07,2.733904791712192,13.66952395856096,3.6452063889495894,3.1895555903308908,1.8226031944747947,13.308924311164706,0.4753187253987395,2.851912352392437,2.745756164636977,3.203382192076473,5.94913835671345,,,,6.862575406346685,0.0,2.5734657773800067,10.933076995651083,3.644358998550361,2.733269248912771,1.3627568250730862,1.8170091000974484,9.085045500487244,4.0993260668915035,1.8219226963962236,7.2876907855848945,1.3647643721099667,0.9098429147399779,0.9098429147399779,2.2756921733376694,2.7308306080052027,0.9102768693350677,0.9138473597068991,3.6553894388275965,0.9138473597068991,0.45236831309787884,0.0,14.023417706034243,1.8069651993821636,1.8069651993821636,1.3552238995366226,0.900870715601103,0.0,7.206965724808824,6.773449591384209,5.418759673107368,5.870322979199648
2016-02-14,3.1895555903308908,14.125174757179659,4.100857187568288,3.6452063889495894,2.2782539930934935,12.358286860367228,0.4753187253987395,2.851912352392437,3.203382192076473,3.203382192076473,6.406764384152946,,,,6.004753480553349,0.0,1.7156438515866712,11.388621870469878,3.644358998550361,2.733269248912771,1.3627568250730862,1.8170091000974484,8.630793225462881,4.0993260668915035,2.2774033704952794,8.198652133783007,1.3647643721099667,0.9098429147399779,0.9098429147399779,2.2756921733376694,3.185969042672737,0.9102768693350677,0.45692367985344956,3.6553894388275965,0.9138473597068991,0.45236831309787884,0.0,14.023417706034243,1.3552238995366226,1.8069651993821636,1.3552238995366226,0.900870715601103,0.0,6.756530367008272,6.773449591384209,4.515633060922807,5.418759673107368
2016-02-21,3.1895555903308908,16.859079548891852,4.100857187568288,3.6452063889495894,2.2782539930934935,12.358286860367228,0.4753187253987395,3.802549803189916,3.203382192076473,3.661008219515969,6.406764384152946,,,,6.862575406346685,0.0,1.7156438515866712,10.477532120832288,3.1888141237315657,3.1888141237315657,1.3627568250730862,1.8170091000974484,9.085045500487244,4.0993260668915035,2.732884044594335,8.198652133783007,1.3647643721099667,0.9098429147399779,0.9098429147399779,2.7308306080052027,3.185969042672737,0.45513843466753384,0.45692367985344956,3.1984657589741468,1.3707710395603487,0.45236831309787884,0.0,14.023417706034243,1.3552238995366226,1.8069651993821636,1.8069651993821636,0.900870715601103,0.22521767890027575,6.756530367008272,6.321886285291929,4.515633060922807,5.418759673107368
2016-02-28,3.1895555903308908,39.64161947982679,3.6452063889495894,3.6452063889495894,2.733904791712192,12.358286860367228,0.4753187253987395,3.802549803189916,3.661008219515969,4.118634246955465,6.406764384152946,,,,6.004753480553349,0.0,1.7156438515866712,11.844166745288675,3.644358998550361,2.733269248912771,1.3627568250730862,1.8170091000974484,9.085045500487244,4.0993260668915035,2.732884044594335,7.743171459683951,1.3647643721099667,0.9098429147399779,0.45492145736998896,2.2756921733376694,3.185969042672737,0.9102768693350677,0.9138473597068991,3.1984657589741468,0.9138473597068991,0.22618415654893942,0.0,14.023417706034243,1.3552238995366226,1.8069651993821636,1.8069651993821636,0.900870715601103,0.22521767890027575,6.756530367008272,6.321886285291929,4.515633060922807,5.418759673107368
2016-03-06,3.1895555903308908,45.56507986186987,4.100857187568288,4.100857187568288,2.2782539930934935,12.358286860367228,0.4753187253987395,3.802549803189916,3.203382192076473,6.406764384152946,6.864390411592442,,,,6.004753480553349,0.0,1.7156438515866712,11.844166745288675,3.1888141237315657,2.733269248912771,1.3627568250730862,1.8170091000974484,9.993550050535966,4.554806740990559,3.188364718693391,7.743171459683951,1.3647643721099667,0.9098429147399779,0.9098429147399779,2.7308306080052027,3.185969042672737,0.9102768693350677,0.9138473597068991,3.1984657589741468,1.3707710395603487,0.45236831309787884,0.0,14.023417706034243,1.3552238995366226,1.8069651993821636,1.8069651993821636,0.900870715601103,0.22521767890027575,6.756530367008272,6.321886285291929,4.515633060922807,5.870322979199648
2016-03-13,3.1895555903308908,18.226031944747948,4.100857187568288,3.6452063889495894,2.2782539930934935,12.358286860367228,0.4753187253987395,3.802549803189916,3.661008219515969,17.389789042700855,6.864390411592442,,,,6.004753480553349,0.0,2.5734657773800067,11.844166745288675,3.1888141237315657,2.733269248912771,1.3627568250730862,1.8170091000974484,14.081820525755226,4.554806740990559,3.188364718693391,6.832210111485838,1.3647643721099667,0.9098429147399779,0.9098429147399779,2.7308306080052027,2.7308306080052027,0.9102768693350677,0.9138473597068991,3.1984657589741468,1.3707710395603487,0.22618415654893942,0.0,14.023417706034243,1.8069651993821636,1.8069651993821636,1.3552238995366226,0.900870715601103,0.22521767890027575,6.756530367008272,5.870322979199648,4.064069754830526,4.967196367015087
2016-03-20,3.6452063889495894,13.66952395856096,4.556507986186987,4.100857187568288,2.2782539930934935,17.11147411435462,0.4753187253987395,3.802549803189916,3.661008219515969,4.576260274394961,8.694894521350427,,,,6.862575406346685,0.0,1.7156438515866712,12.755256494926263,3.1888141237315657,2.733269248912771,1.3627568250730862,2.271261375121811,10.90205460058469,6.376729437386782,3.188364718693391,7.2876907855848945,1.8196858294799558,0.9098429147399779,0.9098429147399779,2.7308306080052027,3.185969042672737,0.9102768693350677,0.9138473597068991,3.1984657589741468,1.3707710395603487,0.22618415654893942,0.0,14.928154332230003,1.3552238995366226,2.2587064992277046,1.8069651993821636,0.900870715601103,0.4504353578005515,6.756530367008272,6.321886285291929,4.967196367015087,6.321886285291929
2016-03-27,3.1895555903308908,9.113015972373974,4.100857187568288,4.100857187568288,2.733904791712192,13.308924311164706,0.4753187253987395,3.802549803189916,3.203382192076473,3.661008219515969,8.694894521350427,,,,6.004753480553349,0.0,1.7156438515866712,11.388621870469878,3.1888141237315657,3.1888141237315657,1.3627568250730862,2.271261375121811,11.810559150633415,5.46576808918867,2.2774033704952794,7.2876907855848945,1.8196858294799558,0.9098429147399779,0.9098429147399779,2.7308306080052027,2.7308306080052027,0.9102768693350677,0.9138473597068991,2.7415420791206975,1.3707710395603487,0.22618415654893942,0.0,14.023417706034243,1.3552238995366226,1.8069651993821636,1.8069651993821636,0.900870715601103,0.22521767890027575,6.756530367008272,5.870322979199648,4.515633060922807,5.870322979199648
2016-04-03,3.6452063889495894,9.568666770992673,4.556507986186987,4.100857187568288,3.1895555903308908,13.308924311164706,0.4753187253987395,3.802549803189916,3.203382192076473,3.203382192076473,7.322016439031938,,,,6.004753480553349,0.0,2.5734657773800067,10.933076995651083,3.644358998550361,3.1888141237315657,1.3627568250730862,1.8170091000974484,10.447802325560328,4.0993260668915035,1.8219226963962236,7.2876907855848945,1.3647643721099667,0.9098429147399779,0.9098429147399779,2.7308306080052027,3.185969042672737,0.9102768693350677,0.9138473597068991,3.1984657589741468,1.3707710395603487,0.45236831309787884,0.0,13.571049392936365,1.8069651993821636,1.8069651993821636,1.8069651993821636,0.900870715601103,0.22521767890027575,6.756530367008272,6.321886285291929,4.515633060922807,5.870322979199648
2016-04-10,3.6452063889495894,8.201714375136577,6.83476197928048,4.100857187568288,3.1895555903308908,13.308924311164706,0.4753187253987395,3.802549803189916,3.203382192076473,3.203382192076473,7.779642466471435,,,,6.004753480553349,0.0,1.7156438515866712,11.388621870469878,3.644358998550361,3.1888141237315657,1.3627568250730862,2.271261375121811,10.90205460058469,4.0993260668915035,2.2774033704952794,6.832210111485838,1.3647643721099667,0.9098429147399779,0.9098429147399779,3.185969042672737,3.185969042672737,0.9102768693350677,1.3707710395603487,3.1984657589741468,1.3707710395603487,0.22618415654893942,0.0,14.928154332230003,1.3552238995366226,2.2587064992277046,1.8069651993821636,0.900870715601103,0.22521767890027575,6.306095009207721,6.321886285291929,4.064069754830526,4.967196367015087
2016-04-17,4.556507986186987,8.201714375136577,7.290412777899179,4.556507986186987,3.6452063889495894,13.308924311164706,0.4753187253987395,3.802549803189916,3.661008219515969,2.745756164636977,7.779642466471435,,,,6.004753480553349,0.0,1.7156438515866712,11.844166745288675,3.644358998550361,3.1888141237315657,1.3627568250730862,2.271261375121811,11.810559150633415,4.554806740990559,1.8219226963962236,6.832210111485838,1.3647643721099667,0.9098429147399779,0.9098429147399779,3.6411074773402707,3.185969042672737,0.9102768693350677,0.9138473597068991,3.1984657589741468,1.3707710395603487,0.22618415654893942,0.0,14.475786019132123,1.3552238995366226,2.2587064992277046,1.8069651993821636,0.900870715601103,0.22521767890027575,6.306095009207721,6.773449591384209,4.515633060922807,5.418759673107368
2016-04-24,4.556507986186987,7.746063576517877,7.746063576517877,5.012158784805686,4.100857187568288,14.259561761962184,0.4753187253987395,3.802549803189916,4.118634246955465,2.745756164636977,7.779642466471435,,,,6.004753480553349,0.0,1.7156438515866712,12.299711620107468,3.644358998550361,3.1888141237315657,1.3627568250730862,1.8170091000974484,12.719063700682138,4.0993260668915035,1.3664420222971676,6.376729437386782,1.3647643721099667,0.9098429147399779,0.9098429147399779,3.6411074773402707,3.185969042672737,0.45513843466753384,1.3707710395603487,2.7415420791206975,0.9138473597068991,0.45236831309787884,0.0,13.571049392936365,1.3552238995366226,2.2587064992277046,1.8069651993821636,0.900870715601103,0.22521767890027575,6.306095009207721,6.321886285291929,4.064069754830526,4.967196367015087
2016-05-01,4.100857187568288,8.657365173755275,7.290412777899179,5.012158784805686,4.556507986186987,14.259561761962184,0.4753187253987395,3.802549803189916,4.118634246955465,2.745756164636977,7.779642466471435,,,,6.004753480553349,0.0,1.7156438515866712,11.844166745288675,3.644358998550361,3.644358998550361,1.3627568250730862,2.271261375121811,13.627568250730864,3.6438453927924472,1.8219226963962236,6.832210111485838,1.3647643721099667,0.9098429147399779,0.9098429147399779,3.6411074773402707,3.185969042672737,0.9102768693350677,1.3707710395603487,3.1984657589741468,1.3707710395603487,0.45236831309787884,0.0,13.571049392936365,1.3552238995366226,2.2587064992277046,1.8069651993821636,0.900870715601103,0.22521767890027575,6.306095009207721,5.870322979199648,4.064069754830526,4.515633060922807
2016-05-08,4.556507986186987,7.290412777899179,8.201714375136577,5.923460382043083,5.012158784805686,15.210199212759663,0.4753187253987395,3.802549803189916,3.661008219515969,3.203382192076473,9.152520548789923,,,,6.004753480553349,0.0,1.7156438515866712,12.299711620107468,3.644358998550361,3.644358998550361,1.3627568250730862,1.8170091000974484,15.898829625852674,3.6438453927924472,1.8219226963962236,6.832210111485838,1.3647643721099667,0.9098429147399779,0.9098429147399779,3.6411074773402707,3.185969042672737,0.9102768693350677,0.9138473597068991,2.7415420791206975,1.3707710395603487,0.45236831309787884,0.0,14.023417706034243,1.3552238995366226,2.710447799073245,1.8069651993821636,0.900870715601103,0.0,6.306095009207721,6.321886285291929,4.064069754830526,4.515633060922807
2016-05-15,4.556507986186987,7.746063576517877,7.746063576517877,6.3791111806617815,6.83476197928048,14.259561761962184,0.4753187253987395,3.802549803189916,3.661008219515969,2.745756164636977,8.694894521350427,,,,6.004753480553349,0.0,1.7156438515866712,11.388621870469878,3.1888141237315657,4.099903873369157,1.3627568250730862,2.271261375121811,14.081820525755226,3.6438453927924472,1.8219226963962236,6.832210111485838,1.3647643721099667,0.9098429147399779,1.3647643721099667,3.6411074773402707,3.6411074773402707,0.45513843466753384,0.9138473597068991,3.1984657589741468,1.3707710395603487,0.45236831309787884,0.0,14.475786019132123,1.3552238995366226,2.710447799073245,1.8069651993821636,0.900870715601103,0.0,6.756530367008272,5.870322979199648,4.064069754830526,4.515633060922807
2016-05-22,5.012158784805686,8.657365173755275,9.113015972373974,6.3791111806617815,9.113015972373974,16.16083666355714,0.4753187253987395,3.802549803189916,4.118634246955465,2.745756164636977,9.152520548789923,,,,6.862575406346685,0.0,1.7156438515866712,11.844166745288675,3.1888141237315657,4.555448748187952,1.3627568250730862,1.8170091000974484,15.898829625852674,4.0993260668915035,1.8219226963962236,6.376729437386782,1.3647643721099667,0.9098429147399779,0.9098429147399779,4.096245912007805,4.096245912007805,0.9102768693350677,1.3707710395603487,2.7415420791206975,0.9138473597068991,0.45236831309787884,0.0,14.023417706034243,1.3552238995366226,2.710447799073245,2.2587064992277046,1.3513060734016544,0.22521767890027575,6.756530367008272,6.321886285291929,4.515633060922807,4.967196367015087
2016-05-29,4.556507986186987,9.113015972373974,7.746063576517877,6.83476197928048,10.47996836823007,15.210199212759663,0.4753187253987395,3.802549803189916,4.118634246955465,2.745756164636977,9.152520548789923,,,,6.862575406346685,0.0,1.7156438515866712,11.844166745288675,3.644358998550361,5.010993623006747,1.3627568250730862,1.8170091000974484,18.624343275998847,4.0993260668915035,1.8219226963962236,6.376729437386782,1.3647643721099667,0.9098429147399779,1.3647643721099667,3.6411074773402707,3.185969042672737,0.45513843466753384,1.3707710395603487,2.7415420791206975,1.3707710395603487,0.45236831309787884,0.0,14.475786019132123,1.3552238995366226,2.710447799073245,2.2587064992277046,0.900870715601103,0.22521767890027575,6.306095009207721,6.321886285291929,4.064069754830526,4.967196367015087
2016-06-05,4.100857187568288,8.657365173755275,6.83476197928048,7.290412777899179,7.290412777899179,15.210199212759663,0.4753187253987395,3.802549803189916,3.661008219515969,2.745756164636977,8.694894521350427,,,,6.862575406346685,0.0,1.7156438515866712,10.933076995651083,4.099903873369157,4.555448748187952,1.3627568250730862,1.8170091000974484,13.627568250730864,3.6438453927924472,1.8219226963962236,5.46576808918867,1.3647643721099667,0.9098429147399779,1.3647643721099667,3.6411074773402707,3.6411074773402707,0.45513843466753384,1.3707710395603487,2.2846183992672477,1.3707710395603487,0.22618415654893942,0.0,14.928154332230003,1.3552238995366226,2.2587064992277046,1.8069651993821636,0.900870715601103,0.22521767890027575,6.756530367008272,6.321886285291929,4.064069754830526,4.515633060922807
2016-06-12,4.556507986186987,8.657365173755275,6.3791111806617815,7.290412777899179,7.290412777899179,14.259561761962184,0.4753187253987395,3.802549803189916,3.661008219515969,2.745756164636977,9.152520548789923,,,,6.004753480553349,0.0,1.7156438515866712,11.388621870469878,4.099903873369157,4.555448748187952,1.3627568250730862,1.8170091000974484,13.627568250730864,4.0993260668915035,1.8219226963962236,6.376729437386782,1.3647643721099667,0.9098429147399779,1.3647643721099667,3.185969042672737,3.6411074773402707,0.9102768693350677,1.3707710395603487,2.7415420791206975,1.3707710395603487,0.22618415654893942,0.0,14.023417706034243,1.3552238995366226,2.710447799073245,1.8069651993821636,0.900870715601103,0.22521767890027575,6.306095009207721,5.870322979199648,3.612506448738245,4.967196367015087
2016-06-19,4.556507986186987,17.77038114612925,6.3791111806617815,9.113015972373974,7.290412777899179,14.259561761962184,0.4753187253987395,3.802549803189916,4.118634246955465,2.745756164636977,9.61014657622942,,,,6.862575406346685,0.0,1.7156438515866712,11.844166745288675,4.099903873369157,4.555448748187952,1.3627568250730862,1.8170091000974484,13.173315975706501,3.6438453927924472,1.8219226963962236,6.376729437386782,1.3647643721099667,0.9098429147399779,1.3647643721099667,2.7308306080052027,3.185969042672737,0.45513843466753384,1.3707710395603487,2.7415420791206975,1.8276947194137982,0.45236831309787884,0.0,14.928154332230003,1.3552238995366226,2.2587064992277046,1.8069651993821636,0.900870715601103,0.4504353578005515,6.306095009207721,5.870322979199648,4.064069754830526,4.967196367015087
2016-06-26,4.556507986186987,8.657365173755275,6.3791111806617815,11.391269965467467,7.746063576517877,14.259561761962184,0.4753187253987395,3.802549803189916,4.118634246955465,2.745756164636977,9.152520548789923,,,,6.862575406346685,0.0,2.5734657773800067,12.299711620107468,3.644358998550361,4.555448748187952,1.3627568250730862,2.271261375121811,14.536072800779587,3.188364718693391,1.3664420222971676,5.921248763287727,1.3647643721099667,0.9098429147399779,1.3647643721099667,3.6411074773402707,3.185969042672737,0.45513843466753384,0.9138473597068991,2.7415420791206975,1.3707710395603487,0.45236831309787884,0.0,14.475786019132123,1.8069651993821636,2.2587064992277046,1.8069651993821636,0.900870715601103,0.22521767890027575,7.206965724808824,6.321886285291929,4.064069754830526,5.418759673107368
2016-07-03,4.556507986186987,8.201714375136577,6.3791111806617815,13.66952395856096,9.568666770992673,14.259561761962184,0.4753187253987395,3.802549803189916,3.661008219515969,2.2881301371974807,9.61014657622942,,,,6.004753480553349,0.0,1.7156438515866712,11.844166745288675,3.644358998550361,5.466538497825542,0.9085045500487242,1.3627568250730862,19.07859555102321,3.6438453927924472,1.3664420222971676,5.921248763287727,1.3647643721099667,0.9098429147399779,1.3647643721099667,3.185969042672737,2.7308306080052027,0.45513843466753384,0.9138473597068991,2.7415420791206975,1.3707710395603487,0.45236831309787884,0.0,14.928154332230003,1.8069651993821636,2.2587064992277046,1.8069651993821636,0.900870715601103,0.22521767890027575,6.756530367008272,5.870322979199648,3.612506448738245,4.515633060922807
2016-07-10,4.100857187568288,7.290412777899179,4.556507986186987,15.036476354417056,6.3791111806617815,13.308924311164706,0.0,3.802549803189916,4.118634246955465,2.2881301371974807,9.152520548789923,,,,6.004753480553349,0.0,1.7156438515866712,11.388621870469878,3.1888141237315657,4.555448748187952,1.3627568250730862,1.3627568250730862,11.810559150633415,3.6438453927924472,1.8219226963962236,5.46576808918867,1.3647643721099667,0.9098429147399779,1.3647643721099667,3.185969042672737,3.185969042672737,0.45513843466753384,0.9138473597068991,3.1984657589741468,1.3707710395603487,0.22618415654893942,0.0,14.475786019132123,1.3552238995366226,2.2587064992277046,1.8069651993821636,0.900870715601103,0.22521767890027575,5.855659651407169,6.321886285291929,4.064069754830526,5.418759673107368
2016-07-17,3.6452063889495894,7.290412777899179,4.556507986186987,12.758222361323563,5.467809583424384,13.308924311164706,0.4753187253987395,3.802549803189916,3.661008219515969,2.745756164636977,9.61014657622942,,,,6.862575406346685,0.4289109628966678,2.5734657773800067,11.844166745288675,3.644358998550361,4.555448748187952,1.3627568250730862,1.8170091000974484,11.356306875609054,3.6438453927924472,1.8219226963962236,5.921248763287727,1.8196858294799558,0.9098429147399779,1.3647643721099667,3.185969042672737,3.185969042672737,0.45513843466753384,0.9138473597068991,2.7415420791206975,1.3707710395603487,0.45236831309787884,0.0,14.023417706034243,1.3552238995366226,2.2587064992277046,1.8069651993821636,0.900870715601103,0.22521767890027575,6.756530367008272,5.870322979199648,3.612506448738245,5.870322979199648
2016-07-24,4.100857187568288,7.290412777899179,4.556507986186987,10.47996836823007,5.012158784805686,13.308924311164706,0.4753187253987395,3.802549803189916,4.118634246955465,2.745756164636977,9.152520548789923,,,,6.862575406346685,0.0,2.5734657773800067,11.844166745288675,4.099903873369157,5.010993623006747,1.3627568250730862,1.8170091000974484,11.356306875609054,3.6438453927924472,1.8219226963962236,5.921248763287727,1.3647643721099667,0.9098429147399779,1.3647643721099667,4.096245912007805,3.6411074773402707,0.9102768693350677,0.9138473597068991,3.1984657589741468,1.3707710395603487,0.45236831309787884,0.0,14.023417706034243,1.3552238995366226,2.2587064992277046,1.8069651993821636,1.3513060734016544,0.0,6.756530367008272,6.773449591384209,4.515633060922807,5.418759673107368
2016-07-31,4.100857187568288,6.83476197928048,4.100857187568288,9.113015972373974,5.467809583424384,16.16083666355714,0.4753187253987395,3.802549803189916,4.118634246955465,2.745756164636977,8.23726849391093,,,,6.004753480553349,0.0,2.5734657773800067,11.388621870469878,4.099903873369157,4.099903873369157,1.3627568250730862,1.8170091000974484,10.447802325560328,3.6438453927924472,1.3664420222971676,5.46576808918867,1.3647643721099667,0.9098429147399779,1.3647643721099667,3.6411074773402707,3.6411074773402707,0.45513843466753384,0.9138473597068991,3.1984657589741468,1.3707710395603487,0.45236831309787884,0.0,14.928154332230003,1.3552238995366226,2.2587064992277046,1.8069651993821636,0.900870715601103,0.22521767890027575,6.306095009207721,6.321886285291929,4.064069754830526,5.418759673107368
2016-08-07,3.6452063889495894,5.467809583424384,4.100857187568288,6.3791111806617815,4.100857187568288,13.308924311164706,0.4753187253987395,3.802549803189916,3.661008219515969,2.745756164636977,8.23726849391093,,,,5.146931554760013,0.0,2.5734657773800067,10.477532120832288,4.555448748187952,4.099903873369157,1.3627568250730862,1.8170091000974484,9.993550050535966,3.188364718693391,1.3664420222971676,5.010287415089614,1.3647643721099667,0.9098429147399779,0.9098429147399779,3.185969042672737,3.185969042672737,0.45513843466753384,0.45692367985344956,3.1984657589741468,1.3707710395603487,0.22618415654893942,0.0,13.118681079838487,1.3552238995366226,2.2587064992277046,1.8069651993821636,0.900870715601103,0.22521767890027575,5.855659651407169,5.870322979199648,3.612506448738245,4.967196367015087
2016-08-14,3.6452063889495894,5.467809583424384,3.6452063889495894,6.3791111806617815,4.100857187568288,12.358286860367228,0.4753187253987395,3.802549803189916,4.118634246955465,2.745756164636977,7.322016439031938,,,,6.004753480553349,0.0,4.289109628966678,10.477532120832288,4.555448748187952,4.099903873369157,1.3627568250730862,2.271261375121811,9.993550050535966,3.6438453927924472,1.3664420222971676,5.010287415089614,1.3647643721099667,0.9098429147399779,0.9098429147399779,3.185969042672737,2.7308306080052027,0.45513843466753384,0.9138473597068991,3.1984657589741468,1.3707710395603487,0.0,0.0,13.571049392936365,1.3552238995366226,1.8069651993821636,1.8069651993821636,0.900870715601103,0.22521767890027575,4.954788935806066,6.321886285291929,4.064069754830526,5.870322979199648
2016-08-21,3.6452063889495894,5.923460382043083,3.1895555903308908,5.467809583424384,4.100857187568288,11.407649409569748,0.4753187253987395,3.802549803189916,3.203382192076473,2.745756164636977,7.779642466471435,,,,6.862575406346685,0.0,4.289109628966678,10.933076995651083,5.010993623006747,4.099903873369157,1.3627568250730862,1.8170091000974484,10.447802325560328,3.6438453927924472,1.3664420222971676,5.010287415089614,1.3647643721099667,0.9098429147399779,1.3647643721099667,3.185969042672737,3.6411074773402707,0.45513843466753384,0.9138473597068991,3.6553894388275965,1.3707710395603487,0.45236831309787884,0.0,13.118681079838487,1.3552238995366226,2.2587064992277046,1.8069651993821636,0.900870715601103,0.0,6.306095009207721,6.321886285291929,4.064069754830526,5.870322979199648
2016-08-28,2.733904791712192,6.3791111806617815,3.6452063889495894,4.556507986186987,3.6452063889495894,11.407649409569748,0.4753187253987395,3.802549803189916,3.661008219515969,2.745756164636977,6.406764384152946,,,,6.004753480553349,0.0,6.862575406346685,10.477532120832288,4.555448748187952,3.644358998550361,1.3627568250730862,1.8170091000974484,11.810559150633415,3.6438453927924472,1.3664420222971676,5.46576808918867,1.3647643721099667,0.9098429147399779,0.9098429147399779,3.185969042672737,3.185969042672737,0.45513843466753384,0.9138473597068991,3.1984657589741468,1.3707710395603487,0.45236831309787884,0.0,12.666312766740607,1.3552238995366226,1.8069651993821636,1.3552238995366226,0.900870715601103,0.22521767890027575,6.306095009207721,6.321886285291929,4.064069754830526,6.321886285291929
2016-09-04,3.1895555903308908,6.3791111806617815,3.1895555903308908,4.556507986186987,4.100857187568288,11.407649409569748,0.4753187253987395,3.802549803189916,3.661008219515969,2.745756164636977,6.864390411592442,,,,6.004753480553349,0.0,9.43604118372669,10.477532120832288,5.010993623006747,3.644358998550361,1.3627568250730862,1.8170091000974484,14.081820525755226,4.0993260668915035,1.3664420222971676,5.46576808918867,1.3647643721099667,0.9098429147399779,0.9098429147399779,2.7308306080052027,3.185969042672737,0.9102768693350677,0.9138473597068991,3.1984657589741468,1.3707710395603487,0.22618415654893942,0.0,13.118681079838487,1.3552238995366226,1.8069651993821636,1.8069651993821636,0.900870715601103,0.22521767890027575,6.306095009207721,6.321886285291929,3.612506448738245,5.870322979199648
2016-09-11,3.1895555903308908,5.923460382043083,2.733904791712192,4.100857187568288,3.1895555903308908,11.407649409569748,0.4753187253987395,3.802549803189916,3.203382192076473,2.745756164636977,6.406764384152946,,,,6.862575406346685,0.0,11.151685035313363,10.477532120832288,4.555448748187952,3.1888141237315657,1.3627568250730862,1.8170091000974484,11.810559150633415,4.0993260668915035,1.8219226963962236,5.010287415089614,0.9098429147399779,0.9098429147399779,0.9098429147399779,3.185969042672737,3.185969042672737,0.45513843466753384,0.45692367985344956,3.1984657589741468,1.3707710395603487,0.22618415654893942,0.0,12.666312766740607,1.3552238995366226,2.2587064992277046,1.8069651993821636,0.900870715601103,0.0,6.306095009207721,6.773449591384209,4.064069754830526,6.321886285291929
2016-09-18,2.733904791712192,5.923460382043083,2.733904791712192,4.100857187568288,2.733904791712192,10.457011958772268,0.4753187253987395,3.802549803189916,3.203382192076473,2.745756164636977,6.406764384152946,,,,6.862575406346685,0.0,15.44079466428004,10.933076995651083,4.555448748187952,3.1888141237315657,1.3627568250730862,1.8170091000974484,11.810559150633415,3.6438453927924472,1.3664420222971676,5.921248763287727,1.3647643721099667,0.9098429147399779,0.9098429147399779,2.7308306080052027,2.7308306080052027,0.45513843466753384,0.45692367985344956,3.1984657589741468,1.3707710395603487,0.45236831309787884,0.0,12.213944453642728,1.3552238995366226,1.8069651993821636,1.8069651993821636,0.900870715601103,0.0,6.756530367008272,6.773449591384209,4.064069754830526,6.321886285291929
2016-09-25,2.733904791712192,5.467809583424384,2.733904791712192,3.1895555903308908,2.2782539930934935,10.457011958772268,0.4753187253987395,3.802549803189916,3.203382192076473,3.203382192076473,5.94913835671345,,,,6.862575406346685,0.0,18.87208236745338,10.021987246013493,4.555448748187952,2.733269248912771,1.3627568250730862,1.8170091000974484,13.173315975706501,4.0993260668915035,1.3664420222971676,5.921248763287727,1.3647643721099667,0.9098429147399779,0.9098429147399779,2.7308306080052027,3.185969042672737,0.9102768693350677,0.45692367985344956,3.1984657589741468,0.9138473597068991,0.45236831309787884,0.0,11.76157614054485,1.3552238995366226,1.8069651993821636,1.3552238995366226,0.900870715601103,0.22521767890027575,6.306095009207721,6.321886285291929,4.064069754830526,6.773449591384209
2016-10-02,2.2782539930934935,5.012158784805686,2.2782539930934935,2.733904791712192,2.2782539930934935,9.506374507974789,0.4753187253987395,2.851912352392437,2.2881301371974807,2.2881301371974807,5.491512329273954,,,,6.004753480553349,0.0,22.303370070626727,9.110897496375904,3.1888141237315657,2.277724374093976,1.3627568250730862,1.3627568250730862,12.719063700682138,3.6438453927924472,1.3664420222971676,4.554806740990559,1.3647643721099667,0.9098429147399779,0.45492145736998896,2.2756921733376694,2.7308306080052027,0.45513843466753384,0.45692367985344956,2.7415420791206975,0.9138473597068991,0.45236831309787884,0.0,10.856839514349092,1.3552238995366226,1.3552238995366226,1.3552238995366226,0.4504353578005515,0.0,5.855659651407169,5.870322979199648,3.612506448738245,5.418759673107368
2016-10-09,2.733904791712192,5.012158784805686,2.2782539930934935,3.1895555903308908,2.2782539930934935,9.506374507974789,0.4753187253987395,3.802549803189916,3.203382192076473,2.745756164636977,6.406764384152946,,,,6.862575406346685,0.0,40.317630512286776,9.566442371194698,3.644358998550361,2.733269248912771,1.3627568250730862,1.8170091000974484,16.353081900877037,3.6438453927924472,1.3664420222971676,5.46576808918867,1.3647643721099667,0.9098429147399779,0.9098429147399779,2.2756921733376694,2.2756921733376694,0.45513843466753384,0.45692367985344956,2.7415420791206975,1.3707710395603487,0.45236831309787884,0.0,11.76157614054485,1.3552238995366226,1.8069651993821636,1.3552238995366226,0.900870715601103,0.0,5.855659651407169,5.870322979199648,4.064069754830526,5.870322979199648
2016-10-16,2.733904791712192,5.012158784805686,2.2782539930934935,3.1895555903308908,2.2782539930934935,11.407649409569748,0.4753187253987395,3.802549803189916,2.745756164636977,3.203382192076473,6.864390411592442,,,,6.862575406346685,0.0,60.90535673132682,10.477532120832288,3.644358998550361,2.277724374093976,1.3627568250730862,1.8170091000974484,19.07859555102321,4.0993260668915035,1.3664420222971676,5.921248763287727,1.3647643721099667,0.9098429147399779,0.9098429147399779,2.7308306080052027,2.7308306080052027,0.45513843466753384,0.45692367985344956,2.7415420791206975,0.9138473597068991,0.45236831309787884,0.0,11.76157614054485,1.3552238995366226,1.8069651993821636,1.3552238995366226,0.900870715601103,0.22521767890027575,6.756530367008272,5.870322979199648,3.612506448738245,5.870322979199648
2016-10-23,2.733904791712192,5.923460382043083,2.733904791712192,3.1895555903308908,2.733904791712192,10.457011958772268,0.4753187253987395,3.802549803189916,2.745756164636977,3.203382192076473,6.406764384152946,,,,6.862575406346685,0.0,85.78219257933355,9.566442371194698,4.099903873369157,2.733269248912771,1.8170091000974484,1.3627568250730862,20.441352376096294,3.6438453927924472,1.8219226963962236,6.376729437386782,1.3647643721099667,0.9098429147399779,0.9098429147399779,2.2756921733376694,2.7308306080052027,0.45513843466753384,0.45692367985344956,2.7415420791206975,0.9138473597068991,0.22618415654893942,0.0,12.213944453642728,1.3552238995366226,2.2587064992277046,1.3552238995366226,0.900870715601103,0.22521767890027575,6.306095009207721,5.870322979199648,4.064069754830526,5.870322979199648
2016-10-30,2.733904791712192,5.012158784805686,2.2782539930934935,3.1895555903308908,2.2782539930934935,11.407649409569748,9.506374507974789,2.851912352392437,3.203382192076473,3.203382192076473,5.94913835671345,,,,8.578219257933355,0.0,54.90060325077348,9.566442371194698,3.644358998550361,2.733269248912771,1.3627568250730862,1.8170091000974484,14.536072800779587,2.2774033704952794,1.3664420222971676,6.376729437386782,1.3647643721099667,0.9098429147399779,0.9098429147399779,2.2756921733376694,2.7308306080052027,0.45513843466753384,0.45692367985344956,2.7415420791206975,0.9138473597068991,0.22618415654893942,0.0,10.856839514349092,1.8069651993821636,1.8069651993821636,1.3552238995366226,0.900870715601103,0.22521767890027575,6.306095009207721,6.321886285291929,3.612506448738245,3.612506448738245
2016-11-06,2.733904791712192,5.467809583424384,2.733904791712192,3.1895555903308908,2.2782539930934935,11.407649409569748,21.864661368342016,0.950637450797479,3.661008219515969,3.203382192076473,6.406764384152946,,,,8.578219257933355,0.0,13.72515081269337,9.110897496375904,3.1888141237315657,2.733269248912771,1.3627568250730862,1.8170091000974484,10.90205460058469,0.0,1.8219226963962236,6.832210111485838,1.3647643721099667,0.9098429147399779,0.45492145736998896,2.2756921733376694,2.2756921733376694,0.0,0.0,2.2846183992672477,0.9138473597068991,0.22618415654893942,0.0,10.856839514349092,1.8069651993821636,1.8069651993821636,1.3552238995366226,0.900870715601103,0.0,5.855659651407169,6.321886285291929,4.064069754830526,0.0
2016-11-13,2.733904791712192,7.290412777899179,2.733904791712192,3.6452063889495894,2.2782539930934935,16.16083666355714,38.025498031899154,0.950637450797479,4.576260274394961,2.745756164636977,7.322016439031938,,,,8.578219257933355,0.0,17.15643851586671,9.566442371194698,3.644358998550361,3.1888141237315657,1.8170091000974484,1.8170091000974484,14.536072800779587,0.0,1.8219226963962236,8.65413280788206,1.3647643721099667,0.9098429147399779,0.9098429147399779,2.2756921733376694,2.7308306080052027,0.0,0.0,3.1984657589741468,0.9138473597068991,0.45236831309787884,0.0,12.666312766740607,2.2587064992277046,1.8069651993821636,1.3552238995366226,0.900870715601103,0.0,7.206965724808824,6.773449591384209,4.515633060922807,0.0
2016-11-20,2.2782539930934935,7.746063576517877,4.100857187568288,3.1895555903308908,2.2782539930934935,16.16083666355714,95.0637450797479,0.950637450797479,5.94913835671345,3.203382192076473,10.983024658547908,,,,10.293863109520027,0.0,42.03327436387344,12.299711620107468,4.099903873369157,4.555448748187952,2.271261375121811,1.8170091000974484,25.438127401364277,0.0,1.8219226963962236,11.387016852476398,2.7295287442199334,0.9098429147399779,0.9098429147399779,2.7308306080052027,2.7308306080052027,0.0,0.0,3.6553894388275965,0.9138473597068991,0.45236831309787884,0.0,14.928154332230003,3.162189098918786,1.8069651993821636,1.3552238995366226,1.3513060734016544,0.0,9.909577871612132,8.57970281575333,5.870322979199648,0.0
2016-11-27,2.733904791712192,5.467809583424384,2.2782539930934935,3.1895555903308908,1.8226031944747947,12.358286860367228,23.765936269936976,0.950637450797479,3.661008219515969,2.745756164636977,5.94913835671345,,,,8.578219257933355,0.0,6.862575406346685,9.566442371194698,3.644358998550361,2.733269248912771,1.3627568250730862,1.8170091000974484,9.539297775511605,0.22774033704952795,1.8219226963962236,8.198652133783007,1.3647643721099667,0.9098429147399779,0.45492145736998896,2.2756921733376694,2.2756921733376694,0.0,0.0,2.2846183992672477,0.9138473597068991,0.45236831309787884,0.0,11.30920782744697,1.3552238995366226,1.8069651993821636,1.3552238995366226,0.900870715601103,0.22521767890027575,6.306095009207721,5.870322979199648,3.612506448738245,0.0
2016-12-04,2.2782539930934935,8.657365173755275,2.733904791712192,3.1895555903308908,1.8226031944747947,13.308924311164706,22.815298819139496,0.950637450797479,3.661008219515969,2.745756164636977,6.406764384152946,,,,9.43604118372669,0.0,5.146931554760013,10.477532120832288,3.1888141237315657,3.1888141237315657,1.3627568250730862,1.8170091000974484,9.539297775511605,0.0,2.2774033704952794,7.743171459683951,1.3647643721099667,0.9098429147399779,0.9098429147399779,2.2756921733376694,2.7308306080052027,0.0,0.0,2.2846183992672477,0.9138473597068991,0.22618415654893942,0.0,12.213944453642728,2.2587064992277046,1.3552238995366226,1.3552238995366226,0.900870715601103,0.0,5.855659651407169,6.321886285291929,3.612506448738245,0.0
2016-12-11,2.733904791712192,8.657365173755275,3.1895555903308908,3.1895555903308908,1.8226031944747947,14.259561761962184,22.815298819139496,0.950637450797479,3.661008219515969,2.745756164636977,6.406764384152946,,,,12.009506961106698,0.0,5.146931554760013,10.933076995651083,4.099903873369157,3.1888141237315657,1.3627568250730862,1.8170091000974484,9.539297775511605,0.0,1.8219226963962236,8.198652133783007,1.3647643721099667,0.9098429147399779,0.9098429147399779,2.2756921733376694,2.7308306080052027,0.0,0.0,2.2846183992672477,0.9138473597068991,0.45236831309787884,0.0,12.666312766740607,2.2587064992277046,1.3552238995366226,1.3552238995366226,0.900870715601103,0.0,6.756530367008272,6.321886285291929,4.515633060922807,0.0
2016-12-18,2.733904791712192,8.657365173755275,3.1895555903308908,3.6452063889495894,1.8226031944747947,15.210199212759663,42.77868528588655,0.950637450797479,5.033886301834458,3.203382192076473,9.152520548789923,,,,15.44079466428004,0.0,6.862575406346685,12.299711620107468,4.555448748187952,3.644358998550361,1.3627568250730862,1.8170091000974484,13.173315975706501,0.0,1.8219226963962236,10.020574830179228,2.2746072868499447,0.45492145736998896,0.45492145736998896,2.7308306080052027,3.185969042672737,0.0,0.0,2.7415420791206975,1.3707710395603487,0.45236831309787884,0.0,15.380522645327881,2.710447799073245,1.8069651993821636,1.3552238995366226,0.900870715601103,0.0,8.558271798210479,8.57970281575333,7.22501289747649,0.0
2016-12-25,2.733904791712192,8.201714375136577,5.012158784805686,3.6452063889495894,1.8226031944747947,16.16083666355714,35.173585679506715,0.950637450797479,4.576260274394961,3.661008219515969,10.067772603668915,,,,8.578219257933355,0.0,4.289109628966678,10.933076995651083,4.555448748187952,3.644358998550361,1.3627568250730862,1.8170091000974484,12.264811425657777,0.0,2.2774033704952794,9.565094156080173,1.8196858294799558,0.9098429147399779,0.45492145736998896,2.2756921733376694,2.7308306080052027,0.0,0.0,2.7415420791206975,1.3707710395603487,0.45236831309787884,0.0,13.571049392936365,2.2587064992277046,1.8069651993821636,1.3552238995366226,0.900870715601103,0.0,7.657401082609375,8.57970281575333,6.321886285291929,0.0
2017-01-01,3.238176864573739,8.326740508903901,3.700773559512845,3.238176864573739,1.8503867797564224,15.210199212759663,25.66721117153193,0.950637450797479,4.1898498247126215,5.586466432950162,7.914160780012729,,,,8.526495301368822,5.115897180821293,3.4105981205475286,11.569614638582483,4.627845855432993,3.239492098803095,1.845399867286471,2.3067498341080888,9.226999336432355,0.0,2.3039841518099387,9.676733437601742,1.3826277801218774,0.9217518534145849,0.9217518534145849,3.2306482201859468,3.2306482201859468,0.0,0.0,3.6989578469185096,0.9247394617296274,0.46007532880250934,0.0,13.80225986407528,1.8380127113990392,1.8380127113990392,1.8380127113990392,0.9203777586554575,0.0,9.203777586554574,8.304467238701985,4.613592910389991,0.0
2017-01-08,3.238176864573739,10.63972398359943,3.700773559512845,3.700773559512845,1.8503867797564224,16.16083666355714,24.716573720734456,0.950637450797479,4.655388694125134,4.1898498247126215,6.983083041187701,,,,8.526495301368822,5.115897180821293,3.4105981205475286,12.032399224125781,3.702276684346394,3.239492098803095,1.845399867286471,2.768099800929707,9.688349303253972,0.0,2.3039841518099387,9.215936607239755,1.3826277801218774,0.9217518534145849,0.9217518534145849,3.2306482201859468,3.6921693944982255,0.0,0.0,4.623697308648137,0.9247394617296274,0.46007532880250934,0.0,14.262335192877787,1.8380127113990392,2.297515889248799,1.8380127113990392,0.9203777586554575,0.0,7.823210948571389,8.304467238701985,5.5363114924679895,0.0
2017-01-15,3.238176864573739,12.490110763355853,4.6259669493910565,3.700773559512845,1.8503867797564224,14.259561761962184,24.716573720734456,1.901274901594958,4.655388694125134,4.1898498247126215,7.448621910600215,,,,8.526495301368822,5.115897180821293,2.5579485904106467,12.032399224125781,3.702276684346394,3.239492098803095,1.845399867286471,2.3067498341080888,9.688349303253972,0.0,2.3039841518099387,10.13753026796373,1.3826277801218774,0.9217518534145849,0.9217518534145849,3.6921693944982255,3.2306482201859468,0.0,0.0,4.623697308648137,1.387109192594441,0.46007532880250934,0.0,17.022787165692844,1.8380127113990392,1.8380127113990392,1.8380127113990392,0.9203777586554575,0.0,7.36302206924366,8.304467238701985,5.0749522014289905,0.0
2017-01-22,3.238176864573739,12.490110763355853,4.6259669493910565,3.700773559512845,2.3129834746955282,16.16083666355714,22.815298819139496,1.901274901594958,5.120927563537648,4.655388694125134,7.914160780012729,,,,9.379144831505705,5.968546710958176,2.5579485904106467,12.032399224125781,4.165061269889693,3.702276684346394,1.845399867286471,2.768099800929707,9.688349303253972,0.0,2.3039841518099387,10.598327098325719,1.8435037068291698,0.9217518534145849,0.9217518534145849,3.2306482201859468,3.2306482201859468,0.0,0.0,4.623697308648137,1.387109192594441,0.46007532880250934,0.0,25.764218412940522,2.297515889248799,2.297515889248799,1.8380127113990392,0.9203777586554575,0.0,7.823210948571389,8.304467238701985,4.613592910389991,0.0
2017-01-29,3.238176864573739,15.265690932990486,4.6259669493910565,3.700773559512845,2.3129834746955282,14.259561761962184,24.716573720734456,0.950637450797479,5.120927563537648,4.655388694125134,7.914160780012729,,,,9.379144831505705,5.968546710958176,2.5579485904106467,12.49518380966908,4.165061269889693,4.165061269889693,1.3840499004648534,2.3067498341080888,10.14969927007559,0.0,2.3039841518099387,11.059123928687706,1.3826277801218774,0.9217518534145849,0.9217518534145849,3.2306482201859468,3.6921693944982255,0.0,0.23118486543240685,4.1613275777833225,1.387109192594441,0.46007532880250934,0.0,26.22429374174303,2.297515889248799,2.297515889248799,1.8380127113990392,1.3805666379831865,0.0,8.283399827899117,9.227185820779981,5.5363114924679895,0.0
2017-02-05,3.238176864573739,16.653481017807803,4.163370254451951,3.238176864573739,2.3129834746955282,15.210199212759663,22.815298819139496,0.950637450797479,6.052005302362674,4.1898498247126215,7.914160780012729,,,,9.379144831505705,5.968546710958176,2.5579485904106467,12.49518380966908,4.165061269889693,3.702276684346394,1.845399867286471,2.3067498341080888,10.14969927007559,0.0,2.7647809821719265,10.598327098325719,1.3826277801218774,0.9217518534145849,0.9217518534145849,3.2306482201859468,3.2306482201859468,0.0,0.0,4.1613275777833225,1.387109192594441,0.46007532880250934,0.0,25.764218412940522,1.8380127113990392,1.8380127113990392,1.8380127113990392,1.3805666379831865,0.0,7.823210948571389,11.995341567013977,5.0749522014289905,0.0
2017-02-12,3.238176864573739,20.354254577320646,4.163370254451951,3.700773559512845,2.3129834746955282,16.16083666355714,23.765936269936976,1.901274901594958,5.586466432950162,4.1898498247126215,7.914160780012729,,,,8.526495301368822,5.115897180821293,2.5579485904106467,12.49518380966908,4.165061269889693,3.702276684346394,1.845399867286471,2.3067498341080888,9.688349303253972,0.0,2.3039841518099387,10.598327098325719,1.8435037068291698,1.3826277801218774,0.9217518534145849,3.2306482201859468,3.2306482201859468,0.0,0.0,4.1613275777833225,1.8494789234592548,0.46007532880250934,0.0,32.205273016175646,1.8380127113990392,2.297515889248799,1.8380127113990392,0.9203777586554575,0.0,7.36302206924366,9.68854511181898,4.613592910389991,0.0
2017-02-19,3.238176864573739,19.429061187442436,4.163370254451951,4.163370254451951,2.3129834746955282,17.11147411435462,21.864661368342016,1.901274901594958,5.586466432950162,5.586466432950162,8.379699649425243,,,,8.526495301368822,5.115897180821293,2.5579485904106467,12.95796839521238,4.165061269889693,3.702276684346394,1.845399867286471,2.3067498341080888,10.14969927007559,0.0,2.7647809821719265,11.519920759049693,1.8435037068291698,0.9217518534145849,0.9217518534145849,2.769127045873669,3.2306482201859468,0.0,0.0,4.1613275777833225,1.8494789234592548,0.46007532880250934,0.0,32.205273016175646,2.297515889248799,2.297515889248799,1.8380127113990392,0.9203777586554575,0.0,7.823210948571389,7.843107947662986,4.613592910389991,0.0
2017-02-26,3.238176864573739,44.40928271415414,4.6259669493910565,4.163370254451951,2.3129834746955282,18.062111565152097,21.864661368342016,1.901274901594958,5.586466432950162,5.120927563537648,8.845238518837755,,,,8.526495301368822,4.263247650684411,2.5579485904106467,12.032399224125781,4.165061269889693,3.702276684346394,1.845399867286471,2.3067498341080888,10.14969927007559,0.0,3.2255778125339143,10.598327098325719,1.8435037068291698,0.9217518534145849,0.9217518534145849,3.2306482201859468,3.2306482201859468,0.0,0.0,4.1613275777833225,1.8494789234592548,0.46007532880250934,0.0,28.524670385755574,1.8380127113990392,2.297515889248799,1.8380127113990392,0.9203777586554575,0.0,7.36302206924366,7.843107947662986,5.0749522014289905,0.0
2017-03-05,3.238176864573739,46.259669493910565,4.6259669493910565,4.163370254451951,2.7755801696346336,16.16083666355714,21.864661368342016,0.950637450797479,5.586466432950162,6.517544171775188,9.776316257662781,,,,9.379144831505705,5.115897180821293,2.5579485904106467,12.49518380966908,4.165061269889693,3.702276684346394,1.845399867286471,2.3067498341080888,11.072399203718827,0.0,3.2255778125339143,10.598327098325719,1.8435037068291698,0.9217518534145849,0.9217518534145849,3.2306482201859468,3.2306482201859468,0.0,0.0,4.1613275777833225,1.8494789234592548,0.46007532880250934,0.0,28.064595056953067,1.8380127113990392,2.297515889248799,1.8380127113990392,0.9203777586554575,0.0,7.36302206924366,7.381748656623985,4.613592910389991,0.0
2017-03-12,3.700773559512845,21.742044662137964,5.088563644330161,4.6259669493910565,2.3129834746955282,16.16083666355714,23.765936269936976,1.901274901594958,6.052005302362674,21.41478799297562,9.776316257662781,,,,9.379144831505705,5.115897180821293,2.5579485904106467,12.49518380966908,4.165061269889693,3.702276684346394,1.845399867286471,2.3067498341080888,14.763198938291769,0.0,2.7647809821719265,11.059123928687706,2.3043796335364624,1.3826277801218774,0.9217518534145849,3.2306482201859468,3.2306482201859468,0.0,0.0,3.6989578469185096,1.8494789234592548,0.46007532880250934,0.0,31.745197687373143,1.8380127113990392,2.757019067098559,2.297515889248799,1.3805666379831865,0.0,8.283399827899117,8.304467238701985,4.613592910389991,0.0
2017-03-19,3.700773559512845,13.877900848173168,5.551160339269267,4.6259669493910565,2.7755801696346336,18.062111565152097,23.765936269936976,0.950637450797479,6.052005302362674,7.448621910600215,9.776316257662781,,,,9.379144831505705,5.115897180821293,2.5579485904106467,13.42075298075568,4.165061269889693,4.165061269889693,1.845399867286471,2.3067498341080888,11.533749170540444,0.0,2.7647809821719265,11.059123928687706,1.8435037068291698,0.9217518534145849,0.9217518534145849,3.2306482201859468,3.6921693944982255,0.0,0.0,3.236588116053696,1.8494789234592548,0.46007532880250934,0.0,28.984745714558084,2.297515889248799,2.757019067098559,1.8380127113990392,0.9203777586554575,0.0,7.823210948571389,7.843107947662986,4.613592910389991,0.0
2017-03-26,4.163370254451951,12.490110763355853,5.551160339269267,5.088563644330161,2.7755801696346336,18.062111565152097,23.765936269936976,1.901274901594958,5.586466432950162,5.120927563537648,10.241855127075295,,,,9.379144831505705,5.115897180821293,2.5579485904106467,13.42075298075568,4.165061269889693,4.165061269889693,1.3840499004648534,3.2294497677513245,10.611049236897209,0.0,2.7647809821719265,11.059123928687706,1.8435037068291698,0.9217518534145849,0.9217518534145849,3.2306482201859468,3.6921693944982255,0.0,0.0,3.236588116053696,1.8494789234592548,0.46007532880250934,0.0,30.825047029768125,1.8380127113990392,2.297515889248799,1.8380127113990392,1.3805666379831865,0.0,7.823210948571389,7.843107947662986,5.5363114924679895,0.0
2017-04-02,3.700773559512845,11.102320678538534,6.013757034208373,5.088563644330161,3.238176864573739,16.16083666355714,21.864661368342016,0.950637450797479,5.586466432950162,4.1898498247126215,10.241855127075295,,,,9.379144831505705,5.115897180821293,2.5579485904106467,12.95796839521238,3.702276684346394,4.165061269889693,1.845399867286471,2.768099800929707,11.072399203718827,0.0,2.3039841518099387,10.598327098325719,1.8435037068291698,0.9217518534145849,0.9217518534145849,3.2306482201859468,3.6921693944982255,0.0,0.0,3.236588116053696,1.8494789234592548,0.46007532880250934,0.0,29.444821043360598,1.8380127113990392,2.297515889248799,1.8380127113990392,1.3805666379831865,0.0,7.36302206924366,7.381748656623985,4.613592910389991,0.0
2017-04-09,4.163370254451951,12.490110763355853,8.789337203843008,5.088563644330161,3.238176864573739,16.16083666355714,30.420398425519327,0.950637450797479,6.517544171775188,4.1898498247126215,12.569549474137862,,,,10.231794361642587,5.115897180821293,2.5579485904106467,14.809106737385576,4.165061269889693,4.627845855432993,1.3840499004648534,2.768099800929707,13.840499004648533,0.0,1.843187321447951,10.13753026796373,2.3043796335364624,0.9217518534145849,1.3826277801218774,3.6921693944982255,3.6921693944982255,0.0,0.0,3.236588116053696,1.8494789234592548,0.23003766440125467,0.0,30.36497170096561,2.297515889248799,2.297515889248799,2.297515889248799,0.9203777586554575,0.0,7.36302206924366,8.304467238701985,5.0749522014289905,0.0
2017-04-16,4.163370254451951,10.177127288660323,11.102320678538534,5.088563644330161,3.700773559512845,16.16083666355714,27.56848607312689,0.950637450797479,5.586466432950162,3.7243109553001075,12.104010604725348,,,,8.526495301368822,4.263247650684411,2.5579485904106467,13.42075298075568,4.165061269889693,3.702276684346394,1.845399867286471,2.768099800929707,13.379149037826915,0.0,2.3039841518099387,9.676733437601742,1.8435037068291698,0.9217518534145849,1.3826277801218774,3.6921693944982255,3.2306482201859468,0.0,0.0,3.236588116053696,1.8494789234592548,0.46007532880250934,0.0,26.68436907054554,1.8380127113990392,2.297515889248799,1.8380127113990392,0.9203777586554575,0.0,6.902833189915931,7.381748656623985,4.613592910389991,0.0
2017-04-23,3.700773559512845,10.63972398359943,10.177127288660323,6.013757034208373,4.163370254451951,16.16083666355714,21.864661368342016,0.950637450797479,5.586466432950162,3.7243109553001075,10.70739399648781,,,,8.526495301368822,5.115897180821293,2.5579485904106467,12.95796839521238,4.165061269889693,4.165061269889693,1.845399867286471,2.768099800929707,12.917799071005298,0.0,2.3039841518099387,10.598327098325719,1.8435037068291698,0.9217518534145849,1.3826277801218774,4.153690568810504,3.2306482201859468,0.0,0.0,3.6989578469185096,1.387109192594441,0.46007532880250934,0.0,29.444821043360598,1.8380127113990392,2.757019067098559,1.8380127113990392,1.3805666379831865,0.0,6.902833189915931,7.843107947662986,4.613592910389991,0.0
2017-04-30,4.163370254451951,10.177127288660323,7.40154711902569,6.476353729147478,4.6259669493910565,15.210199212759663,19.963386466747057,0.950637450797479,6.517544171775188,3.7243109553001075,10.70739399648781,,,,8.526495301368822,5.968546710958176,2.5579485904106467,12.49518380966908,4.165061269889693,4.165061269889693,1.3840499004648534,2.768099800929707,13.379149037826915,0.0,2.3039841518099387,8.755139776877767,2.3043796335364624,0.9217518534145849,0.9217518534145849,4.153690568810504,3.2306482201859468,0.0,0.0,3.236588116053696,1.387109192594441,0.46007532880250934,0.0,25.764218412940522,1.8380127113990392,2.757019067098559,2.297515889248799,0.9203777586554575,0.0,6.902833189915931,6.920389365584987,4.1522336193509926,0.0
2017-05-07,4.163370254451951,12.027514068416746,7.8641438139647954,6.938950424086584,5.088563644330161,16.16083666355714,22.815298819139496,1.901274901594958,6.517544171775188,3.7243109553001075,11.172932865900323,,,,8.526495301368822,5.968546710958176,2.5579485904106467,13.42075298075568,4.165061269889693,4.165061269889693,1.3840499004648534,2.768099800929707,12.917799071005298,0.0,2.3039841518099387,9.676733437601742,2.3043796335364624,0.9217518534145849,0.9217518534145849,4.615211743122782,3.2306482201859468,0.0,0.0,3.236588116053696,1.387109192594441,0.46007532880250934,0.0,27.60451972815056,1.8380127113990392,2.757019067098559,2.297515889248799,0.9203777586554575,0.0,6.442644310588203,8.304467238701985,4.1522336193509926,0.0
2017-05-14,4.163370254451951,11.102320678538534,6.938950424086584,6.938950424086584,6.013757034208373,17.11147411435462,23.765936269936976,1.901274901594958,6.052005302362674,3.7243109553001075,11.172932865900323,,,,8.526495301368822,5.968546710958176,2.5579485904106467,12.95796839521238,4.165061269889693,4.627845855432993,1.3840499004648534,2.768099800929707,12.456449104183681,0.0,2.3039841518099387,8.755139776877767,2.3043796335364624,0.9217518534145849,0.9217518534145849,4.615211743122782,2.769127045873669,0.0,0.0,3.236588116053696,1.387109192594441,0.46007532880250934,0.0,28.064595056953067,1.3785095335492794,2.757019067098559,1.8380127113990392,1.3805666379831865,0.0,6.902833189915931,7.381748656623985,4.613592910389991,0.0
2017-05-21,4.6259669493910565,10.63972398359943,6.476353729147478,7.8641438139647954,7.40154711902569,17.11147411435462,21.864661368342016,1.901274901594958,6.052005302362674,3.258772085887594,12.104010604725348,,,,9.379144831505705,5.968546710958176,2.5579485904106467,12.95796839521238,3.702276684346394,4.165061269889693,1.3840499004648534,2.3067498341080888,13.840499004648533,0.0,2.3039841518099387,8.755139776877767,2.7652555602437547,0.9217518534145849,0.9217518534145849,4.615211743122782,3.2306482201859468,0.0,0.0,3.6989578469185096,1.387109192594441,0.46007532880250934,0.0,27.60451972815056,1.8380127113990392,2.757019067098559,1.8380127113990392,0.9203777586554575,0.0,7.36302206924366,7.843107947662986,4.1522336193509926,0.0
2017-05-28,4.6259669493910565,11.102320678538534,6.476353729147478,7.8641438139647954,8.789337203843008,18.062111565152097,23.765936269936976,1.901274901594958,6.517544171775188,3.7243109553001075,13.50062721296289,,,,9.379144831505705,5.115897180821293,2.5579485904106467,12.032399224125781,4.165061269889693,5.553415026519591,1.3840499004648534,2.3067498341080888,17.069948772399858,0.0,2.3039841518099387,8.294342946515778,2.7652555602437547,0.9217518534145849,1.3826277801218774,3.6921693944982255,3.2306482201859468,0.0,0.0,3.236588116053696,1.387109192594441,0.46007532880250934,0.0,28.064595056953067,1.8380127113990392,2.757019067098559,1.8380127113990392,0.9203777586554575,0.0,7.823210948571389,7.381748656623985,4.1522336193509926,0.0
2017-06-04,4.163370254451951,10.63972398359943,5.551160339269267,7.40154711902569,6.476353729147478,18.062111565152097,21.864661368342016,1.901274901594958,5.586466432950162,3.7243109553001075,11.638471735312834,,,,9.379144831505705,5.115897180821293,2.5579485904106467,12.032399224125781,4.165061269889693,5.090630440976292,1.3840499004648534,2.3067498341080888,12.917799071005298,0.0,1.843187321447951,7.372749285791804,2.7652555602437547,0.9217518534145849,0.9217518534145849,4.153690568810504,3.6921693944982255,0.0,0.0,3.236588116053696,1.387109192594441,0.46007532880250934,0.0,28.064595056953067,1.3785095335492794,3.2165222449483184,2.297515889248799,0.9203777586554575,0.0,7.36302206924366,7.843107947662986,4.613592910389991,0.0
2017-06-11,4.6259669493910565,10.63972398359943,5.551160339269267,8.326740508903901,6.476353729147478,17.11147411435462,20.914023917544537,1.901274901594958,6.052005302362674,3.258772085887594,12.569549474137862,,,,8.526495301368822,5.115897180821293,2.5579485904106467,12.49518380966908,4.627845855432993,6.0161996120628904,1.3840499004648534,2.3067498341080888,13.379149037826915,0.0,1.843187321447951,8.294342946515778,2.3043796335364624,0.9217518534145849,0.9217518534145849,3.6921693944982255,3.6921693944982255,0.0,0.0,3.6989578469185096,1.387109192594441,0.46007532880250934,0.0,28.524670385755574,1.3785095335492794,2.757019067098559,1.8380127113990392,1.3805666379831865,0.0,7.36302206924366,7.843107947662986,4.1522336193509926,0.0
2017-06-18,4.163370254451951,10.177127288660323,5.551160339269267,9.714530593721218,6.476353729147478,16.16083666355714,22.815298819139496,3.802549803189916,6.983083041187701,3.7243109553001075,13.035088343550376,,,,9.379144831505705,5.115897180821293,2.5579485904106467,13.42075298075568,5.090630440976292,6.0161996120628904,1.3840499004648534,2.3067498341080888,13.840499004648533,0.0,1.843187321447951,7.8335461161537925,3.226131486951047,0.9217518534145849,1.3826277801218774,3.6921693944982255,3.6921693944982255,0.0,0.0,3.6989578469185096,1.387109192594441,0.46007532880250934,0.0,28.064595056953067,1.3785095335492794,2.757019067098559,2.297515889248799,1.3805666379831865,0.0,7.823210948571389,8.304467238701985,4.613592910389991,0.0
2017-06-25,4.163370254451951,10.177127288660323,6.013757034208373,11.564917373477641,7.8641438139647954,17.11147411435462,23.765936269936976,3.802549803189916,7.448621910600215,3.258772085887594,13.50062721296289,,,,10.231794361642587,5.968546710958176,2.5579485904106467,12.95796839521238,5.090630440976292,6.941768783149489,1.845399867286471,2.768099800929707,13.379149037826915,0.0,2.3039841518099387,8.294342946515778,3.226131486951047,0.9217518534145849,1.3826277801218774,3.6921693944982255,3.6921693944982255,0.0,0.0,3.236588116053696,1.8494789234592548,0.46007532880250934,0.23003766440125467,27.14444439934805,1.3785095335492794,2.757019067098559,2.297515889248799,1.3805666379831865,0.0,6.902833189915931,8.304467238701985,4.1522336193509926,0.0
2017-07-02,4.163370254451951,11.102320678538534,6.013757034208373,12.490110763355853,11.102320678538534,17.32078878242012,23.6717446693075,4.041517382564694,7.914160780012729,3.258772085887594,14.431704951787914,,,,10.139449647187329,5.914678960859275,2.534862411796832,12.95796839521238,4.627845855432993,7.404553368692788,1.3840499004648534,2.3067498341080888,18.91534863968633,0.0,1.843187321447951,8.755139776877767,3.226131486951047,0.9217518534145849,1.3826277801218774,3.6921693944982263,3.2306482201859477,0.0,0.0,3.236588116053696,1.8494789234592548,0.46007532880250934,0.0,32.205273016175646,1.3785095335492794,2.757019067098559,1.8380127113990392,1.3805666379831865,0.0,7.36302206924366,8.304467238701985,4.613592910389991,0.0
2017-07-09,3.700773559512845,9.714530593721218,4.6259669493910565,12.490110763355853,6.476353729147478,17.32078878242012,24.826463921468836,4.618877008645366,6.983083041187701,3.258772085887594,13.50062721296289,,,,10.139449647187329,5.914678960859275,2.534862411796832,12.95796839521238,4.627845855432993,6.47898419760619,1.3840499004648534,2.3067498341080888,12.456449104183681,0.0,2.3039841518099387,6.911952455429817,2.3043796335364624,0.9217518534145849,1.3826277801218774,4.153690568810505,3.6921693944982263,0.0,0.0,3.6989578469185096,1.8494789234592548,0.46007532880250934,0.0,27.14444439934805,1.3785095335492794,2.757019067098559,2.297515889248799,0.9203777586554575,0.0,6.902833189915931,8.304467238701985,4.613592910389991,0.0
2017-07-16,3.700773559512845,8.789337203843008,4.6259669493910565,11.564917373477641,6.013757034208373,16.166069530258778,21.362306164984815,4.041517382564694,6.517544171775188,3.258772085887594,12.569549474137862,,,,10.139449647187329,5.914678960859275,4.224770686328053,12.032399224125781,4.165061269889693,6.0161996120628904,1.3840499004648534,2.3067498341080888,11.533749170540444,0.0,2.3039841518099387,6.911952455429817,2.3043796335364624,0.9217518534145849,1.3826277801218774,4.153690568810505,3.6921693944982263,0.0,0.0,3.6989578469185096,1.8494789234592548,0.46007532880250934,0.0,27.14444439934805,1.3785095335492794,2.757019067098559,1.8380127113990392,0.9203777586554575,0.0,6.442644310588203,7.843107947662986,4.613592910389991,0.0
2017-07-23,4.163370254451951,9.251933898782113,4.6259669493910565,10.177127288660323,6.013757034208373,17.32078878242012,24.249104295388168,4.041517382564694,6.517544171775188,3.7243109553001075,13.035088343550376,,,,10.139449647187329,5.914678960859275,3.3798165490624426,13.42075298075568,4.627845855432993,6.47898419760619,1.845399867286471,2.768099800929707,11.995099137362063,0.0,2.7647809821719265,7.372749285791804,2.3043796335364624,0.9217518534145849,1.3826277801218774,4.153690568810505,3.6921693944982263,0.0,0.0,4.1613275777833225,2.3118486543240686,0.46007532880250934,0.0,28.524670385755574,1.8380127113990392,2.757019067098559,1.8380127113990392,1.3805666379831865,0.0,7.36302206924366,7.843107947662986,4.1522336193509926,0.0
2017-07-30,3.700773559512845,9.251933898782113,4.6259669493910565,8.326740508903901,5.551160339269267,16.74342915633945,21.939665791065483,4.041517382564694,6.052005302362674,3.7243109553001075,11.172932865900323,,,,10.984403784452939,5.914678960859275,4.224770686328053,12.49518380966908,4.627845855432993,6.0161996120628904,1.3840499004648534,2.768099800929707,11.072399203718827,0.0,2.3039841518099387,6.911952455429817,2.3043796335364624,0.9217518534145849,1.3826277801218774,4.153690568810505,3.6921693944982263,0.0,0.0,4.1613275777833225,1.8494789234592548,0.46007532880250934,0.0,25.30414308413801,1.8380127113990392,2.757019067098559,1.8380127113990392,1.3805666379831865,0.0,7.36302206924366,8.304467238701985,4.613592910389991,0.0
2017-08-06,4.163370254451951,8.326740508903901,4.6259669493910565,7.8641438139647954,4.6259669493910565,15.58870990417811,21.939665791065483,4.041517382564694,6.517544171775188,3.258772085887594,11.172932865900323,,,,10.139449647187329,6.759633098124885,4.224770686328053,11.569614638582483,5.090630440976292,6.47898419760619,1.3840499004648534,2.3067498341080888,11.072399203718827,0.0,2.3039841518099387,6.911952455429817,2.3043796335364624,0.9217518534145849,1.3826277801218774,4.153690568810505,3.6921693944982263,0.0,0.0,3.6989578469185096,1.8494789234592548,0.46007532880250934,0.0,27.60451972815056,1.3785095335492794,2.297515889248799,1.8380127113990392,0.9203777586554575,0.0,6.902833189915931,8.304467238701985,4.613592910389991,0.0
2017-08-13,4.163370254451951,8.326740508903901,4.6259669493910565,6.013757034208373,4.163370254451951,14.433990652016767,22.517025417146158,4.041517382564694,5.586466432950162,3.258772085887594,9.776316257662781,,,,9.294495509921717,5.914678960859275,5.914678960859275,12.032399224125781,5.553415026519591,6.47898419760619,1.845399867286471,2.3067498341080888,10.611049236897209,0.0,2.3039841518099387,8.294342946515778,2.3043796335364624,0.9217518534145849,0.9217518534145849,4.153690568810505,3.2306482201859477,0.0,0.0,3.6989578469185096,1.8494789234592548,0.46007532880250934,0.0,25.30414308413801,1.3785095335492794,2.297515889248799,1.8380127113990392,0.9203777586554575,0.0,6.902833189915931,7.381748656623985,4.1522336193509926,0.0
2017-08-20,3.700773559512845,7.8641438139647954,4.163370254451951,5.551160339269267,4.163370254451951,13.856631025936096,21.939665791065483,4.041517382564694,5.586466432950162,3.7243109553001075,9.310777388250267,,,,9.294495509921717,5.914678960859275,6.759633098124885,11.569614638582483,6.0161996120628904,6.0161996120628904,1.3840499004648534,2.3067498341080888,10.611049236897209,0.0,1.843187321447951,26.265419330633303,2.3043796335364624,0.9217518534145849,1.3826277801218774,4.153690568810505,3.2306482201859477,0.0,0.0,4.1613275777833225,1.8494789234592548,0.46007532880250934,0.0,23.003766440125464,1.8380127113990392,2.297515889248799,2.297515889248799,0.9203777586554575,0.0,6.442644310588203,7.381748656623985,4.613592910389991,0.0
2017-08-27,3.238176864573739,7.40154711902569,4.163370254451951,5.088563644330161,3.700773559512845,13.856631025936096,20.207586912823473,4.041517382564694,5.120927563537648,3.258772085887594,8.379699649425243,,,,10.139449647187329,5.069724823593664,10.139449647187329,11.106830053039182,6.0161996120628904,5.090630440976292,1.3840499004648534,2.3067498341080888,11.995099137362063,0.0,2.3039841518099387,26.265419330633303,2.3043796335364624,0.9217518534145849,0.9217518534145849,4.153690568810505,3.2306482201859477,0.0,0.0,4.1613275777833225,1.8494789234592548,0.46007532880250934,0.0,22.543691111322957,1.3785095335492794,2.297515889248799,1.8380127113990392,0.9203777586554575,0.0,7.36302206924366,6.920389365584987,4.1522336193509926,0.0
2017-09-03,2.3129834746955282,5.551160339269267,3.238176864573739,3.238176864573739,3.238176864573739,12.124552147694084,17.89814840850079,2.886798130403353,3.7243109553001075,2.327694347062567,6.517544171775188,,,,7.604587235390495,3.3798165490624426,8.449541372656107,8.330122539779387,4.165061269889693,4.165061269889693,0.9226999336432355,1.3840499004648534,10.611049236897209,0.0,1.3823904910859632,32.25577812533914,1.8435037068291698,0.46087592670729244,0.9217518534145849,2.7691270458736694,2.307605871561391,0.0,0.0,2.774218385188882,1.387109192594441,0.46007532880250934,0.0,18.863088480902885,0.9190063556995196,1.3785095335492794,1.3785095335492794,0.9203777586554575,0.0,5.0620776726050165,5.5363114924679895,2.7681557462339947,0.0
2017-09-10,2.3129834746955282,5.088563644330161,2.7755801696346336,3.700773559512845,2.3129834746955282,13.279271399855427,18.475508034581463,2.886798130403353,3.7243109553001075,2.327694347062567,6.517544171775188,,,,7.604587235390495,4.224770686328053,9.294495509921717,8.330122539779387,4.165061269889693,4.165061269889693,0.9226999336432355,1.3840499004648534,8.30429940278912,0.0,1.3823904910859632,38.24613692004498,1.3826277801218774,0.9217518534145849,0.46087592670729244,1.8460846972491132,2.307605871561391,0.0,0.0,2.3118486543240686,1.387109192594441,0.46007532880250934,0.0,23.923917097730488,1.3785095335492794,1.3785095335492794,1.3785095335492794,0.46018887932772873,0.0,4.601888793277287,5.5363114924679895,2.7681557462339947,0.0
2017-09-17,2.7755801696346336,6.476353729147478,2.7755801696346336,4.163370254451951,2.3129834746955282,13.279271399855427,20.784946538904148,3.464157756484024,4.1898498247126215,2.793233216475081,7.448621910600215,,,,9.294495509921717,5.914678960859275,16.899082745312214,10.644045467495882,4.627845855432993,4.627845855432993,1.3840499004648534,1.845399867286471,11.072399203718827,0.0,1.3823904910859632,25.804622500271314,1.8435037068291698,0.9217518534145849,0.46087592670729244,3.2306482201859477,2.7691270458736694,0.0,0.0,3.236588116053696,1.8494789234592548,0.23003766440125467,0.0,23.003766440125464,1.8380127113990392,1.8380127113990392,1.8380127113990392,0.9203777586554575,0.0,6.442644310588203,6.920389365584987,3.6908743283119927,0.0
2017-09-24,2.7755801696346336,6.013757034208373,3.238176864573739,4.163370254451951,2.3129834746955282,13.856631025936096,21.362306164984815,1.732078878242012,4.655388694125134,3.258772085887594,7.914160780012729,,,,9.294495509921717,4.224770686328053,19.433945157109044,10.644045467495882,5.090630440976292,4.627845855432993,1.3840499004648534,2.3067498341080888,11.995099137362063,0.0,1.3823904910859632,29.951793973529206,1.8435037068291698,0.9217518534145849,0.9217518534145849,2.7691270458736694,3.2306482201859477,0.0,0.0,3.236588116053696,1.8494789234592548,0.46007532880250934,0.0,22.08361578252045,1.8380127113990392,1.8380127113990392,1.8380127113990392,0.9203777586554575,0.0,6.902833189915931,6.920389365584987,4.1522336193509926,0.0
2017-10-01,2.7755801696346336,6.476353729147478,2.7755801696346336,4.163370254451951,2.3129834746955282,15.58870990417811,22.517025417146158,2.309438504322683,4.1898498247126215,3.258772085887594,8.379699649425243,,,,10.139449647187329,4.224770686328053,32.10825721609321,10.644045467495882,5.090630440976292,4.165061269889693,1.3840499004648534,2.3067498341080888,13.840499004648533,0.0,1.843187321447951,27.647809821719267,1.8435037068291698,0.9217518534145849,0.9217518534145849,2.7691270458736694,2.7691270458736694,0.0,0.0,3.236588116053696,1.8494789234592548,0.46007532880250934,0.0,22.08361578252045,1.8380127113990392,1.8380127113990392,1.8380127113990392,0.9203777586554575,0.0,6.902833189915931,7.381748656623985,4.1522336193509926,0.0
2017-10-08,3.238176864573739,6.938950424086584,3.238176864573739,3.700773559512845,3.238176864573739,13.856631025936096,21.939665791065483,3.464157756484024,4.1898498247126215,3.258772085887594,8.845238518837755,,,,9.294495509921717,4.224770686328053,44.782569275077364,11.106830053039182,5.090630440976292,4.165061269889693,1.3840499004648534,2.3067498341080888,15.685898871935006,0.0,1.843187321447951,26.72621616099529,2.3043796335364624,1.3826277801218774,0.9217518534145849,3.2306482201859477,3.2306482201859477,0.0,0.0,3.236588116053696,1.8494789234592548,0.46007532880250934,0.0,25.30414308413801,1.8380127113990392,1.8380127113990392,1.8380127113990392,0.9203777586554575,0.0,6.902833189915931,7.381748656623985,4.613592910389991,0.0
2017-10-15,3.238176864573739,6.938950424086584,3.238176864573739,4.163370254451951,2.3129834746955282,13.856631025936096,21.939665791065483,1.732078878242012,4.1898498247126215,4.1898498247126215,8.845238518837755,,,,10.139449647187329,4.224770686328053,62.52660615765518,11.106830053039182,5.090630440976292,3.702276684346394,1.3840499004648534,2.3067498341080888,17.069948772399858,0.0,2.3039841518099387,23.96143517882336,1.8435037068291698,0.9217518534145849,1.3826277801218774,3.2306482201859477,3.2306482201859477,0.0,0.0,3.236588116053696,1.8494789234592548,0.23003766440125467,0.0,23.923917097730488,1.8380127113990392,1.8380127113990392,1.8380127113990392,0.9203777586554575,0.0,7.36302206924366,8.304467238701985,4.613592910389991,0.0
2017-10-22,3.238176864573739,6.938950424086584,3.700773559512845,3.238176864573739,1.8503867797564224,13.856631025936096,24.249104295388168,2.309438504322683,4.1898498247126215,3.258772085887594,8.379699649425243,,,,10.139449647187329,4.224770686328053,84.49541372656107,11.106830053039182,5.090630440976292,3.702276684346394,1.3840499004648534,2.3067498341080888,17.531298739221477,0.0,1.843187321447951,25.343825669909325,1.8435037068291698,0.9217518534145849,0.9217518534145849,3.2306482201859477,2.7691270458736694,0.0,0.0,3.236588116053696,1.8494789234592548,0.46007532880250934,0.0,22.08361578252045,1.8380127113990392,1.8380127113990392,1.8380127113990392,0.9203777586554575,0.0,7.36302206924366,7.843107947662986,5.0749522014289905,0.0
2017-10-29,2.7755801696346336,6.476353729147478,3.238176864573739,3.700773559512845,1.8503867797564224,13.856631025936096,23.6717446693075,1.732078878242012,4.1898498247126215,3.7243109553001075,7.448621910600215,,,,10.139449647187329,3.3798165490624426,77.73578062843617,11.106830053039182,4.627845855432993,3.702276684346394,1.3840499004648534,1.845399867286471,16.60859880557824,0.0,1.843187321447951,24.42223200918535,1.3826277801218774,0.9217518534145849,0.9217518534145849,2.7691270458736694,2.7691270458736694,0.0,0.0,3.236588116053696,1.8494789234592548,0.23003766440125467,0.0,23.923917097730488,1.8380127113990392,2.297515889248799,1.8380127113990392,0.9203777586554575,0.0,7.36302206924366,7.843107947662986,4.1522336193509926,0.0
2017-11-05,3.238176864573739,6.938950424086584,3.238176864573739,3.700773559512845,1.8503867797564224,13.279271399855427,25.981183173630182,2.309438504322683,4.1898498247126215,3.7243109553001075,8.379699649425243,,,,10.984403784452939,4.224770686328053,16.054128608046604,12.032399224125781,4.165061269889693,3.239492098803095,1.845399867286471,2.3067498341080888,11.995099137362063,0.0,1.843187321447951,26.72621616099529,1.8435037068291698,0.9217518534145849,0.9217518534145849,3.2306482201859477,3.2306482201859477,0.0,0.0,3.6989578469185096,1.8494789234592548,0.46007532880250934,0.0,23.003766440125464,2.297515889248799,2.297515889248799,1.8380127113990392,0.9203777586554575,0.0,6.902833189915931,7.843107947662986,4.613592910389991,0.0
2017-11-12,2.7755801696346336,9.251933898782113,3.238176864573739,3.238176864573739,2.3129834746955282,15.011350278097435,35.79629681700158,1.732078878242012,4.1898498247126215,3.7243109553001075,9.776316257662781,,,,9.294495509921717,3.3798165490624426,16.899082745312214,12.49518380966908,4.627845855432993,3.702276684346394,1.845399867286471,2.3067498341080888,14.763198938291769,0.0,1.843187321447951,27.647809821719267,1.8435037068291698,1.3826277801218774,0.9217518534145849,2.7691270458736694,3.2306482201859477,0.0,0.0,3.6989578469185096,1.387109192594441,0.23003766440125467,0.0,23.003766440125464,2.297515889248799,1.8380127113990392,1.8380127113990392,0.9203777586554575,0.0,7.823210948571389,7.843107947662986,4.613592910389991,0.0
2017-11-19,2.7755801696346336,8.326740508903901,4.163370254451951,3.238176864573739,1.8503867797564224,10.969832895532742,57.73596260806707,1.1547192521613414,5.586466432950162,2.327694347062567,12.104010604725348,,,,10.139449647187329,3.3798165490624426,27.88348652976515,12.95796839521238,3.702276684346394,4.627845855432993,2.3067498341080888,1.845399867286471,25.835598142010596,0.0,1.843187321447951,28.108606652081253,3.226131486951047,0.9217518534145849,0.9217518534145849,2.7691270458736694,1.8460846972491132,0.0,0.0,4.1613275777833225,1.387109192594441,0.46007532880250934,0.0,23.46384176892797,3.2165222449483184,1.8380127113990392,1.3785095335492794,1.3805666379831865,0.0,10.124155345210033,8.765826529740984,4.613592910389991,0.0
2017-11-26,2.7755801696346336,6.938950424086584,2.7755801696346336,2.7755801696346336,1.8503867797564224,10.392473269452074,20.784946538904148,1.1547192521613414,3.7243109553001075,2.327694347062567,7.448621910600215,,,,7.604587235390495,3.3798165490624426,5.914678960859275,11.106830053039182,3.702276684346394,2.7767075132597956,1.3840499004648534,1.845399867286471,9.226999336432355,0.0,1.843187321447951,21.196654196651437,1.8435037068291698,0.9217518534145849,0.9217518534145849,2.307605871561391,2.307605871561391,0.0,0.0,2.774218385188882,1.387109192594441,0.23003766440125467,0.0,19.32316380970539,1.8380127113990392,1.8380127113990392,1.3785095335492794,0.9203777586554575,0.0,6.442644310588203,6.920389365584987,3.6908743283119927,0.0
2017-12-03,2.7755801696346336,9.714530593721218,2.7755801696346336,3.238176864573739,1.8503867797564224,12.701911773774755,23.6717446693075,1.1547192521613414,4.655388694125134,3.258772085887594,8.379699649425243,,,,10.139449647187329,4.224770686328053,5.914678960859275,12.49518380966908,4.165061269889693,3.239492098803095,1.3840499004648534,2.3067498341080888,10.14969927007559,0.0,1.843187321447951,9.215936607239755,1.8435037068291698,0.9217518534145849,0.9217518534145849,2.307605871561391,2.7691270458736694,0.0,0.0,3.236588116053696,1.387109192594441,0.46007532880250934,0.0,22.543691111322957,2.297515889248799,1.8380127113990392,1.8380127113990392,0.9203777586554575,0.0,7.36302206924366,7.843107947662986,4.613592910389991,0.0
2017-12-10,2.3129834746955282,8.326740508903901,2.7755801696346336,2.7755801696346336,1.8503867797564224,14.433990652016767,25.981183173630182,1.1547192521613414,4.1898498247126215,2.793233216475081,6.983083041187701,,,,11.82935792171855,3.3798165490624426,5.069724823593664,11.106830053039182,3.702276684346394,2.7767075132597956,1.3840499004648534,1.845399867286471,10.14969927007559,0.0,1.843187321447951,9.676733437601742,1.8435037068291698,0.9217518534145849,0.9217518534145849,2.7691270458736694,2.307605871561391,0.0,0.0,3.236588116053696,1.387109192594441,0.46007532880250934,0.0,21.623540453717936,2.297515889248799,1.8380127113990392,1.3785095335492794,0.9203777586554575,0.0,7.36302206924366,7.381748656623985,4.613592910389991,0.0
2017-12-17,2.7755801696346336,9.251933898782113,3.238176864573739,3.700773559512845,1.8503867797564224,16.74342915633945,35.21893719092092,1.1547192521613414,4.1898498247126215,3.258772085887594,9.310777388250267,,,,15.20917447078099,4.224770686328053,5.914678960859275,12.95796839521238,4.165061269889693,3.239492098803095,1.3840499004648534,1.845399867286471,11.995099137362063,0.0,1.843187321447951,10.13753026796373,1.8435037068291698,0.9217518534145849,0.9217518534145849,2.7691270458736694,2.7691270458736694,0.0,0.0,3.6989578469185096,1.8494789234592548,0.46007532880250934,0.0,25.764218412940522,2.757019067098559,1.8380127113990392,1.8380127113990392,0.9203777586554575,0.0,7.823210948571389,8.765826529740984,6.459030074545988,0.0
2017-12-24,2.7755801696346336,9.251933898782113,3.238176864573739,3.700773559512845,1.3877900848173168,17.32078878242012,43.3019719560503,1.1547192521613414,3.7243109553001075,3.7243109553001075,11.172932865900323,,,,10.984403784452939,4.224770686328053,5.069724823593664,12.032399224125781,4.627845855432993,4.165061269889693,1.845399867286471,2.3067498341080888,13.379149037826915,0.0,2.3039841518099387,11.519920759049693,2.3043796335364624,0.9217518534145849,0.9217518534145849,2.7691270458736694,2.7691270458736694,0.0,0.0,3.6989578469185096,1.8494789234592548,0.46007532880250934,0.0,28.524670385755574,2.297515889248799,2.297515889248799,1.8380127113990392,0.9203777586554575,0.0,9.663966465882304,10.149904402857981,6.920389365584987,0.0
2017-12-31,2.7755801696346336,9.714530593721218,3.238176864573739,3.700773559512845,1.3877900848173168,16.166069530258778,30.600060182275545,1.732078878242012,3.258772085887594,5.586466432950162,9.310777388250267,,,,8.449541372656107,5.069724823593664,3.3798165490624426,12.49518380966908,5.553415026519591,4.165061269889693,1.845399867286471,5.997549568681031,11.072399203718827,0.0,1.843187321447951,10.598327098325719,1.8435037068291698,0.9217518534145849,0.46087592670729244,3.2306482201859477,2.7691270458736694,0.0,0.0,4.1613275777833225,1.8494789234592548,0.46007532880250934,0.0,27.60451972815056,1.8380127113990392,2.297515889248799,1.8380127113990392,0.9203777586554575,0.0,10.124155345210033,8.765826529740984,5.5363114924679895,0.0
2018-01-07,3.242640237233386,10.654389350909698,3.242640237233386,3.7058745568381557,1.8529372784190778,14.428978137441034,27.12647889838914,1.731477376492924,3.726430654193278,4.658038317741597,7.918665140160715,,,,9.296783329423986,5.916134845997083,3.380648483426904,12.520814955945326,3.7098710980578744,3.24613721080064,1.8475709259538668,5.542712777861602,9.237854629769336,0.0,2.306372937866766,11.993139276907183,1.8454945315665663,0.9227472657832831,0.9227472657832831,4.619569827866052,3.695655862292841,0.0,0.0,5.091173532524509,1.3885018725066842,0.46112524968065294,0.0,25.823013982116564,1.8397971897596204,2.2997464871995255,1.8397971897596204,0.9235109595359867,0.0,9.235109595359866,9.240181857147277,5.544109114288368,0.0
2018-01-14,3.242640237233386,12.044092309724006,3.7058745568381557,3.7058745568381557,1.8529372784190778,15.006137262938676,27.12647889838914,1.731477376492924,3.726430654193278,4.192234485967438,7.918665140160715,,,,8.451621208567262,5.070972725140357,3.380648483426904,12.98454884320256,3.7098710980578744,3.24613721080064,1.8475709259538668,3.6951418519077337,10.16164009274627,0.0,2.306372937866766,11.531864689333831,1.8454945315665663,0.9227472657832831,0.9227472657832831,4.157612845079447,3.2336988795062362,0.0,0.0,5.091173532524509,1.3885018725066842,0.46112524968065294,0.0,24.439638233074604,1.8397971897596204,1.8397971897596204,2.2997464871995255,0.9235109595359867,0.0,8.773354115591873,9.702190950004644,5.544109114288368,0.0
2018-01-21,3.242640237233386,12.970560948933544,4.169108876442925,4.169108876442925,1.8529372784190778,14.428978137441034,25.395001521896216,1.731477376492924,3.726430654193278,3.726430654193278,8.384468971934876,,,,10.141945450280714,5.916134845997083,3.380648483426904,12.520814955945326,3.7098710980578744,3.24613721080064,1.8475709259538668,3.2332491204192673,9.699747361257803,0.0,2.306372937866766,19.83480726565419,1.8454945315665663,0.9227472657832831,0.9227472657832831,3.695655862292841,3.2336988795062362,0.0,0.0,5.091173532524509,1.3885018725066842,0.46112524968065294,0.0,25.823013982116564,2.2997464871995255,2.2997464871995255,1.8397971897596204,1.3852664393039802,0.0,8.773354115591873,9.702190950004644,5.544109114288368,0.0
2018-01-28,3.242640237233386,16.21320118616693,4.169108876442925,4.169108876442925,1.8529372784190778,14.428978137441034,26.5493197728915,1.731477376492924,4.192234485967438,4.192234485967438,7.918665140160715,,,,10.141945450280714,5.916134845997083,2.5354863625701785,12.98454884320256,4.173604985315109,3.7098710980578744,1.3856781944654004,3.2332491204192673,10.16164009274627,0.0,2.306372937866766,20.296081853227545,1.3841208986749247,0.9227472657832831,0.9227472657832831,4.157612845079447,3.2336988795062362,0.0,0.0,5.554007490026737,1.3885018725066842,0.46112524968065294,0.0,23.978512983393955,1.8397971897596204,1.8397971897596204,1.8397971897596204,0.9235109595359867,0.0,8.31159863582388,9.702190950004644,6.0061182071457315,0.0
2018-02-04,2.7794059176286163,16.21320118616693,4.169108876442925,4.632343196047694,2.316171598023847,15.583296388436313,24.817842396398575,1.731477376492924,5.123842149515757,4.192234485967438,7.918665140160715,,,,9.296783329423986,6.761296966853808,2.5354863625701785,12.98454884320256,4.173604985315109,3.24613721080064,1.8475709259538668,3.6951418519077337,9.237854629769336,0.0,2.306372937866766,20.296081853227545,1.8454945315665663,0.9227472657832831,0.9227472657832831,2.7717418967196306,2.7717418967196306,0.0,0.0,5.091173532524509,1.3885018725066842,0.46112524968065294,0.0,23.05626248403265,1.8397971897596204,2.2997464871995255,1.8397971897596204,0.9235109595359867,0.0,8.31159863582388,11.550227321434098,5.544109114288368,0.0
2018-02-11,3.242640237233386,19.919075743005084,4.169108876442925,4.169108876442925,2.316171598023847,15.583296388436313,25.395001521896216,1.1543182509952827,3.726430654193278,4.192234485967438,7.452861308386556,,,,9.296783329423986,5.916134845997083,2.5354863625701785,12.520814955945326,3.7098710980578744,2.782403323543406,1.8475709259538668,3.2332491204192673,9.699747361257803,0.0,2.306372937866766,11.070590101760478,1.8454945315665663,0.9227472657832831,0.9227472657832831,3.2336988795062362,2.7717418967196306,0.0,0.4628339575022281,4.62833957502228,1.3885018725066842,0.46112524968065294,0.0,16.139383738822854,1.8397971897596204,2.2997464871995255,1.8397971897596204,0.9235109595359867,0.0,8.31159863582388,9.702190950004644,5.082100021431002,0.0
2018-02-18,3.242640237233386,18.06613846458601,4.169108876442925,4.632343196047694,2.316171598023847,15.006137262938676,19.046251141422168,1.731477376492924,3.726430654193278,3.726430654193278,7.918665140160715,,,,8.451621208567262,5.916134845997083,2.5354863625701785,12.05708106868809,3.7098710980578744,3.24613721080064,1.3856781944654004,2.771356388930801,10.16164009274627,0.0,2.7676475254401196,8.764217163893713,1.3841208986749247,0.9227472657832831,0.9227472657832831,3.2336988795062362,3.2336988795062362,0.0,0.23141697875111406,4.165505617520052,1.3885018725066842,0.46112524968065294,0.0,14.294882740100242,1.8397971897596204,2.2997464871995255,1.8397971897596204,0.9235109595359867,0.0,6.9263321965199,7.854154578575187,4.620090928573639,0.0
2018-02-25,2.7794059176286163,36.59551124877679,4.632343196047694,4.632343196047694,2.7794059176286163,13.851819011943393,15.006137262938676,2.3086365019905655,3.260626822419118,3.726430654193278,7.918665140160715,,,,7.606459087710535,6.761296966853808,1.690324241713452,11.129613294173623,3.7098710980578744,3.24613721080064,1.3856781944654004,2.771356388930801,10.623532824234735,0.0,2.7676475254401196,8.302942576320358,1.3841208986749247,0.9227472657832831,0.9227472657832831,3.695655862292841,3.2336988795062362,0.0,0.0,4.165505617520052,1.3885018725066842,0.46112524968065294,0.0,12.911506991058282,1.8397971897596204,2.2997464871995255,1.8397971897596204,0.9235109595359867,0.0,6.464576716751907,7.3921454857178235,4.620090928573639,0.0
2018-03-04,3.242640237233386,46.323431960476945,4.632343196047694,4.632343196047694,2.316171598023847,13.851819011943393,15.583296388436313,2.3086365019905655,3.260626822419118,4.192234485967438,7.918665140160715,,,,8.451621208567262,5.916134845997083,1.690324241713452,10.665879406916389,3.7098710980578744,3.24613721080064,1.3856781944654004,2.309463657442334,10.623532824234735,0.0,2.7676475254401196,8.302942576320358,1.3841208986749247,0.9227472657832831,1.3841208986749247,3.2336988795062362,3.2336988795062362,0.0,0.0,4.165505617520052,1.3885018725066842,0.46112524968065294,0.0,12.911506991058282,1.8397971897596204,2.2997464871995255,1.8397971897596204,0.9235109595359867,0.0,6.464576716751907,7.3921454857178235,4.158081835716275,0.0
2018-03-11,3.242640237233386,18.992607103795546,4.632343196047694,4.632343196047694,2.316171598023847,13.851819011943393,16.737614639431598,1.731477376492924,3.260626822419118,16.30313411209559,8.384468971934876,,,,7.606459087710535,5.916134845997083,1.690324241713452,11.129613294173623,3.24613721080064,3.24613721080064,1.3856781944654004,2.771356388930801,14.780567407630935,0.0,2.306372937866766,8.302942576320358,1.3841208986749247,0.9227472657832831,0.9227472657832831,3.2336988795062362,3.2336988795062362,0.0,0.0,3.702671660017825,1.3885018725066842,0.46112524968065294,0.0,12.911506991058282,1.8397971897596204,2.2997464871995255,1.8397971897596204,1.3852664393039802,0.0,6.464576716751907,6.930136392860459,4.620090928573639,0.0
2018-03-18,3.242640237233386,12.044092309724006,5.095577515652464,5.095577515652464,2.7794059176286163,14.428978137441034,16.160455513933957,2.3086365019905655,3.260626822419118,7.918665140160715,7.918665140160715,,,,7.606459087710535,5.916134845997083,2.5354863625701785,12.05708106868809,4.173604985315109,3.24613721080064,1.3856781944654004,2.771356388930801,13.394889213165536,0.0,2.7676475254401196,7.841667988747005,1.3841208986749247,0.9227472657832831,0.9227472657832831,3.2336988795062362,3.2336988795062362,0.0,0.4628339575022281,3.702671660017825,1.3885018725066842,0.46112524968065294,0.0,13.372632240738934,1.8397971897596204,2.2997464871995255,2.2997464871995255,1.3852664393039802,0.0,6.002821236983913,7.3921454857178235,4.620090928573639,0.0
2018-03-25,3.7058745568381557,11.117623670514465,6.022046154862003,5.095577515652464,2.7794059176286163,15.583296388436313,21.932046768910368,2.3086365019905655,3.260626822419118,3.726430654193278,10.713488130805674,,,,8.451621208567262,5.916134845997083,1.690324241713452,13.448282730459795,3.7098710980578744,3.24613721080064,1.8475709259538668,2.771356388930801,13.856781944654001,0.0,2.306372937866766,8.764217163893713,1.8454945315665663,0.9227472657832831,1.3841208986749247,3.695655862292841,3.2336988795062362,0.0,0.4628339575022281,4.165505617520052,1.3885018725066842,0.46112524968065294,0.0,15.217133239461548,1.8397971897596204,2.2997464871995255,2.2997464871995255,1.3852664393039802,0.0,6.9263321965199,7.854154578575187,5.544109114288368,0.0
2018-04-01,3.7058745568381557,9.264686392095388,5.558811835257233,5.095577515652464,3.242640237233386,15.006137262938676,20.777728517915087,2.3086365019905655,2.794822990644958,3.260626822419118,9.781880467257354,,,,9.296783329423986,5.916134845997083,2.5354863625701785,11.593347181430856,4.173604985315109,3.7098710980578744,1.3856781944654004,2.771356388930801,12.932996481677069,0.0,1.845098350293413,8.764217163893713,1.3841208986749247,0.9227472657832831,1.3841208986749247,3.2336988795062362,2.7717418967196306,0.0,0.4628339575022281,3.702671660017825,1.3885018725066842,0.46112524968065294,0.0,12.911506991058282,1.8397971897596204,2.2997464871995255,1.8397971897596204,0.9235109595359867,0.0,6.002821236983913,6.930136392860459,4.158081835716275,0.0
2018-04-08,4.169108876442925,8.80145207249062,6.948514794071541,5.095577515652464,3.7058745568381557,14.428978137441034,16.160455513933957,2.3086365019905655,2.794822990644958,3.260626822419118,8.850272803709034,,,,8.451621208567262,5.916134845997083,2.5354863625701785,11.593347181430856,3.7098710980578744,3.24613721080064,1.3856781944654004,3.2332491204192673,12.471103750188602,0.0,1.845098350293413,7.841667988747005,1.3841208986749247,0.9227472657832831,1.3841208986749247,3.695655862292841,3.2336988795062362,0.0,0.9256679150044562,4.165505617520052,1.3885018725066842,0.46112524968065294,0.0,12.911506991058282,1.8397971897596204,2.2997464871995255,2.2997464871995255,1.3852664393039802,0.0,7.388087676287894,7.3921454857178235,4.620090928573639,0.0
2018-04-15,3.7058745568381557,8.80145207249062,8.33821775288585,5.095577515652464,3.7058745568381557,15.583296388436313,15.583296388436313,2.3086365019905655,2.3290191588707985,2.794822990644958,9.316076635483194,,,,7.606459087710535,6.761296966853808,2.5354863625701785,11.593347181430856,3.7098710980578744,3.24613721080064,1.3856781944654004,6.004605509350068,12.932996481677069,0.0,1.845098350293413,6.919118813600299,1.3841208986749247,0.9227472657832831,1.3841208986749247,4.157612845079447,3.2336988795062362,0.0,0.9256679150044562,3.702671660017825,1.3885018725066842,0.46112524968065294,0.0,12.45038174137763,1.3798478923197153,2.2997464871995255,2.2997464871995255,0.9235109595359867,0.23087773988399668,6.464576716751907,7.854154578575187,4.158081835716275,0.0
2018-04-22,4.169108876442925,8.80145207249062,9.727920711700158,5.558811835257233,4.169108876442925,16.737614639431598,15.006137262938676,2.3086365019905655,2.794822990644958,3.260626822419118,9.316076635483194,,,,7.606459087710535,5.916134845997083,2.5354863625701785,12.05708106868809,3.7098710980578744,3.7098710980578744,1.3856781944654004,7.852176435303933,12.932996481677069,0.0,1.845098350293413,7.380393401173652,1.3841208986749247,0.9227472657832831,1.3841208986749247,4.157612845079447,3.2336988795062362,0.0,0.9256679150044562,3.702671660017825,1.3885018725066842,0.46112524968065294,0.0,14.756007989780894,1.8397971897596204,2.7596957846394305,2.2997464871995255,0.9235109595359867,0.0,6.002821236983913,7.3921454857178235,4.620090928573639,0.0
2018-04-29,4.169108876442925,9.727920711700158,8.80145207249062,6.022046154862003,5.095577515652464,20.200569392417446,15.583296388436313,2.3086365019905655,3.726430654193278,3.260626822419118,9.781880467257354,,,,7.606459087710535,6.761296966853808,2.5354863625701785,12.05708106868809,3.7098710980578744,4.173604985315109,1.3856781944654004,5.080820046373135,13.856781944654001,0.0,1.845098350293413,7.380393401173652,1.3841208986749247,0.9227472657832831,1.3841208986749247,3.695655862292841,3.2336988795062362,0.0,0.9256679150044562,3.702671660017825,0.23141697875111406,0.46112524968065294,0.0,13.372632240738934,1.3798478923197153,2.2997464871995255,2.2997464871995255,0.9235109595359867,0.0,6.464576716751907,7.3921454857178235,4.620090928573639,0.0
2018-05-06,4.169108876442925,10.191155031304929,8.33821775288585,6.485280474466772,5.095577515652464,15.583296388436313,15.583296388436313,2.3086365019905655,3.726430654193278,3.260626822419118,9.316076635483194,,,,8.451621208567262,6.761296966853808,2.5354863625701785,12.520814955945326,3.7098710980578744,4.173604985315109,1.3856781944654004,4.618927314884668,13.856781944654001,0.0,1.845098350293413,7.380393401173652,1.3841208986749247,0.9227472657832831,1.3841208986749247,4.157612845079447,3.2336988795062362,0.0,0.9256679150044562,4.165505617520052,0.23141697875111406,0.46112524968065294,0.0,13.372632240738934,1.8397971897596204,2.7596957846394305,2.2997464871995255,1.3852664393039802,0.0,6.002821236983913,7.3921454857178235,4.620090928573639,0.0
2018-05-13,4.169108876442925,8.33821775288585,6.948514794071541,6.485280474466772,5.095577515652464,16.160455513933957,15.583296388436313,2.3086365019905655,2.794822990644958,2.794822990644958,8.850272803709034,,,,7.606459087710535,5.916134845997083,2.5354863625701785,11.593347181430856,3.24613721080064,3.7098710980578744,1.3856781944654004,3.2332491204192673,12.932996481677069,0.0,1.845098350293413,6.457844226026945,1.3841208986749247,0.9227472657832831,1.3841208986749247,3.695655862292841,3.2336988795062362,0.0,0.4628339575022281,3.702671660017825,0.9256679150044562,0.46112524968065294,0.0,12.911506991058282,1.8397971897596204,2.2997464871995255,2.2997464871995255,0.9235109595359867,0.0,6.002821236983913,7.3921454857178235,4.158081835716275,0.0
2018-05-20,4.169108876442925,7.87498343328108,6.022046154862003,7.411749113676311,5.558811835257233,16.160455513933957,15.583296388436313,2.3086365019905655,2.794822990644958,3.260626822419118,8.850272803709034,,,,7.606459087710535,5.916134845997083,2.5354863625701785,12.05708106868809,3.7098710980578744,3.7098710980578744,1.3856781944654004,2.771356388930801,13.394889213165536,0.0,1.845098350293413,6.457844226026945,1.8454945315665663,0.9227472657832831,1.3841208986749247,4.157612845079447,3.695655862292841,0.0,0.9256679150044562,4.165505617520052,1.3885018725066842,0.46112524968065294,0.0,12.911506991058282,1.8397971897596204,2.2997464871995255,1.8397971897596204,0.9235109595359867,0.0,6.9263321965199,7.3921454857178235,4.158081835716275,0.0
2018-05-27,4.169108876442925,8.80145207249062,6.485280474466772,8.33821775288585,6.948514794071541,15.583296388436313,16.737614639431598,2.3086365019905655,3.260626822419118,2.794822990644958,9.781880467257354,,,,7.606459087710535,5.916134845997083,2.5354863625701785,11.129613294173623,3.7098710980578744,3.7098710980578744,1.8475709259538668,2.771356388930801,15.704352870607867,1.845098350293413,1.845098350293413,6.457844226026945,1.3841208986749247,0.9227472657832831,0.9227472657832831,4.157612845079447,3.2336988795062362,0.0,0.9256679150044562,4.62833957502228,1.8513358300089124,0.46112524968065294,0.0,12.911506991058282,1.8397971897596204,2.2997464871995255,2.2997464871995255,0.9235109595359867,0.0,6.9263321965199,7.3921454857178235,4.158081835716275,0.0
2018-06-03,4.169108876442925,8.80145207249062,6.022046154862003,9.727920711700158,7.411749113676311,15.583296388436313,15.583296388436313,2.3086365019905655,3.260626822419118,2.794822990644958,9.781880467257354,,,,8.451621208567262,6.761296966853808,2.5354863625701785,11.593347181430856,3.7098710980578744,4.173604985315109,1.3856781944654004,3.2332491204192673,12.932996481677069,2.306372937866766,1.845098350293413,6.457844226026945,1.3841208986749247,0.9227472657832831,1.3841208986749247,4.157612845079447,3.2336988795062362,0.0,0.9256679150044562,4.165505617520052,1.8513358300089124,0.46112524968065294,0.0,13.833757490419588,1.8397971897596204,2.2997464871995255,1.8397971897596204,0.9235109595359867,0.0,6.002821236983913,7.3921454857178235,4.158081835716275,0.0
2018-06-10,4.169108876442925,9.264686392095388,5.558811835257233,11.117623670514465,7.411749113676311,16.160455513933957,16.737614639431598,2.3086365019905655,3.260626822419118,3.260626822419118,10.247684299031514,,,,8.451621208567262,6.761296966853808,2.5354863625701785,12.05708106868809,4.637338872572342,5.101072759829577,1.3856781944654004,2.771356388930801,13.394889213165536,2.306372937866766,1.845098350293413,5.996569638453591,1.8454945315665663,0.46137363289164157,1.3841208986749247,4.157612845079447,3.2336988795062362,0.0,0.9256679150044562,4.165505617520052,1.3885018725066842,0.46112524968065294,0.0,16.600508988503503,1.8397971897596204,2.7596957846394305,1.8397971897596204,0.9235109595359867,0.0,6.464576716751907,8.31616367143255,4.620090928573639,0.0
2018-06-17,4.169108876442925,9.727920711700158,6.022046154862003,11.580857990119236,7.411749113676311,15.006137262938676,16.737614639431598,2.3086365019905655,3.260626822419118,2.794822990644958,10.247684299031514,,,,8.451621208567262,5.916134845997083,2.5354863625701785,12.05708106868809,4.173604985315109,5.101072759829577,1.3856781944654004,2.309463657442334,13.394889213165536,3.2289221130134727,1.845098350293413,5.996569638453591,1.3841208986749247,0.9227472657832831,1.3841208986749247,3.695655862292841,3.2336988795062362,0.0,0.9256679150044562,4.165505617520052,0.9256679150044562,0.46112524968065294,0.0,13.372632240738934,1.8397971897596204,2.2997464871995255,1.8397971897596204,0.9235109595359867,0.0,6.002821236983913,7.3921454857178235,4.158081835716275,0.0
2018-06-24,4.632343196047694,11.580857990119236,6.022046154862003,11.580857990119236,6.948514794071541,16.160455513933957,16.160455513933957,2.3086365019905655,3.260626822419118,3.260626822419118,10.247684299031514,,,,8.451621208567262,6.761296966853808,2.5354863625701785,11.593347181430856,4.637338872572342,5.564806647086812,1.3856781944654004,2.771356388930801,13.856781944654001,4.151471288160179,1.845098350293413,5.996569638453591,1.3841208986749247,0.9227472657832831,1.3841208986749247,4.157612845079447,3.2336988795062362,0.0,0.9256679150044562,4.165505617520052,1.3885018725066842,0.46112524968065294,0.0,13.833757490419588,1.3798478923197153,2.2997464871995255,2.2997464871995255,0.9235109595359867,0.0,6.464576716751907,8.31616367143255,4.620090928573639,0.0
2018-07-01,4.171217162635296,10.659777193401311,6.488560030766017,11.5867143406536,9.732840046149024,18.054835216054492,19.443668694212533,2.31472246359673,3.728312359611559,2.7962342697086697,10.252858988931788,,,,8.107373544488974,7.2966361900400765,2.432212063346692,12.061976005247569,4.175299386431851,6.0309880026237845,1.8484382417378318,2.3105478021722896,17.5601632965094,4.153825210852933,1.846144538156859,6.923042018088221,1.3852451439260811,0.9234967626173874,1.3852451439260811,4.160526699263221,3.235965210538061,0.0,0.9263392635378989,4.168526685920545,1.3895088953068484,0.46155567367551015,0.0,14.308225883940814,1.8411268273952115,2.3014085342440147,2.3014085342440147,1.3860622549149169,0.0,6.930311274574586,8.320638053724911,4.160319026862456,0.0
2018-07-08,4.171217162635296,8.342434325270592,5.098154309887584,11.5867143406536,6.952028604392161,15.27716825973842,14.81422376701907,2.31472246359673,3.2622733146601144,2.7962342697086697,12.117015168737566,,,,8.107373544488974,7.2966361900400765,2.432212063346692,12.061976005247569,4.175299386431851,6.0309880026237845,1.8484382417378318,2.7726573626067474,13.863286813033737,2.7692168072352885,1.846144538156859,6.461505883549007,1.3852451439260811,0.9234967626173874,1.3852451439260811,4.160526699263221,3.235965210538061,0.0,0.46316963176894943,4.631696317689494,1.3895088953068484,0.46155567367551015,0.0,14.308225883940814,1.8411268273952115,2.7616902410928175,2.3014085342440147,1.3860622549149169,0.0,6.46829052293628,7.858380384073529,4.62257669651384,0.0
2018-07-15,4.171217162635296,8.342434325270592,5.098154309887584,10.196308619775168,6.488560030766017,14.81422376701907,15.27716825973842,2.31472246359673,3.728312359611559,2.7962342697086697,10.252858988931788,,,,8.91811089893787,7.2966361900400765,2.432212063346692,11.598053851199586,3.711377232383868,6.494910156671769,1.8484382417378318,2.7726573626067474,12.476958131730362,2.307680672696074,1.846144538156859,5.999969749009792,1.3852451439260811,0.9234967626173874,1.846993525234775,4.160526699263221,3.235965210538061,0.0,0.46316963176894943,5.094865949458444,1.3895088953068484,0.46155567367551015,0.0,13.846670210265305,1.8411268273952115,2.7616902410928175,2.3014085342440147,1.3860622549149169,0.0,6.930311274574586,8.320638053724911,4.62257669651384,0.0
2018-07-22,4.171217162635296,7.878965751644449,5.561622883513728,8.805902898896736,6.025091457139872,15.27716825973842,18.054835216054492,2.31472246359673,3.2622733146601144,2.7962342697086697,10.252858988931788,,,,8.91811089893787,7.2966361900400765,2.432212063346692,11.598053851199586,3.711377232383868,6.0309880026237845,1.3863286813033737,4.1589860439101205,12.014848571295905,4.153825210852933,1.846144538156859,5.999969749009792,1.3852451439260811,0.9234967626173874,1.3852451439260811,4.622807443625801,3.698245954900641,0.0,0.46316963176894943,5.094865949458444,1.3895088953068484,0.46155567367551015,0.0,13.846670210265305,1.8411268273952115,2.3014085342440147,1.8411268273952115,1.3860622549149169,0.0,6.46829052293628,8.320638053724911,5.084834366165223,0.0
2018-07-29,3.707748589009152,7.878965751644449,5.098154309887584,7.415497178018304,6.488560030766017,15.740112752457764,17.128946230615803,1.8517779708773838,3.728312359611559,2.7962342697086697,9.786819943980344,,,,8.91811089893787,8.107373544488974,3.2429494177955895,12.061976005247569,4.175299386431851,6.0309880026237845,1.8484382417378318,3.2347669230412057,11.55273901086145,4.615361345392148,1.846144538156859,6.461505883549007,1.3852451439260811,1.3852451439260811,1.846993525234775,4.160526699263221,3.235965210538061,0.0,0.9263392635378989,5.094865949458444,1.8526785270757977,0.46155567367551015,0.0,13.385114536589796,1.3808451205464087,2.3014085342440147,1.8411268273952115,0.9240415032766114,0.0,6.46829052293628,8.320638053724911,4.62257669651384,0.0
2018-08-05,3.707748589009152,7.415497178018304,5.098154309887584,7.415497178018304,6.025091457139872,15.740112752457764,15.740112752457764,2.31472246359673,3.728312359611559,3.2622733146601144,9.320780899028897,,,,8.107373544488974,6.485898835591179,3.2429494177955895,11.598053851199586,4.175299386431851,5.567065848575801,1.8484382417378318,2.7726573626067474,11.55273901086145,4.153825210852933,1.846144538156859,6.461505883549007,1.3852451439260811,0.9234967626173874,1.3852451439260811,4.622807443625801,3.235965210538061,0.0,0.9263392635378989,5.094865949458444,1.8526785270757977,0.46155567367551015,0.0,12.923558862914286,1.3808451205464087,2.3014085342440147,1.8411268273952115,0.9240415032766114,0.0,6.006269771297974,8.320638053724911,4.62257669651384,0.0
2018-08-12,3.707748589009152,7.415497178018304,4.6346857362614395,6.025091457139872,4.6346857362614395,14.351279274299726,15.27716825973842,2.31472246359673,2.7962342697086697,3.2622733146601144,8.38870280912601,,,,8.107373544488974,6.485898835591179,4.053686772244487,10.206287389055637,5.103143694527819,5.567065848575801,1.8484382417378318,2.3105478021722896,11.09062945042699,4.153825210852933,1.846144538156859,5.999969749009792,1.3852451439260811,0.9234967626173874,1.846993525234775,4.160526699263221,3.235965210538061,0.0,0.9263392635378989,5.558035581227394,1.3895088953068484,0.46155567367551015,0.0,12.923558862914286,1.8411268273952115,2.3014085342440147,2.3014085342440147,1.3860622549149169,0.0,6.46829052293628,8.320638053724911,4.62257669651384,0.0
2018-08-19,3.707748589009152,6.952028604392161,4.6346857362614395,4.6346857362614395,4.171217162635296,16.666001737896455,14.81422376701907,2.31472246359673,2.7962342697086697,2.7962342697086697,7.922663764174564,,,,8.107373544488974,6.485898835591179,5.675161481142282,10.67020954310362,5.103143694527819,6.0309880026237845,1.8484382417378318,2.3105478021722896,11.55273901086145,4.153825210852933,1.3846084036176443,5.999969749009792,1.3852451439260811,0.9234967626173874,1.3852451439260811,4.160526699263221,3.235965210538061,0.0,0.9263392635378989,5.094865949458444,1.3895088953068484,0.46155567367551015,0.0,13.846670210265305,1.8411268273952115,2.3014085342440147,1.8411268273952115,0.9240415032766114,0.0,6.46829052293628,8.320638053724911,4.62257669651384,0.0
2018-08-26,3.2442800153830085,6.488560030766017,3.707748589009152,4.171217162635296,3.707748589009152,14.351279274299726,15.27716825973842,2.31472246359673,2.7962342697086697,2.7962342697086697,6.990585674271673,,,,8.107373544488974,6.485898835591179,8.107373544488974,10.67020954310362,4.175299386431851,5.103143694527819,1.8484382417378318,2.3105478021722896,12.014848571295905,4.153825210852933,1.3846084036176443,5.538433614470577,1.3852451439260811,0.9234967626173874,1.3852451439260811,3.235965210538061,2.7736844661754803,0.0,0.46316963176894943,4.631696317689494,1.3895088953068484,0.46155567367551015,0.0,11.077336168212243,1.3808451205464087,2.3014085342440147,1.8411268273952115,0.9240415032766114,0.0,6.006269771297974,7.396122714422144,4.160319026862456,0.0
2018-09-02,3.707748589009152,6.488560030766017,4.171217162635296,4.171217162635296,3.707748589009152,14.351279274299726,15.740112752457764,2.777666956316076,2.7962342697086697,2.7962342697086697,6.990585674271673,,,,8.107373544488974,5.675161481142282,9.728848253386769,9.742365235007652,5.103143694527819,4.175299386431851,1.3863286813033737,2.3105478021722896,13.40117725259928,4.153825210852933,1.3846084036176443,5.076897479931362,1.3852451439260811,0.9234967626173874,1.3852451439260811,3.698245954900641,2.7736844661754803,0.0,0.9263392635378989,5.094865949458444,1.3895088953068484,0.46155567367551015,0.0,10.615780494536732,1.8411268273952115,2.3014085342440147,1.8411268273952115,0.9240415032766114,0.0,6.46829052293628,7.858380384073529,4.160319026862456,0.0
2018-09-09,3.2442800153830085,6.025091457139872,3.707748589009152,3.707748589009152,3.2442800153830085,13.888334781580381,14.81422376701907,2.777666956316076,2.7962342697086697,2.330195224757224,6.524546629320229,,,,8.107373544488974,5.675161481142282,11.350322962284563,10.206287389055637,5.103143694527819,4.175299386431851,1.8484382417378318,2.3105478021722896,11.55273901086145,5.076897479931362,1.3846084036176443,5.538433614470577,1.3852451439260811,0.9234967626173874,1.3852451439260811,3.235965210538061,2.7736844661754803,0.0,0.46316963176894943,4.631696317689494,1.3895088953068484,0.46155567367551015,0.0,10.154224820861224,1.3808451205464087,1.8411268273952115,1.8411268273952115,0.9240415032766114,0.0,6.006269771297974,7.858380384073529,4.62257669651384,0.0
2018-09-16,3.2442800153830085,6.952028604392161,3.707748589009152,3.707748589009152,3.2442800153830085,12.499501303422342,14.81422376701907,4.166500434474114,3.2622733146601144,2.7962342697086697,6.990585674271673,,,,8.107373544488974,5.675161481142282,14.593272380080153,10.206287389055637,5.103143694527819,3.711377232383868,1.8484382417378318,2.3105478021722896,12.939067692164823,4.615361345392148,1.846144538156859,4.153825210852933,1.3852451439260811,0.9234967626173874,1.3852451439260811,3.698245954900641,2.7736844661754803,0.0,0.9263392635378989,4.168526685920545,1.3895088953068484,0.46155567367551015,0.0,9.692669147185715,1.3808451205464087,1.8411268273952115,1.8411268273952115,0.9240415032766114,0.0,6.006269771297974,7.858380384073529,5.084834366165223,0.0
2018-09-23,3.2442800153830085,6.488560030766017,3.707748589009152,3.2442800153830085,2.780811441756864,12.036556810702995,13.425390288861033,4.166500434474114,2.7962342697086697,2.7962342697086697,6.990585674271673,,,,8.91811089893787,5.675161481142282,17.83622179787574,9.742365235007652,5.103143694527819,3.711377232383868,1.8484382417378318,2.3105478021722896,12.939067692164823,4.615361345392148,1.3846084036176443,4.153825210852933,1.3852451439260811,0.9234967626173874,0.9234967626173874,3.698245954900641,2.7736844661754803,0.0,0.9263392635378989,4.168526685920545,1.3895088953068484,0.46155567367551015,0.0,9.231113473510202,1.3808451205464087,1.8411268273952115,1.8411268273952115,0.9240415032766114,0.0,5.544249019659667,7.396122714422144,4.62257669651384,0.0
2018-09-30,3.2442800153830085,6.025091457139872,3.2442800153830085,3.2442800153830085,2.780811441756864,13.888334781580381,14.351279274299726,4.166500434474114,2.7962342697086697,2.7962342697086697,6.524546629320229,,,,8.107373544488974,5.675161481142282,34.05096888685369,9.278443080959669,5.103143694527819,3.2474550783358844,1.3863286813033737,2.3105478021722896,14.787505933902654,4.153825210852933,1.3846084036176443,4.153825210852933,1.3852451439260811,0.9234967626173874,1.3852451439260811,3.698245954900641,3.235965210538061,0.0,0.46316963176894943,4.168526685920545,1.3895088953068484,0.46155567367551015,0.0,9.231113473510202,1.3808451205464087,1.8411268273952115,1.8411268273952115,0.9240415032766114,0.0,6.006269771297974,7.858380384073529,4.62257669651384,0.0
2018-10-07,3.2442800153830085,5.561622883513728,3.2442800153830085,3.2442800153830085,2.780811441756864,12.962445796141688,13.425390288861033,3.7035559417547677,2.7962342697086697,2.7962342697086697,6.058507584368783,,,,8.107373544488974,4.864424126693384,42.15834243134266,8.350598772863702,4.175299386431851,2.7835329242879006,1.3863286813033737,2.3105478021722896,16.173834615206026,4.153825210852933,1.3846084036176443,3.692289076313718,1.3852451439260811,0.9234967626173874,1.3852451439260811,3.235965210538061,2.7736844661754803,0.0,0.46316963176894943,5.094865949458444,1.3895088953068484,0.46155567367551015,0.0,8.769557799834692,1.3808451205464087,1.8411268273952115,1.8411268273952115,0.9240415032766114,0.0,6.006269771297974,7.396122714422144,4.160319026862456,0.0
2018-10-14,3.2442800153830085,6.025091457139872,3.2442800153830085,3.2442800153830085,2.3173428681307198,13.425390288861033,14.81422376701907,3.240611449035422,2.330195224757224,3.2622733146601144,6.058507584368783,,,,8.107373544488974,5.675161481142282,57.562352165871715,9.278443080959669,4.639221540479834,2.319610770239917,1.8484382417378318,2.3105478021722896,17.09805373607494,4.153825210852933,1.3846084036176443,3.692289076313718,1.3852451439260811,0.9234967626173874,0.9234967626173874,3.235965210538061,2.7736844661754803,0.0,0.9263392635378989,4.168526685920545,1.3895088953068484,0.46155567367551015,0.0,8.308002126159183,1.8411268273952115,1.8411268273952115,1.8411268273952115,0.9240415032766114,0.0,5.544249019659667,7.396122714422144,4.160319026862456,0.0
2018-10-21,3.2442800153830085,6.025091457139872,3.2442800153830085,2.780811441756864,2.3173428681307198,12.499501303422342,14.81422376701907,1.388833478158038,2.330195224757224,3.2622733146601144,6.524546629320229,,,,7.2966361900400765,4.864424126693384,76.20931131819636,8.350598772863702,4.175299386431851,2.319610770239917,1.8484382417378318,1.8484382417378318,16.635944175640482,4.153825210852933,1.3846084036176443,3.692289076313718,1.3852451439260811,0.9234967626173874,0.9234967626173874,3.235965210538061,3.235965210538061,0.0,0.46316963176894943,4.168526685920545,0.9263392635378989,0.46155567367551015,0.0,7.846446452483674,1.8411268273952115,1.3808451205464087,1.8411268273952115,0.9240415032766114,0.0,5.544249019659667,7.396122714422144,4.62257669651384,0.0
2018-10-28,2.780811441756864,5.561622883513728,2.780811441756864,2.3173428681307198,2.3173428681307198,12.962445796141688,14.351279274299726,1.388833478158038,2.330195224757224,2.7962342697086697,6.524546629320229,,,,8.107373544488974,4.053686772244487,81.07373544488973,8.350598772863702,4.175299386431851,2.319610770239917,1.8484382417378318,1.8484382417378318,16.635944175640482,4.153825210852933,1.3846084036176443,3.692289076313718,1.3852451439260811,0.9234967626173874,0.9234967626173874,3.235965210538061,2.7736844661754803,0.0,0.46316963176894943,4.168526685920545,1.3895088953068484,0.46155567367551015,0.0,7.846446452483674,1.3808451205464087,1.8411268273952115,1.8411268273952115,0.9240415032766114,0.0,5.544249019659667,6.9338650447707595,4.160319026862456,0.0
2018-11-04,2.780811441756864,6.025091457139872,2.780811441756864,3.2442800153830085,1.853874294504576,12.962445796141688,16.20305724517711,1.8517779708773838,2.7962342697086697,2.7962342697086697,6.058507584368783,,,,8.91811089893787,4.864424126693384,12.971797671182358,10.206287389055637,4.175299386431851,2.7835329242879006,1.8484382417378318,2.3105478021722896,11.55273901086145,4.615361345392148,1.846144538156859,5.076897479931362,1.3852451439260811,0.9234967626173874,0.9234967626173874,3.235965210538061,2.7736844661754803,0.0,0.46316963176894943,3.7053570541515954,1.3895088953068484,0.46155567367551015,0.0,9.692669147185715,1.8411268273952115,1.8411268273952115,1.8411268273952115,0.9240415032766114,0.0,6.46829052293628,7.396122714422144,4.160319026862456,0.0
2018-11-11,2.780811441756864,7.878965751644449,3.2442800153830085,3.707748589009152,2.3173428681307198,13.425390288861033,19.443668694212533,1.8517779708773838,2.330195224757224,3.2622733146601144,7.922663764174564,,,,8.107373544488974,4.864424126693384,13.782535025631256,10.67020954310362,4.175299386431851,2.319610770239917,1.8484382417378318,1.8484382417378318,14.787505933902654,5.538433614470577,1.3846084036176443,5.999969749009792,1.3852451439260811,0.9234967626173874,0.9234967626173874,3.235965210538061,2.7736844661754803,0.0,0.46316963176894943,4.168526685920545,1.3895088953068484,0.46155567367551015,0.0,9.231113473510202,2.3014085342440147,1.8411268273952115,1.8411268273952115,0.9240415032766114,0.0,6.930311274574586,7.858380384073529,5.084834366165223,0.0
2018-11-18,3.2442800153830085,7.878965751644449,4.6346857362614395,2.780811441756864,1.853874294504576,13.425390288861033,40.27617086658311,1.388833478158038,2.7962342697086697,3.2622733146601144,10.252858988931788,,,,8.91811089893787,4.053686772244487,21.07917121567133,12.525898159295554,6.0309880026237845,2.319610770239917,3.6968764834756636,8.7800816482547,27.264464065633017,9.692258825323512,1.846144538156859,9.230722690784296,2.3087419065434682,0.9234967626173874,1.3852451439260811,5.085088187988381,2.3114037218129004,0.0,0.9263392635378989,5.094865949458444,1.3895088953068484,0.46155567367551015,0.0,11.538891841887754,2.7616902410928175,1.8411268273952115,1.8411268273952115,1.3860622549149169,0.0,9.240415032766114,10.169668732330447,6.9338650447707595,0.0
2018-11-25,2.3173428681307198,5.561622883513728,2.780811441756864,2.3173428681307198,1.853874294504576,12.499501303422342,16.666001737896455,1.388833478158038,2.330195224757224,3.2622733146601144,5.5924685394173395,,,,7.2966361900400765,4.053686772244487,4.864424126693384,10.206287389055637,10.206287389055637,1.855688616191934,2.3105478021722896,6.469533846082411,10.166410329558074,4.153825210852933,1.3846084036176443,5.999969749009792,1.3852451439260811,0.9234967626173874,0.9234967626173874,2.7736844661754803,2.3114037218129004,0.0,0.9263392635378989,3.242187422382646,1.3895088953068484,0.46155567367551015,0.0,8.769557799834692,2.3014085342440147,1.8411268273952115,1.8411268273952115,0.9240415032766114,0.0,6.006269771297974,7.396122714422144,4.62257669651384,0.0
2018-12-02,2.3173428681307198,8.342434325270592,3.2442800153830085,2.780811441756864,1.853874294504576,11.573612317983649,15.740112752457764,1.8517779708773838,2.330195224757224,3.2622733146601144,6.524546629320229,,,,8.107373544488974,4.053686772244487,4.053686772244487,10.206287389055637,4.639221540479834,1.855688616191934,2.3105478021722896,3.6968764834756636,10.628519889992532,4.615361345392148,1.846144538156859,5.999969749009792,1.3852451439260811,0.9234967626173874,0.9234967626173874,2.7736844661754803,2.7736844661754803,0.0,0.9263392635378989,3.242187422382646,0.9263392635378989,0.46155567367551015,0.0,8.308002126159183,1.8411268273952115,1.3808451205464087,1.8411268273952115,0.9240415032766114,0.0,6.006269771297974,7.396122714422144,4.62257669651384,0.0
2018-12-09,2.780811441756864,6.952028604392161,3.2442800153830085,2.780811441756864,1.853874294504576,13.425390288861033,15.740112752457764,1.8517779708773838,2.330195224757224,2.7962342697086697,6.058507584368783,,,,9.728848253386769,4.053686772244487,4.053686772244487,10.67020954310362,4.175299386431851,1.855688616191934,2.3105478021722896,2.3105478021722896,11.09062945042699,4.615361345392148,1.846144538156859,6.923042018088221,1.846993525234775,0.9234967626173874,0.9234967626173874,2.7736844661754803,2.3114037218129004,0.23114037218129005,1.3895088953068484,3.242187422382646,1.3895088953068484,0.46155567367551015,0.0,9.692669147185715,2.3014085342440147,1.8411268273952115,1.8411268273952115,0.9240415032766114,0.0,6.46829052293628,8.320638053724911,5.084834366165223,0.0
2018-12-16,2.3173428681307198,6.952028604392161,3.2442800153830085,2.780811441756864,1.853874294504576,14.351279274299726,18.98072420149319,1.388833478158038,2.330195224757224,2.7962342697086697,6.990585674271673,,,,11.350322962284563,4.053686772244487,4.053686772244487,11.598053851199586,4.175299386431851,1.855688616191934,1.8484382417378318,2.3105478021722896,12.939067692164823,5.076897479931362,1.846144538156859,6.923042018088221,1.3852451439260811,0.9234967626173874,0.9234967626173874,2.7736844661754803,2.7736844661754803,0.4622807443625801,0.9263392635378989,3.242187422382646,1.3895088953068484,0.46155567367551015,0.0,10.615780494536732,2.3014085342440147,1.8411268273952115,1.3808451205464087,0.9240415032766114,0.0,6.006269771297974,8.320638053724911,6.009349705467992,0.0
2018-12-23,2.780811441756864,8.342434325270592,4.171217162635296,3.2442800153830085,1.853874294504576,17.128946230615803,25.924891592283377,1.388833478158038,2.7962342697086697,3.2622733146601144,9.320780899028897,,,,8.91811089893787,4.864424126693384,4.053686772244487,12.061976005247569,4.639221540479834,2.319610770239917,2.3105478021722896,2.3105478021722896,15.249615494337114,6.461505883549007,1.846144538156859,8.307650421705866,2.3087419065434682,0.9234967626173874,0.9234967626173874,3.235965210538061,2.7736844661754803,0.9245614887251602,0.9263392635378989,3.7053570541515954,1.3895088953068484,0.46155567367551015,0.0,12.000447515563263,2.7616902410928175,1.8411268273952115,1.8411268273952115,1.3860622549149169,0.0,7.392332026212891,10.631926401981831,7.858380384073529,0.0
2018-12-30,3.2442800153830085,10.196308619775168,4.171217162635296,3.707748589009152,1.853874294504576,17.59189072333515,18.054835216054492,1.8517779708773838,3.2622733146601144,4.194351404563005,7.456624719223118,,,,8.107373544488974,6.485898835591179,2.432212063346692,12.525898159295554,6.0309880026237845,2.319610770239917,3.2347669230412057,2.3105478021722896,12.014848571295905,5.076897479931362,2.307680672696074,7.846114287166651,1.846993525234775,0.9234967626173874,0.9234967626173874,3.235965210538061,3.235965210538061,0.9245614887251602,0.9263392635378989,5.094865949458444,0.9263392635378989,0.46155567367551015,0.0,11.077336168212243,1.8411268273952115,1.8411268273952115,2.3014085342440147,0.9240415032766114,0.0,7.392332026212891,9.707411062679064,6.009349705467992,0.0
2019-01-06,3.5879823020147765,10.76394690604433,4.100551202302602,3.5879823020147765,2.3065600512952136,15.620883587330853,16.02141906392908,2.002677382991135,3.349379981579273,3.607024595546909,6.698759963158546,,,,8.107373544488976,7.296636190040078,3.2429494177955904,12.077757695982193,4.111577087993939,2.0557885439969694,3.299578923102139,3.024614012843628,10.173701679564932,5.631948745149693,2.0479813618726155,7.167934766554155,1.539161271028979,1.0261075140193192,1.0261075140193192,4.365499023745545,3.3383227828642394,0.7703821806609784,0.7683349075498291,6.915014167948462,0.7683349075498291,0.5136017242910179,0.0,10.785636210111376,2.0437801315815696,1.7883076151338735,2.299252648029266,1.02442757014026,0.0,7.170992990981821,9.245903811322568,5.650274551363791,0.0
2019-01-13,3.331697851870864,11.020231356188242,4.100551202302602,3.331697851870864,2.050275601151301,14.419277157536172,16.42195454052731,2.403212859589362,3.349379981579273,3.349379981579273,6.956404577126181,,,,8.107373544488976,7.296636190040078,2.4322120633466926,12.077757695982193,4.111577087993939,2.0557885439969694,3.299578923102139,2.7496491025851166,10.723631500081954,5.3759510749156165,2.3039790321066924,7.167934766554155,1.282634392524149,1.0261075140193192,1.0261075140193192,4.108704963525218,3.3383227828642394,1.0271762408813045,1.0244465433997723,6.146679260398633,1.0244465433997723,0.5136017242910179,0.0,10.528835347965867,2.0437801315815696,2.0437801315815696,2.299252648029266,1.02442757014026,0.0,7.170992990981821,9.245903811322568,5.907105212789418,0.0
2019-01-20,3.0754134017269514,12.301653606907806,4.86940455273434,3.331697851870864,2.050275601151301,15.220348110732626,16.822490017125535,2.403212859589362,3.349379981579273,3.607024595546909,6.956404577126181,,,,8.918110898937872,6.485898835591181,2.4322120633466926,12.591704831981437,3.854603519994317,2.3127621119965904,3.299578923102139,2.7496491025851166,11.273561320598976,5.3759510749156165,2.0479813618726155,7.423932436788232,1.282634392524149,1.0261075140193192,1.0261075140193192,3.8519109033048924,3.3383227828642394,1.0271762408813045,1.0244465433997723,6.146679260398633,1.0244465433997723,0.5136017242910179,0.0,10.528835347965867,2.0437801315815696,1.7883076151338735,2.0437801315815696,1.02442757014026,0.0,7.683206776051951,9.245903811322568,5.650274551363791,0.0
2019-01-27,3.331697851870864,13.070506957339544,4.100551202302602,3.5879823020147765,2.3065600512952136,16.02141906392908,15.620883587330853,2.002677382991135,3.0917353676116366,3.607024595546909,6.441115349190908,,,,8.107373544488976,7.296636190040078,2.4322120633466926,12.077757695982193,4.111577087993939,2.3127621119965904,3.849508743619163,2.4746841923266047,10.998596410340467,5.11995340468154,1.7919836916385388,6.399941755851923,1.539161271028979,0.7695806355144895,1.0261075140193192,3.8519109033048924,3.0815287226439136,1.0271762408813045,0.7683349075498291,5.89056762454869,1.0244465433997723,0.25680086214550896,0.0,10.01523362367485,2.0437801315815696,1.7883076151338735,2.0437801315815696,1.02442757014026,0.0,7.170992990981821,8.989073149896939,5.650274551363791,0.0
2019-02-03,3.0754134017269514,15.889635908922584,4.86940455273434,3.5879823020147765,2.3065600512952136,13.21767072774149,15.220348110732626,2.002677382991135,3.349379981579273,3.0917353676116366,6.441115349190908,,,,8.918110898937872,7.296636190040078,2.4322120633466926,11.56381055998295,4.111577087993939,2.569735679996212,3.574543833360651,2.4746841923266047,12.098456051374512,4.863955734447463,2.0479813618726155,6.911937096320078,1.282634392524149,1.0261075140193192,1.0261075140193192,3.8519109033048924,3.3383227828642394,0.7703821806609784,0.7683349075498291,5.378344352848805,1.2805581792497152,0.5136017242910179,0.0,10.01523362367485,2.0437801315815696,1.7883076151338735,2.299252648029266,1.02442757014026,0.0,7.170992990981821,8.732242488471314,5.907105212789418,0.0
2019-02-10,3.0754134017269514,17.939911510073884,4.613120102590427,3.5879823020147765,2.3065600512952136,13.61820620433972,14.819812634134397,2.002677382991135,3.349379981579273,3.0917353676116366,6.698759963158546,,,,8.107373544488976,5.675161481142283,2.4322120633466926,11.820784127982572,3.5976299519946955,2.569735679996212,2.7496491025851166,2.4746841923266047,10.173701679564932,4.863955734447463,2.0479813618726155,6.911937096320078,1.282634392524149,0.7695806355144895,1.0261075140193192,3.3383227828642394,3.3383227828642394,1.0271762408813045,0.7683349075498291,4.866121081148918,1.0244465433997723,0.5136017242910179,0.0,10.01523362367485,1.7883076151338735,1.7883076151338735,2.0437801315815696,0.7683206776051952,0.0,6.402672313376626,8.732242488471314,5.393443889938164,0.0
2019-02-17,3.331697851870864,17.427342609786056,4.86940455273434,3.8442667521586897,2.5628445014391263,14.819812634134397,14.819812634134397,2.002677382991135,3.864669209514545,3.864669209514545,6.441115349190908,,,,8.107373544488976,6.485898835591181,2.4322120633466926,12.334731263981814,3.854603519994317,2.569735679996212,3.299578923102139,2.4746841923266047,10.723631500081954,4.863955734447463,2.55997670234077,7.167934766554155,1.282634392524149,1.0261075140193192,1.0261075140193192,3.3383227828642394,3.0815287226439136,1.0271762408813045,1.0244465433997723,5.122232716998861,1.2805581792497152,0.5136017242910179,0.0,10.785636210111376,1.7883076151338735,2.0437801315815696,2.299252648029266,1.02442757014026,0.0,6.658779205911691,7.961750504194433,4.879782567086911,0.0
2019-02-24,3.0754134017269514,20.2464715613691,4.613120102590427,4.356835652446514,2.5628445014391263,14.419277157536172,14.419277157536172,2.002677382991135,3.864669209514545,3.349379981579273,6.698759963158546,,,,8.107373544488976,5.675161481142283,2.4322120633466926,11.30683699198333,3.5976299519946955,2.569735679996212,2.7496491025851166,2.4746841923266047,10.723631500081954,4.607958064213385,2.55997670234077,7.167934766554155,1.282634392524149,0.7695806355144895,1.0261075140193192,3.3383227828642394,3.0815287226439136,0.7703821806609784,0.7683349075498291,4.610009445298975,1.2805581792497152,0.5136017242910179,0.0,10.01523362367485,1.7883076151338735,1.7883076151338735,1.7883076151338735,1.02442757014026,0.0,5.634351635771431,7.961750504194433,4.879782567086911,0.0
2019-03-03,3.0754134017269514,25.62844501439126,4.613120102590427,4.613120102590427,2.8191289515830387,15.220348110732626,14.419277157536172,1.602141906392908,3.864669209514545,4.637603051417455,7.986983032996727,,,,7.296636190040078,6.485898835591181,1.6214747088977952,11.30683699198333,3.854603519994317,2.8267092479958325,2.7496491025851166,2.4746841923266047,11.548526230857489,4.607958064213385,2.8159743725748463,6.911937096320078,1.282634392524149,1.0261075140193192,1.0261075140193192,3.595116843084566,3.0815287226439136,0.7703821806609784,1.0244465433997723,4.353897809449031,1.2805581792497152,0.25680086214550896,0.0,10.272034485820358,1.7883076151338735,1.7883076151338735,2.0437801315815696,1.02442757014026,0.0,6.402672313376626,7.704919842768806,4.622951905661284,0.0
2019-03-10,3.5879823020147765,16.65848925935432,5.381973453022165,4.356835652446514,3.331697851870864,14.419277157536172,14.819812634134397,2.002677382991135,3.864669209514545,12.109296856478908,8.759916874899636,,,,8.107373544488976,5.675161481142283,1.6214747088977952,11.049863423983709,3.854603519994317,3.3406563839950745,3.024614012843628,2.4746841923266047,13.473280602667069,4.863955734447463,2.55997670234077,6.911937096320078,1.539161271028979,1.0261075140193192,1.0261075140193192,3.3383227828642394,3.0815287226439136,1.0271762408813045,1.0244465433997723,3.8416745377491455,1.5366698150996583,0.25680086214550896,0.0,11.042437072256886,1.7883076151338735,1.7883076151338735,2.0437801315815696,1.02442757014026,0.0,6.146565420841561,7.448089181343179,4.622951905661284,0.0
2019-03-17,3.331697851870864,12.045369156763893,5.125689002878253,3.8442667521586897,3.0754134017269514,14.018741680937946,14.819812634134397,2.002677382991135,4.122313823482181,16.23161067996109,7.986983032996727,,,,7.296636190040078,5.675161481142283,2.4322120633466926,11.56381055998295,3.854603519994317,3.0836828159954535,2.7496491025851166,2.199719282068093,14.848105153959628,5.11995340468154,2.3039790321066924,6.911937096320078,1.539161271028979,0.7695806355144895,1.0261075140193192,3.3383227828642394,2.8247346624235874,1.0271762408813045,1.0244465433997723,3.8416745377491455,1.2805581792497152,0.5136017242910179,0.0,11.299237934402393,1.5328350986861772,1.7883076151338735,2.0437801315815696,1.02442757014026,0.0,6.402672313376626,7.704919842768806,4.879782567086911,0.0
2019-03-24,3.5879823020147765,11.276515806332155,5.638257903166077,4.86940455273434,3.331697851870864,14.419277157536172,13.61820620433972,2.002677382991135,3.864669209514545,3.607024595546909,7.986983032996727,,,,8.107373544488976,10.539585607835669,1.6214747088977952,12.334731263981814,4.625524223993181,2.8267092479958325,2.4746841923266047,2.4746841923266047,12.648385871891534,5.11995340468154,2.0479813618726155,7.679930107022309,1.539161271028979,1.0261075140193192,1.282634392524149,3.595116843084566,3.3383227828642394,1.0271762408813045,1.2805581792497152,4.097786173599089,1.7927814509496014,0.25680086214550896,0.0,12.06964052083892,1.7883076151338735,2.0437801315815696,2.299252648029266,1.02442757014026,0.0,6.402672313376626,8.475411827045685,4.879782567086911,0.0
2019-03-31,3.5879823020147765,9.995093555612593,6.663395703741728,4.613120102590427,3.5879823020147765,14.419277157536172,14.018741680937946,2.002677382991135,4.379958437449818,3.349379981579273,7.986983032996727,,,,8.918110898937872,7.296636190040078,2.4322120633466926,11.56381055998295,3.854603519994317,3.0836828159954535,2.4746841923266047,2.199719282068093,12.373420961633023,5.3759510749156165,1.5359860214044616,7.423932436788232,1.539161271028979,0.7695806355144895,1.282634392524149,3.3383227828642394,3.0815287226439136,1.0271762408813045,1.2805581792497152,4.097786173599089,1.5366698150996583,0.5136017242910179,0.0,10.785636210111376,1.5328350986861772,2.0437801315815696,2.554725164476962,1.02442757014026,0.0,6.402672313376626,7.704919842768806,4.879782567086911,0.0
2019-04-07,3.5879823020147765,9.482524655324767,7.944817954461292,5.125689002878253,3.8442667521586897,15.620883587330853,14.419277157536172,2.002677382991135,4.122313823482181,3.0917353676116366,7.72933841902909,,,,8.107373544488976,6.485898835591181,2.4322120633466926,12.334731263981814,4.111577087993939,3.3406563839950745,2.199719282068093,2.7496491025851166,12.923350782150047,5.11995340468154,1.7919836916385388,7.167934766554155,1.539161271028979,0.7695806355144895,1.0261075140193192,3.595116843084566,3.3383227828642394,1.2839703011016306,1.5366698150996583,4.866121081148918,1.5366698150996583,0.5136017242910179,0.0,11.042437072256886,1.7883076151338735,2.0437801315815696,2.299252648029266,1.2805344626753252,0.0,6.402672313376626,7.704919842768806,4.366121244235657,0.0
2019-04-14,3.8442667521586897,9.482524655324767,8.713671304893028,4.86940455273434,4.356835652446514,15.220348110732626,18.024096446920215,2.002677382991135,4.379958437449818,2.834090753644,9.017561488867273,,,,8.107373544488976,5.675161481142283,2.4322120633466926,13.362625535980298,4.368550655993559,3.5976299519946955,2.4746841923266047,2.4746841923266047,13.473280602667069,8.191925447490462,1.7919836916385388,6.911937096320078,1.539161271028979,0.7695806355144895,1.0261075140193192,3.595116843084566,3.3383227828642394,1.0271762408813045,1.2805581792497152,4.353897809449031,1.5366698150996583,0.5136017242910179,0.0,13.096843969420956,2.0437801315815696,2.0437801315815696,2.299252648029266,1.02442757014026,0.0,6.914886098446757,9.245903811322568,5.650274551363791,0.0
2019-04-21,3.8442667521586897,8.969955755036942,7.6885335043173795,5.638257903166077,4.100551202302602,16.822490017125535,17.22302549372376,2.002677382991135,4.122313823482181,3.0917353676116366,8.759916874899636,,,,7.296636190040078,5.675161481142283,2.4322120633466926,12.334731263981814,4.111577087993939,3.5976299519946955,2.4746841923266047,2.199719282068093,14.023210423184095,6.143944085617846,1.5359860214044616,6.655939426086,1.539161271028979,0.7695806355144895,1.282634392524149,3.3383227828642394,3.0815287226439136,1.0271762408813045,1.2805581792497152,4.097786173599089,1.2805581792497152,0.25680086214550896,0.0,11.812839658693413,2.0437801315815696,2.0437801315815696,1.7883076151338735,1.02442757014026,0.0,6.402672313376626,8.21858116562006,4.10929058281003,0.0
2019-04-28,4.100551202302602,8.969955755036942,7.6885335043173795,5.638257903166077,5.125689002878253,14.819812634134397,13.21767072774149,2.002677382991135,4.379958437449818,3.0917353676116366,8.244627646964362,,,,8.107373544488976,5.675161481142283,2.4322120633466926,11.30683699198333,3.5976299519946955,3.5976299519946955,2.199719282068093,2.4746841923266047,13.473280602667069,4.351960393979308,1.7919836916385388,6.143944085617846,1.539161271028979,0.7695806355144895,1.282634392524149,3.8519109033048924,3.3383227828642394,0.7703821806609784,1.5366698150996583,4.097786173599089,1.2805581792497152,0.5136017242910179,0.0,10.528835347965867,1.5328350986861772,2.0437801315815696,2.299252648029266,1.02442757014026,0.0,6.146565420841561,7.191258519917551,4.366121244235657,0.0
2019-05-05,3.8442667521586897,9.482524655324767,7.6885335043173795,6.150826803453903,5.125689002878253,14.419277157536172,4.405890242580497,2.403212859589362,4.8952476653850905,3.0917353676116366,7.471693805061454,,,,8.107373544488976,5.675161481142283,2.4322120633466926,11.56381055998295,3.5976299519946955,3.3406563839950745,2.199719282068093,2.4746841923266047,13.198315692408556,4.351960393979308,1.5359860214044616,6.143944085617846,1.282634392524149,0.7695806355144895,1.282634392524149,3.8519109033048924,3.0815287226439136,1.0271762408813045,1.7927814509496014,3.8416745377491455,1.0244465433997723,0.5136017242910179,0.0,10.272034485820358,1.277362582238481,2.299252648029266,2.554725164476962,1.02442757014026,0.0,5.890458528306496,7.448089181343179,4.10929058281003,0.0
2019-05-12,4.100551202302602,9.226240205180854,6.663395703741728,6.150826803453903,5.8945423533099905,17.62356097032199,0.801070953196454,2.002677382991135,4.122313823482181,2.834090753644,7.986983032996727,,,,8.107373544488976,5.675161481142283,2.4322120633466926,11.30683699198333,3.854603519994317,3.3406563839950745,2.199719282068093,2.4746841923266047,13.748245512925582,4.095962723745231,1.5359860214044616,6.143944085617846,1.539161271028979,1.0261075140193192,1.282634392524149,3.8519109033048924,3.0815287226439136,0.7703821806609784,1.7927814509496014,3.8416745377491455,1.0244465433997723,0.25680086214550896,0.0,10.528835347965867,1.7883076151338735,2.299252648029266,2.299252648029266,1.02442757014026,0.0,6.146565420841561,7.704919842768806,4.10929058281003,0.0
2019-05-19,4.613120102590427,8.969955755036942,6.407111253597815,6.919680153885641,7.944817954461292,17.22302549372376,0.801070953196454,2.403212859589362,4.379958437449818,2.5764461396763636,7.986983032996727,,,,8.107373544488976,6.485898835591181,2.4322120633466926,12.848678399981058,3.854603519994317,3.854603519994317,2.4746841923266047,2.199719282068093,14.848105153959628,4.351960393979308,1.7919836916385388,5.88794641538377,1.282634392524149,1.0261075140193192,1.282634392524149,4.365499023745545,3.0815287226439136,0.7703821806609784,1.5366698150996583,4.097786173599089,1.2805581792497152,0.25680086214550896,0.0,10.785636210111376,1.7883076151338735,2.299252648029266,2.299252648029266,1.02442757014026,0.0,6.146565420841561,7.191258519917551,4.622951905661284,0.0
2019-05-26,4.613120102590427,9.73880910546868,6.407111253597815,7.6885335043173795,10.251378005756505,18.82516740011667,0.400535476598227,2.002677382991135,4.637603051417455,2.5764461396763636,9.532850716802544,,,,7.296636190040078,5.675161481142283,2.4322120633466926,13.105651967980679,3.854603519994317,5.139471359992424,2.7496491025851166,2.4746841923266047,17.597754256544743,3.8399650535111545,1.7919836916385388,6.143944085617846,1.539161271028979,1.0261075140193192,1.539161271028979,4.108704963525218,3.0815287226439136,0.7703821806609784,1.5366698150996583,4.097786173599089,1.2805581792497152,0.25680086214550896,0.0,12.583242245129938,1.7883076151338735,2.0437801315815696,2.299252648029266,1.2805344626753252,0.0,6.658779205911691,7.448089181343179,4.10929058281003,0.0
2019-06-02,4.356835652446514,8.457386854749116,6.150826803453903,9.226240205180854,8.201102404605203,17.22302549372376,0.400535476598227,2.002677382991135,4.637603051417455,3.0917353676116366,8.244627646964362,,,,8.107373544488976,5.675161481142283,2.4322120633466926,12.848678399981058,4.111577087993939,5.653418495991665,2.4746841923266047,2.199719282068093,13.198315692408556,4.351960393979308,1.7919836916385388,5.631948745149693,1.539161271028979,1.0261075140193192,1.282634392524149,4.108704963525218,3.595116843084566,0.7703821806609784,1.7927814509496014,3.8416745377491455,1.5366698150996583,0.5136017242910179,0.0,12.06964052083892,1.7883076151338735,2.554725164476962,2.299252648029266,1.02442757014026,0.0,6.402672313376626,7.704919842768806,4.366121244235657,0.0
2019-06-09,3.8442667521586897,9.482524655324767,6.150826803453903,10.251378005756505,8.201102404605203,16.42195454052731,0.801070953196454,2.403212859589362,4.379958437449818,2.5764461396763636,8.759916874899636,,,,8.918110898937872,6.485898835591181,2.4322120633466926,13.105651967980679,4.625524223993181,6.167365631990907,2.7496491025851166,2.199719282068093,13.748245512925582,4.095962723745231,1.7919836916385388,5.631948745149693,1.539161271028979,1.0261075140193192,1.282634392524149,4.108704963525218,3.3383227828642394,0.7703821806609784,1.5366698150996583,4.097786173599089,1.2805581792497152,0.5136017242910179,0.0,11.812839658693413,1.7883076151338735,2.554725164476962,2.299252648029266,1.02442757014026,0.0,6.914886098446757,7.961750504194433,4.366121244235657,0.0
2019-06-16,4.100551202302602,11.789084706619981,6.150826803453903,11.532800256476067,8.457386854749116,16.02141906392908,0.801070953196454,2.403212859589362,5.410536893320363,2.834090753644,9.532850716802544,,,,8.918110898937872,5.675161481142283,2.4322120633466926,13.105651967980679,4.111577087993939,5.910392063991286,2.7496491025851166,2.199719282068093,15.123070064218139,3.8399650535111545,1.7919836916385388,5.88794641538377,1.539161271028979,0.7695806355144895,1.282634392524149,3.8519109033048924,3.595116843084566,0.7703821806609784,1.2805581792497152,4.097786173599089,1.5366698150996583,0.5136017242910179,0.0,11.556038796547904,1.7883076151338735,2.0437801315815696,2.554725164476962,1.2805344626753252,0.0,6.914886098446757,8.475411827045685,4.366121244235657,0.0
2019-06-23,4.100551202302602,10.251378005756505,5.8945423533099905,12.81422250719563,9.482524655324767,15.220348110732626,0.801070953196454,2.403212859589362,4.8952476653850905,2.3188015257087273,9.790495330770181,,,,8.918110898937872,6.485898835591181,2.4322120633466926,13.105651967980679,4.625524223993181,5.910392063991286,2.4746841923266047,2.199719282068093,15.123070064218139,3.8399650535111545,1.5359860214044616,5.3759510749156165,1.539161271028979,1.0261075140193192,1.282634392524149,3.8519109033048924,3.3383227828642394,0.7703821806609784,1.2805581792497152,4.097786173599089,1.2805581792497152,0.25680086214550896,0.12840043107275448,12.06964052083892,1.7883076151338735,2.0437801315815696,2.554725164476962,1.02442757014026,0.0,6.402672313376626,8.732242488471314,4.622951905661284,0.0
2019-06-30,5.638257903166077,10.251378005756505,6.407111253597815,12.557938057051718,11.020231356188242,14.819812634134397,0.801070953196454,2.803748336187589,5.410536893320363,2.5764461396763636,10.048139944737818,,,,8.918110898937872,6.485898835591181,2.4322120633466926,12.591704831981437,4.882497791992801,6.424339199990529,2.7496491025851166,2.199719282068093,22.272157730939444,3.5839673832770775,1.5359860214044616,5.3759510749156165,1.539161271028979,0.7695806355144895,1.539161271028979,3.8519109033048924,3.3383227828642394,0.7703821806609784,1.0244465433997723,3.8416745377491455,1.5366698150996583,0.25680086214550896,0.0,12.32644138298443,2.0437801315815696,2.299252648029266,2.299252648029266,1.02442757014026,0.0,6.658779205911691,7.704919842768806,4.10929058281003,2.5683066142562683
2019-07-07,4.103457894278674,7.693983551772513,5.642254604633177,11.028043090873938,7.9504496701649305,15.907676916853974,0.5131508682856122,4.361782380427703,4.635312548620885,2.3176562743104423,8.755590369617227,,,,8.50116025950701,5.950812181654907,2.5503480778521035,11.819511143178982,4.11113431067095,5.909755571589491,2.1379222457711706,2.1379222457711706,13.362014036069814,3.327732476795517,1.5358765277517772,5.631547268423183,1.5396119771112713,0.7698059885556356,1.5396119771112713,3.850385856710302,3.3370010758155955,0.7700771713420603,0.7681992606227391,4.097062723321275,1.5363985212454783,0.5136116482476181,0.0,11.556262085571408,1.5332787387743716,2.044371651699162,2.2999181081615574,1.0243403302555683,0.0,6.402127064097303,8.39253188473064,4.19626594236532,5.769865670752315
2019-07-14,4.359924012671091,8.463381906949765,5.129322367848342,10.002178617304267,7.437517433380096,15.651101482711171,0.5131508682856122,5.131508682856121,4.8928299124331565,2.5751736381227137,9.785659824866313,,,,8.50116025950701,6.800928207605609,2.5503480778521035,12.076457037595917,4.368080205087884,6.166701466006425,2.405162526492567,2.6724028072139636,12.560293193905625,3.327732476795517,1.79185594904374,5.887526689715146,1.5396119771112713,0.7698059885556356,1.2830099809260596,3.850385856710302,3.0803086853682413,0.7700771713420603,0.7681992606227391,4.3531291435288555,1.5363985212454783,0.5136116482476181,0.0,15.66515527155235,1.7888251952367669,2.2999181081615574,2.2999181081615574,1.0243403302555683,0.0,6.402127064097303,8.130265263332808,4.4585325637631525,5.769865670752315
2019-07-21,4.103457894278674,8.463381906949765,5.642254604633177,7.9504496701649305,6.155186841418011,14.624799746139946,0.5131508682856122,4.361782380427703,4.635312548620885,2.5751736381227137,9.52814246105404,,,,8.50116025950701,6.800928207605609,3.4004641038028045,11.819511143178982,4.625026099504819,5.909755571589491,2.1379222457711706,2.405162526492567,12.025812632462834,3.58371189808748,1.2798971064598144,5.37556784713122,1.2830099809260596,1.0264079847408476,1.5396119771112713,3.850385856710302,3.0803086853682413,0.513384780894707,1.0242656808303188,4.3531291435288555,1.7924649414530582,0.5136116482476181,0.0,13.86751450268569,1.5332787387743716,2.2999181081615574,2.5554645646239527,1.0243403302555683,0.0,6.402127064097303,8.654798506128474,4.720799185160985,6.0321322921501475
2019-07-28,3.8469917758862566,7.9504496701649305,5.129322367848342,7.437517433380096,5.898720723025594,14.624799746139946,0.5131508682856122,4.361782380427703,4.377795184808614,2.5751736381227137,9.785659824866313,,,,8.50116025950701,7.65104423355631,3.4004641038028045,11.305619354345113,4.11113431067095,5.652809677172557,2.1379222457711706,2.1379222457711706,11.224091790298646,3.58371189808748,1.79185594904374,5.37556784713122,1.5396119771112713,0.7698059885556356,1.5396119771112713,3.850385856710302,3.0803086853682413,0.7700771713420603,0.7681992606227391,4.097062723321275,1.7924649414530582,0.5136116482476181,0.0,12.840291206190452,1.5332787387743716,2.2999181081615574,2.044371651699162,1.0243403302555683,0.0,6.14604198153341,14.686930798278622,4.720799185160985,6.0321322921501475
2019-08-04,5.642254604633177,7.437517433380096,5.38578848624076,6.411652959810429,5.129322367848342,14.111648877854332,0.5131508682856122,4.361782380427703,4.8928299124331565,2.5751736381227137,8.498073005804955,,,,8.50116025950701,6.800928207605609,4.250580129753505,12.076457037595917,5.138917888338688,5.395863782755622,2.405162526492567,2.1379222457711706,10.956851509577248,3.327732476795517,1.5358765277517772,5.37556784713122,1.5396119771112713,1.0264079847408476,1.2830099809260596,3.850385856710302,3.3370010758155955,0.7700771713420603,0.7681992606227391,3.840996303113696,1.5363985212454783,0.5136116482476181,0.0,12.583485382066643,1.7888251952367669,2.044371651699162,2.044371651699162,1.0243403302555683,0.0,6.14604198153341,10.228398234515469,4.19626594236532,5.769865670752315
2019-08-11,3.334059539101423,7.693983551772513,4.872856249455925,5.898720723025594,4.103457894278674,13.598498009568722,0.5131508682856122,4.1052069462848975,4.120277820996342,2.832691001934985,7.725520914368141,,,,8.50116025950701,6.800928207605609,5.950812181654907,11.819511143178982,4.881971993921754,4.881971993921754,2.1379222457711706,2.1379222457711706,20.31026133482612,3.58371189808748,1.5358765277517772,5.37556784713122,1.2830099809260596,1.0264079847408476,1.5396119771112713,3.850385856710302,3.0803086853682413,0.7700771713420603,0.7681992606227391,4.3531291435288555,1.5363985212454783,0.5136116482476181,0.0,11.813067909695217,1.5332787387743716,2.2999181081615574,2.2999181081615574,1.0243403302555683,0.0,6.402127064097303,8.130265263332808,4.19626594236532,4.983065806558818
2019-08-18,3.59052565749384,7.18105131498768,4.872856249455925,5.38578848624076,4.103457894278674,13.341922575425915,0.5131508682856122,4.1052069462848975,4.377795184808614,2.5751736381227137,7.725520914368141,,,,8.50116025950701,5.950812181654907,6.800928207605609,11.305619354345113,5.395863782755622,5.138917888338688,2.405162526492567,2.405162526492567,13.629254316791211,3.327732476795517,1.5358765277517772,5.37556784713122,1.2830099809260596,0.7698059885556356,1.2830099809260596,4.107078247157656,3.3370010758155955,0.513384780894707,0.7681992606227391,4.3531291435288555,1.5363985212454783,0.5136116482476181,0.0,11.813067909695217,1.7888251952367669,2.044371651699162,2.044371651699162,1.0243403302555683,0.0,6.14604198153341,7.867998641934976,4.19626594236532,5.245332427956651
2019-08-25,3.0775934207090057,6.155186841418011,4.359924012671091,4.6163901310635085,3.334059539101423,11.802469970569078,0.5131508682856122,3.592056077999285,3.347725729559528,2.3176562743104423,6.437934095306784,,,,7.65104423355631,5.950812181654907,9.351276285457713,9.763943987843508,4.881971993921754,3.854188416254016,2.1379222457711706,1.6034416843283779,11.224091790298646,2.8157736342115913,1.2798971064598144,4.607629583255331,1.0264079847408476,0.7698059885556356,1.2830099809260596,3.3370010758155955,2.5669239044735352,0.513384780894707,1.0242656808303188,3.840996303113696,1.2803321010378987,0.25680582412380903,0.0,9.758621316704744,1.2777322823119763,1.7888251952367669,1.7888251952367669,0.7682552476916763,0.0,5.633871816405627,6.556665534945813,3.6717326995696555,4.720799185160985
2019-09-01,2.8211273023165884,6.411652959810429,3.59052565749384,4.103457894278674,3.59052565749384,14.624799746139946,0.5131508682856122,3.592056077999285,3.6052430933717994,2.3176562743104423,6.180416731494513,,,,7.65104423355631,5.100696155704207,11.051508337359117,10.020889882260441,4.625026099504819,3.854188416254016,2.1379222457711706,1.6034416843283779,12.025812632462834,3.0717530555035544,1.2798971064598144,4.863609004547294,1.0264079847408476,0.7698059885556356,1.2830099809260596,3.3370010758155955,2.5669239044735352,0.513384780894707,1.2803321010378987,3.5849298829061165,1.2803321010378987,0.25680582412380903,0.0,9.501815492580935,1.5332787387743716,1.7888251952367669,1.7888251952367669,0.7682552476916763,0.0,5.377786733841734,7.343465399139311,3.933999320967488,4.19626594236532
2019-09-08,3.0775934207090057,6.668119078202846,3.59052565749384,4.359924012671091,3.334059539101423,12.828771707140305,0.5131508682856122,3.592056077999285,3.347725729559528,2.5751736381227137,6.695451459119056,,,,8.50116025950701,5.950812181654907,14.451972441161919,10.020889882260441,4.881971993921754,4.625026099504819,2.1379222457711706,2.1379222457711706,12.025812632462834,3.327732476795517,1.2798971064598144,5.119588425839257,1.0264079847408476,0.7698059885556356,1.0264079847408476,3.5936934662629487,2.823616294920888,0.7700771713420603,1.0242656808303188,4.3531291435288555,1.5363985212454783,0.5136116482476181,0.0,9.758621316704744,1.7888251952367669,2.044371651699162,1.7888251952367669,0.7682552476916763,0.0,5.889956898969518,7.343465399139311,4.19626594236532,4.983065806558818
2019-09-15,3.0775934207090057,6.924585196595262,3.59052565749384,4.359924012671091,1.5387967103545028,13.341922575425915,0.2565754341428061,3.8486315121420906,3.6052430933717994,2.832691001934985,6.952968822931327,,,,8.50116025950701,5.950812181654907,15.30208846711262,10.53478167109431,5.138917888338688,3.854188416254016,2.1379222457711706,2.1379222457711706,13.362014036069814,3.58371189808748,1.2798971064598144,5.37556784713122,1.2830099809260596,1.0264079847408476,1.2830099809260596,3.3370010758155955,2.823616294920888,0.7700771713420603,0.7681992606227391,4.097062723321275,1.5363985212454783,0.5136116482476181,0.0,10.015427140828553,1.7888251952367669,1.7888251952367669,2.044371651699162,1.0243403302555683,0.0,6.14604198153341,7.867998641934976,4.19626594236532,4.983065806558818
2019-09-22,3.0775934207090057,6.411652959810429,3.334059539101423,3.8469917758862566,0.5129322367848342,12.572196272997497,0.2565754341428061,3.8486315121420906,3.6052430933717994,2.832691001934985,6.952968822931327,,,,7.65104423355631,5.950812181654907,21.25290064876753,10.53478167109431,5.138917888338688,4.11113431067095,2.405162526492567,2.1379222457711706,14.163734878234004,3.8396913193794426,1.5358765277517772,5.631547268423183,1.0264079847408476,0.7698059885556356,1.2830099809260596,3.850385856710302,2.823616294920888,0.7700771713420603,0.7681992606227391,4.097062723321275,1.5363985212454783,0.5136116482476181,0.0,9.758621316704744,2.044371651699162,1.7888251952367669,2.044371651699162,0.7682552476916763,0.0,6.402127064097303,7.867998641934976,4.4585325637631525,4.720799185160985
2019-09-29,3.334059539101423,6.924585196595262,3.59052565749384,3.8469917758862566,1.79526282874692,13.855073443711527,0.5131508682856122,3.8486315121420906,3.347725729559528,3.0902083657472565,7.210486186743599,,,,8.50116025950701,5.950812181654907,31.454292960175945,11.04867345992818,5.138917888338688,4.11113431067095,2.405162526492567,2.1379222457711706,14.698215439676796,3.58371189808748,1.2798971064598144,5.887526689715146,1.2830099809260596,1.0264079847408476,1.0264079847408476,3.850385856710302,2.823616294920888,0.7700771713420603,0.7681992606227391,4.097062723321275,1.5363985212454783,0.5136116482476181,0.0,10.272232964952362,1.5332787387743716,1.7888251952367669,2.044371651699162,0.7682552476916763,0.0,6.14604198153341,7.605732020537143,4.4585325637631525,4.720799185160985
2019-10-06,3.0775934207090057,6.411652959810429,3.334059539101423,3.8469917758862566,1.0258644735696685,14.111648877854332,0.5131508682856122,3.592056077999285,3.0902083657472565,3.0902083657472565,6.180416731494513,,,,8.50116025950701,5.950812181654907,42.50580129753506,10.791727565511245,4.881971993921754,3.3402966274201473,2.1379222457711706,1.8706819650497741,16.301657124005175,3.0717530555035544,1.5358765277517772,5.887526689715146,1.2830099809260596,1.0264079847408476,1.0264079847408476,3.5936934662629487,3.0803086853682413,0.7700771713420603,0.7681992606227391,3.840996303113696,1.0242656808303188,0.5136116482476181,0.0,9.501815492580935,1.7888251952367669,1.7888251952367669,1.7888251952367669,1.0243403302555683,0.0,5.889956898969518,7.605732020537143,3.933999320967488,4.983065806558818
2019-10-13,2.8211273023165884,6.668119078202846,3.334059539101423,3.59052565749384,1.5387967103545028,14.111648877854332,0.5131508682856122,3.8486315121420906,3.6052430933717994,3.0902083657472565,6.952968822931327,,,,8.50116025950701,5.100696155704207,55.25754168679557,11.04867345992818,5.138917888338688,3.0833507330032126,1.8706819650497741,2.1379222457711706,17.37061824689076,3.327732476795517,1.5358765277517772,5.37556784713122,1.2830099809260596,1.0264079847408476,1.0264079847408476,3.3370010758155955,2.5669239044735352,0.7700771713420603,0.7681992606227391,3.5849298829061165,1.2803321010378987,0.5136116482476181,0.0,9.245009668457126,1.7888251952367669,1.7888251952367669,2.044371651699162,0.7682552476916763,0.0,5.889956898969518,7.605732020537143,4.4585325637631525,4.720799185160985
2019-10-20,3.0775934207090057,6.411652959810429,3.59052565749384,3.334059539101423,3.0775934207090057,13.085347141283108,0.2565754341428061,4.1052069462848975,3.347725729559528,3.0902083657472565,6.952968822931327,,,,8.50116025950701,5.100696155704207,74.8102102836617,10.277835776677376,4.881971993921754,3.0833507330032126,2.1379222457711706,2.1379222457711706,16.301657124005175,3.58371189808748,1.5358765277517772,5.887526689715146,1.2830099809260596,0.7698059885556356,1.0264079847408476,3.3370010758155955,2.823616294920888,0.7700771713420603,0.7681992606227391,3.5849298829061165,1.0242656808303188,0.5136116482476181,0.0,9.501815492580935,1.7888251952367669,2.044371651699162,2.044371651699162,1.0243403302555683,0.0,6.658212146661194,7.605732020537143,4.720799185160985,5.245332427956651
2019-10-27,3.0775934207090057,6.155186841418011,3.59052565749384,3.334059539101423,2.564661183924171,12.572196272997497,0.5131508682856122,3.592056077999285,3.347725729559528,2.5751736381227137,6.695451459119056,,,,9.351276285457713,5.100696155704207,85.01160259507012,9.763943987843508,4.625026099504819,2.8264048385862783,2.1379222457711706,1.8706819650497741,16.301657124005175,3.327732476795517,1.5358765277517772,5.631547268423183,1.2830099809260596,1.0264079847408476,1.0264079847408476,3.0803086853682413,3.0803086853682413,0.7700771713420603,0.7681992606227391,3.840996303113696,1.0242656808303188,0.5136116482476181,0.0,9.501815492580935,1.5332787387743716,1.5332787387743716,1.5332787387743716,0.7682552476916763,0.0,6.402127064097303,7.343465399139311,4.4585325637631525,4.720799185160985
2019-11-03,3.0775934207090057,6.924585196595262,3.8469917758862566,3.334059539101423,2.051728947139337,13.341922575425915,0.5131508682856122,3.592056077999285,3.6052430933717994,2.5751736381227137,6.437934095306784,,,,10.201392311408414,5.100696155704207,14.451972441161919,10.791727565511245,4.625026099504819,2.8264048385862783,2.1379222457711706,2.405162526492567,13.09477375534842,3.8396913193794426,1.5358765277517772,6.143506111007109,1.2830099809260596,1.0264079847408476,1.0264079847408476,3.3370010758155955,3.0803086853682413,0.7700771713420603,0.7681992606227391,3.5849298829061165,1.0242656808303188,0.5136116482476181,0.0,9.245009668457126,1.7888251952367669,1.7888251952367669,1.7888251952367669,0.7682552476916763,0.0,6.402127064097303,8.39253188473064,4.983065806558818,4.720799185160985
2019-11-10,2.8211273023165884,9.232780262127017,3.0775934207090057,3.334059539101423,0.7693983551772514,10.776168233997856,0.5131508682856122,3.335480643856479,3.347725729559528,2.5751736381227137,6.180416731494513,,,,8.50116025950701,5.100696155704207,11.901624363309814,10.53478167109431,4.11113431067095,2.8264048385862783,2.405162526492567,1.8706819650497741,12.560293193905625,4.351650161963369,1.5358765277517772,5.887526689715146,1.2830099809260596,0.7698059885556356,1.0264079847408476,2.3102315140261815,2.823616294920888,0.7700771713420603,0.7681992606227391,3.840996303113696,1.0242656808303188,0.5136116482476181,0.0,9.501815492580935,2.044371651699162,1.5332787387743716,2.044371651699162,0.7682552476916763,0.0,6.914297229225086,7.605732020537143,4.720799185160985,5.507599049354482
2019-11-17,2.564661183924171,7.437517433380096,3.334059539101423,3.0775934207090057,0.5129322367848342,11.545894536426273,0.5131508682856122,3.335480643856479,3.347725729559528,2.5751736381227137,7.983038278180413,,,,8.50116025950701,4.250580129753505,12.751740389260517,10.53478167109431,4.368080205087884,2.569458944169344,2.405162526492567,2.9396430879353592,15.499936281840986,4.607629583255331,1.5358765277517772,7.16742379617496,1.5396119771112713,1.0264079847408476,1.0264079847408476,0.2566923904473535,2.3102315140261815,0.7700771713420603,0.7681992606227391,3.5849298829061165,1.0242656808303188,0.5136116482476181,0.0,9.758621316704744,2.2999181081615574,1.5332787387743716,1.5332787387743716,1.0243403302555683,0.0,7.170382311788979,8.130265263332808,4.983065806558818,6.0321322921501475
2019-11-24,2.8211273023165884,7.9504496701649305,4.359924012671091,3.334059539101423,0.2564661183924171,10.006441931569436,1.0263017365712244,2.822329775570867,3.8627604571840704,2.3176562743104423,10.043177188678584,,,,9.351276285457713,4.250580129753505,19.552668596866123,12.590348826429786,4.368080205087884,3.0833507330032126,3.2068833686567557,4.810325052985134,26.724028072139628,7.679382638758885,1.5358765277517772,9.471238587802626,2.566019961852119,1.0264079847408476,0.7698059885556356,0.12834619522367674,2.5669239044735352,0.7700771713420603,0.7681992606227391,4.097062723321275,1.0242656808303188,0.5136116482476181,0.0,11.556262085571408,2.8110110210863484,1.5332787387743716,1.7888251952367669,1.0243403302555683,0.0,9.731233137427898,10.490664855913302,6.294398913547981,8.654798506128474
2019-12-01,2.3081950655317542,5.898720723025594,3.0775934207090057,3.0775934207090057,0.2564661183924171,6.670961287712958,0.5131508682856122,2.5657543414280606,2.832691001934985,2.3176562743104423,5.922899367682242,,,,8.50116025950701,4.250580129753505,5.100696155704207,10.277835776677376,3.854188416254016,2.3125130497524093,1.8706819650497741,2.6724028072139636,10.689611228855854,3.58371189808748,1.79185594904374,6.399485532299072,1.2830099809260596,0.7698059885556356,0.7698059885556356,0.12834619522367674,2.3102315140261815,0.7700771713420603,0.5121328404151594,2.8167306222833774,1.0242656808303188,0.25680582412380903,0.0,8.474592196085698,2.044371651699162,1.5332787387743716,1.5332787387743716,0.7682552476916763,0.0,5.633871816405627,7.343465399139311,3.933999320967488,4.720799185160985
2019-12-08,2.564661183924171,8.719848025342182,3.0775934207090057,3.0775934207090057,0.2564661183924171,9.493291063283824,0.5131508682856122,3.078905209713673,3.347725729559528,2.060138910498171,5.922899367682242,,,,9.351276285457713,4.250580129753505,4.250580129753505,10.53478167109431,3.854188416254016,2.3125130497524093,1.8706819650497741,2.405162526492567,9.887890386691664,3.327732476795517,1.5358765277517772,6.655464953591034,1.5396119771112713,0.7698059885556356,0.7698059885556356,1.026769561789414,2.5669239044735352,0.7700771713420603,0.7681992606227391,3.328863462698536,1.0242656808303188,0.5136116482476181,0.0,9.501815492580935,2.044371651699162,1.5332787387743716,1.5332787387743716,0.7682552476916763,0.0,5.889956898969518,7.343465399139311,4.720799185160985,4.720799185160985
2019-12-15,2.564661183924171,8.463381906949765,3.334059539101423,3.334059539101423,0.2564661183924171,17.960280389996424,0.5131508682856122,3.335480643856479,3.0902083657472565,2.3176562743104423,6.952968822931327,,,,11.051508337359117,4.250580129753505,4.250580129753505,11.04867345992818,3.854188416254016,2.8264048385862783,1.6034416843283779,1.8706819650497741,11.224091790298646,3.8396913193794426,1.5358765277517772,7.679382638758885,1.5396119771112713,0.7698059885556356,1.0264079847408476,0.7700771713420603,2.5669239044735352,0.513384780894707,0.7681992606227391,3.840996303113696,1.0242656808303188,0.25680582412380903,0.0,10.785844613199979,2.2999181081615574,1.5332787387743716,1.5332787387743716,0.7682552476916763,0.0,6.14604198153341,7.867998641934976,5.245332427956651,5.245332427956651
2019-12-22,2.8211273023165884,8.719848025342182,3.8469917758862566,3.8469917758862566,0.2564661183924171,16.42082778513959,0.2565754341428061,3.335480643856479,3.8627604571840704,2.5751736381227137,10.043177188678584,,,,11.051508337359117,5.100696155704207,5.100696155704207,12.33340293201285,4.881971993921754,3.0833507330032126,2.405162526492567,2.1379222457711706,15.232696001119589,5.631547268423183,1.5358765277517772,9.215259166510663,2.309417965666907,1.0264079847408476,0.7698059885556356,0.12834619522367674,2.823616294920888,0.7700771713420603,0.7681992606227391,4.3531291435288555,1.0242656808303188,0.5136116482476181,0.0,12.326679557942834,2.8110110210863484,1.5332787387743716,1.7888251952367669,1.0243403302555683,0.0,8.194722642044546,10.490664855913302,7.343465399139311,6.556665534945813
2019-12-29,3.0775934207090057,10.002178617304267,4.359924012671091,4.359924012671091,0.2564661183924171,15.907676916853974,0.2565754341428061,3.8486315121420906,3.6052430933717994,4.377795184808614,8.498073005804955,,,,7.65104423355631,5.950812181654907,2.5503480778521035,11.819511143178982,6.680593254840295,2.8264048385862783,2.6724028072139636,2.405162526492567,11.491332071020043,4.351650161963369,2.3038147916276657,8.9592797452187,1.5396119771112713,0.7698059885556356,1.0264079847408476,0.2566923904473535,2.823616294920888,0.7700771713420603,1.0242656808303188,3.840996303113696,0.7681992606227391,0.5136116482476181,0.0,10.785844613199979,2.2999181081615574,1.7888251952367669,2.2999181081615574,1.0243403302555683,0.0,7.682552476916763,9.44159837032197,5.507599049354482,5.245332427956651
2020-01-05,3.026141569633047,11.239954401494174,4.755365323709074,3.8907534466710603,0.4323059385190067,13.895363413904937,0.43423010668452927,4.776531173529822,3.474668693084305,3.474668693084305,6.94933738616861,,,,8.507766330802342,5.95543643156164,3.403106532320937,11.701933931142912,3.9006446437143043,3.033834722888903,2.5894445033755558,2.5894445033755558,10.357778013502223,4.746085986641325,2.1573118121096937,7.766322523594897,1.3049271907414788,0.8699514604943192,0.8699514604943192,2.158620660445053,3.0220689246230745,0.8634482641780213,0.8616297953315265,6.031408567320685,0.8616297953315265,0.43495337052065197,0.0,10.438880892495648,1.7243578985972894,1.7243578985972894,2.1554473732466115,0.8644029918776777,0.0,7.34742543096026,9.1374268540021,5.221386773715486,6.091617902668068
2020-01-12,3.458447508152054,12.536872217051194,4.755365323709074,4.323059385190067,2.1615296925950336,14.329593520589466,0.43423010668452927,4.776531173529822,3.474668693084305,3.474668693084305,6.94933738616861,,,,8.507766330802342,6.806213064641874,2.5523298992407026,11.701933931142912,4.334049604127005,2.6004297624762023,2.5894445033755558,2.5894445033755558,10.357778013502223,4.314623624219387,2.1573118121096937,8.197784886016835,1.3049271907414788,0.8699514604943192,0.8699514604943192,3.4537930567120854,3.0220689246230745,0.8634482641780213,0.8616297953315265,6.031408567320685,0.8616297953315265,0.43495337052065197,0.0,10.438880892495648,1.7243578985972894,1.7243578985972894,2.1554473732466115,0.8644029918776777,0.0,6.915223935021421,9.1374268540021,5.221386773715486,6.091617902668068
2020-01-19,3.026141569633047,13.833790032608215,5.18767126222808,4.755365323709074,2.1615296925950336,14.329593520589466,0.43423010668452927,4.776531173529822,3.474668693084305,3.474668693084305,6.94933738616861,,,,13.612426129283747,6.806213064641874,2.5523298992407026,12.135338891555612,3.9006446437143043,2.6004297624762023,2.5894445033755558,2.5894445033755558,11.220926181294075,4.746085986641325,2.1573118121096937,7.766322523594897,1.3049271907414788,0.8699514604943192,1.3049271907414788,3.885517188801096,3.0220689246230745,0.8634482641780213,0.8616297953315265,5.600593669654923,0.8616297953315265,0.43495337052065197,0.0,11.743741004057602,2.1554473732466115,1.7243578985972894,2.1554473732466115,0.8644029918776777,0.0,6.915223935021421,9.1374268540021,5.6565023381917765,6.091617902668068
2020-01-26,3.026141569633047,13.833790032608215,4.755365323709074,3.8907534466710603,2.1615296925950336,13.026903200535878,0.43423010668452927,5.210761280214351,3.474668693084305,3.474668693084305,6.080670212897534,,,,12.761649496203512,6.806213064641874,2.5523298992407026,11.701933931142912,3.9006446437143043,3.033834722888903,2.5894445033755558,2.5894445033755558,10.357778013502223,4.314623624219387,1.7258494496877548,7.766322523594897,1.3049271907414788,0.8699514604943192,0.8699514604943192,0.8634482641780213,3.4537930567120854,0.8634482641780213,0.8616297953315265,5.169778771989159,0.8616297953315265,0.43495337052065197,0.0,10.873834263016299,2.1554473732466115,1.7243578985972894,2.1554473732466115,0.8644029918776777,0.0,7.34742543096026,9.1374268540021,6.091617902668068,6.091617902668068
2020-02-02,3.026141569633047,14.698401909646227,4.755365323709074,4.323059385190067,1.729223754076027,13.895363413904937,0.43423010668452927,4.342301066845293,3.9090022797198425,3.040335106448767,6.515003799533072,,,,11.91087286312328,6.806213064641874,2.5523298992407026,11.26852897073021,4.334049604127005,2.6004297624762023,2.1578704194796297,2.1578704194796297,10.789352097398147,3.8831612617974485,1.7258494496877548,8.197784886016835,1.3049271907414788,0.8699514604943192,0.8699514604943192,1.7268965283560427,3.0220689246230745,0.8634482641780213,0.8616297953315265,4.308148976657632,0.8616297953315265,0.43495337052065197,0.0,11.308787633536953,1.7243578985972894,1.7243578985972894,2.1554473732466115,0.8644029918776777,0.0,6.915223935021421,10.007657982954683,5.221386773715486,5.221386773715486
2020-02-09,3.026141569633047,20.318379110393316,4.755365323709074,4.323059385190067,2.59383563111404,14.329593520589466,0.21711505334226464,3.908070960160764,3.474668693084305,2.6060015198132285,6.515003799533072,,,,9.358542963882577,5.95543643156164,2.5523298992407026,11.701933931142912,3.9006446437143043,2.6004297624762023,2.1578704194796297,2.1578704194796297,10.357778013502223,4.314623624219387,2.1573118121096937,7.766322523594897,1.3049271907414788,0.8699514604943192,0.8699514604943192,2.158620660445053,3.0220689246230745,0.8634482641780213,0.8616297953315265,4.308148976657632,0.8616297953315265,0.43495337052065197,0.0,11.308787633536953,1.7243578985972894,1.7243578985972894,2.1554473732466115,0.8644029918776777,0.0,6.915223935021421,8.702311289525811,4.786271209239196,5.6565023381917765
2020-02-16,3.026141569633047,19.4537672333553,4.755365323709074,4.755365323709074,2.59383563111404,14.763823627273995,0.43423010668452927,3.908070960160764,3.9090022797198425,3.474668693084305,6.94933738616861,,,,8.507766330802342,5.95543643156164,1.7015532661604684,12.568743851968314,3.9006446437143043,3.033834722888903,2.5894445033755558,2.5894445033755558,12.084074349085926,4.314623624219387,2.588774174531632,7.766322523594897,1.3049271907414788,0.8699514604943192,1.3049271907414788,3.0220689246230745,3.0220689246230745,0.8634482641780213,0.8616297953315265,4.308148976657632,0.8616297953315265,0.43495337052065197,0.0,11.743741004057602,1.7243578985972894,1.7243578985972894,2.1554473732466115,0.8644029918776777,0.0,6.915223935021421,8.702311289525811,4.786271209239196,6.091617902668068
2020-02-23,3.026141569633047,35.88139289707755,5.18767126222808,4.755365323709074,3.026141569633047,14.763823627273995,0.43423010668452927,4.342301066845293,3.9090022797198425,3.474668693084305,6.94933738616861,,,,8.507766330802342,5.95543643156164,2.5523298992407026,11.701933931142912,4.334049604127005,3.033834722888903,2.1578704194796297,2.1578704194796297,10.357778013502223,4.314623624219387,2.588774174531632,7.766322523594897,1.7399029209886383,0.8699514604943192,1.3049271907414788,3.0220689246230745,3.4537930567120854,0.8634482641780213,0.8616297953315265,4.738963874323396,0.8616297953315265,0.43495337052065197,0.0,11.743741004057602,1.7243578985972894,1.7243578985972894,2.1554473732466115,0.8644029918776777,0.0,7.34742543096026,8.702311289525811,4.786271209239196,6.091617902668068
2020-03-01,3.026141569633047,43.23059385190067,4.323059385190067,4.755365323709074,2.59383563111404,13.026903200535878,0.43423010668452927,3.908070960160764,3.9090022797198425,3.9090022797198425,7.383670972804148,,,,7.656989697722109,5.95543643156164,2.5523298992407026,12.568743851968314,4.334049604127005,3.033834722888903,2.1578704194796297,2.1578704194796297,11.220926181294075,3.8831612617974485,2.588774174531632,8.197784886016835,1.3049271907414788,0.8699514604943192,0.8699514604943192,3.0220689246230745,3.0220689246230745,0.8634482641780213,0.8616297953315265,4.308148976657632,1.2924446929972897,0.43495337052065197,0.0,11.743741004057602,1.7243578985972894,1.7243578985972894,2.1554473732466115,0.8644029918776777,0.0,7.34742543096026,8.26719572504952,4.351155644762906,5.6565023381917765
2020-03-08,3.026141569633047,16.85993160224126,4.323059385190067,4.755365323709074,2.59383563111404,12.592673093851351,0.43423010668452927,3.908070960160764,4.343335866355381,6.94933738616861,6.94933738616861,,,,7.656989697722109,4.253883165401171,2.5523298992407026,11.701933931142912,3.9006446437143043,2.6004297624762023,2.1578704194796297,2.1578704194796297,11.220926181294075,4.314623624219387,2.1573118121096937,8.197784886016835,1.3049271907414788,0.8699514604943192,0.8699514604943192,2.590344792534064,3.0220689246230745,0.8634482641780213,0.8616297953315265,3.8773340789918693,1.2924446929972897,0.43495337052065197,0.0,10.873834263016299,1.7243578985972894,1.7243578985972894,1.7243578985972894,0.8644029918776777,0.0,6.483022439082582,8.702311289525811,4.786271209239196,5.221386773715486
2020-03-15,3.026141569633047,10.807648462975168,4.755365323709074,4.323059385190067,2.59383563111404,13.026903200535878,0.43423010668452927,4.342301066845293,4.343335866355381,16.939009878785985,6.515003799533072,,,,7.656989697722109,5.104659798481405,2.5523298992407026,13.002148812381012,3.4672396833016035,3.033834722888903,2.5894445033755558,2.1578704194796297,13.378796600773704,5.177548349063264,1.7258494496877548,8.629247248438775,1.7399029209886383,0.8699514604943192,0.8699514604943192,3.0220689246230745,3.0220689246230745,0.8634482641780213,1.2924446929972897,3.8773340789918693,1.2924446929972897,0.43495337052065197,0.0,10.873834263016299,1.7243578985972894,2.1554473732466115,1.7243578985972894,0.8644029918776777,0.0,8.644029918776777,10.877889111907265,4.786271209239196,5.6565023381917765
2020-03-22,3.8907534466710603,11.239954401494174,6.052283139266094,4.755365323709074,3.026141569633047,16.066513947327586,0.43423010668452927,5.64499138689888,4.343335866355381,5.212003039626457,8.686671732710762,,,,8.507766330802342,5.95543643156164,2.5523298992407026,14.735768654031816,4.334049604127005,3.4672396833016035,2.5894445033755558,2.5894445033755558,12.515648432981852,5.177548349063264,1.7258494496877548,9.92363433570459,1.7399029209886383,0.8699514604943192,1.3049271907414788,4.748965452979117,4.317241320890106,1.295172396267032,1.2924446929972897,4.308148976657632,1.2924446929972897,0.43495337052065197,0.0,13.04860111561956,1.7243578985972894,2.586536847895934,2.586536847895934,1.2966044878165166,0.0,10.372835902532133,11.748120240859844,6.091617902668068,6.961849031620649
2020-03-29,4.323059385190067,11.239954401494174,7.349200954823114,4.755365323709074,3.458447508152054,17.36920426738117,0.43423010668452927,6.07922149358341,4.343335866355381,4.343335866355381,8.686671732710762,,,,9.358542963882577,5.95543643156164,3.403106532320937,16.46938849568262,4.334049604127005,3.9006446437143043,2.5894445033755558,3.0210185872714814,13.378796600773704,6.040473073907141,1.7258494496877548,9.92363433570459,2.1748786512357983,0.8699514604943192,1.3049271907414788,5.180689585068128,4.317241320890106,1.295172396267032,1.2924446929972897,4.308148976657632,1.2924446929972897,0.43495337052065197,0.0,13.48355448614021,1.7243578985972894,2.586536847895934,2.586536847895934,1.2966044878165166,0.0,10.372835902532133,12.183235805336135,6.091617902668068,6.961849031620649
2020-04-05,5.619977200747087,12.536872217051194,10.37534252445616,5.619977200747087,3.8907534466710603,23.01419565428005,0.43423010668452927,6.947681706952468,5.212003039626457,4.343335866355381,10.858339665888453,,,,10.20931959696281,6.806213064641874,3.403106532320937,18.63641329774612,4.767454564539705,4.767454564539705,2.5894445033755558,3.0210185872714814,16.399815188045185,7.766322523594897,1.7258494496877548,10.355096698126529,2.1748786512357983,0.8699514604943192,1.7399029209886383,6.907586113424171,4.317241320890106,1.295172396267032,1.723259590663053,4.308148976657632,1.2924446929972897,0.43495337052065197,0.0,14.788414597702165,2.1554473732466115,3.0176263225452566,3.4487157971945788,1.7288059837553553,0.0,12.101641886287487,14.358813627717588,7.396964596096939,7.832080160573229
2020-04-12,5.619977200747087,12.104566278532188,12.104566278532188,6.052283139266094,4.323059385190067,18.67189458743476,0.43423010668452927,6.947681706952468,4.77766945299092,4.343335866355381,14.333008358972757,,,,9.358542963882577,5.95543643156164,3.403106532320937,16.035983535269917,4.767454564539705,4.767454564539705,3.0210185872714814,3.0210185872714814,15.968241104149259,7.766322523594897,1.7258494496877548,10.355096698126529,2.1748786512357983,0.8699514604943192,1.7399029209886383,7.339310245513182,4.748965452979117,1.295172396267032,2.154074488328816,4.738963874323396,1.2924446929972897,0.43495337052065197,0.0,13.48355448614021,2.1554473732466115,3.4487157971945788,3.0176263225452566,1.7288059837553553,0.0,11.237238894409808,13.053466934288716,6.526733467144358,7.396964596096939
2020-04-19,6.916895016304108,13.401484094089207,13.401484094089207,8.213812831861127,5.18767126222808,18.23766448075023,0.43423010668452927,7.816141920321528,5.646336626261996,4.343335866355381,11.292673252523992,,,,10.20931959696281,7.656989697722109,3.403106532320937,16.035983535269917,4.767454564539705,5.2008595249524046,3.0210185872714814,3.0210185872714814,15.536667020253335,6.47193543632908,1.7258494496877548,9.92363433570459,2.1748786512357983,0.8699514604943192,1.7399029209886383,7.339310245513182,5.180689585068128,1.295172396267032,2.154074488328816,5.169778771989159,1.2924446929972897,0.43495337052065197,0.0,14.788414597702165,2.1554473732466115,3.4487157971945788,3.4487157971945788,1.7288059837553553,0.0,12.101641886287487,13.053466934288716,6.526733467144358,6.961849031620649
2020-04-26,7.349200954823114,14.266095971127221,14.266095971127221,9.510730647418148,6.4845890777851,19.106124694119288,0.43423010668452927,7.381911813636997,5.212003039626457,4.343335866355381,12.161340425795068,,,,10.20931959696281,7.656989697722109,3.403106532320937,16.902793456095317,4.767454564539705,5.634264485365105,2.5894445033755558,3.4525926711674075,17.262963355837037,6.040473073907141,1.7258494496877548,10.786559060548468,2.6098543814829576,0.8699514604943192,1.7399029209886383,7.339310245513182,4.748965452979117,1.295172396267032,2.154074488328816,5.169778771989159,1.2924446929972897,0.43495337052065197,0.0,15.223367968222817,2.1554473732466115,3.879805271843902,3.879805271843902,1.7288059837553553,0.0,11.237238894409808,13.053466934288716,6.091617902668068,7.396964596096939
2020-05-03,6.916895016304108,15.563013786684241,12.104566278532188,11.239954401494174,7.7815068933421205,18.23766448075023,0.43423010668452927,6.513451600267939,6.94933738616861,3.9090022797198425,12.595674012430605,,,,9.358542963882577,8.507766330802342,3.403106532320937,16.035983535269917,4.767454564539705,6.067669445777806,2.5894445033755558,3.0210185872714814,17.694537439732965,5.609010711485203,1.7258494496877548,9.92363433570459,2.1748786512357983,0.8699514604943192,1.7399029209886383,6.475861981335161,4.748965452979117,1.295172396267032,2.154074488328816,4.738963874323396,1.2924446929972897,0.43495337052065197,0.0,14.788414597702165,2.1554473732466115,3.4487157971945788,4.310894746493223,1.7288059837553553,0.0,9.940634406593293,11.748120240859844,6.526733467144358,6.961849031620649
2020-05-10,6.4845890777851,12.9691781555702,9.510730647418148,12.536872217051194,7.7815068933421205,19.974584907488346,0.43423010668452927,6.513451600267939,5.646336626261996,3.9090022797198425,12.161340425795068,,,,9.358542963882577,7.656989697722109,3.403106532320937,15.602578574857217,4.767454564539705,6.067669445777806,2.5894445033755558,3.0210185872714814,16.399815188045185,5.609010711485203,1.7258494496877548,9.49217197328265,2.1748786512357983,0.8699514604943192,1.7399029209886383,6.907586113424171,4.748965452979117,1.295172396267032,1.723259590663053,4.738963874323396,1.2924446929972897,0.43495337052065197,0.0,15.223367968222817,2.1554473732466115,3.4487157971945788,3.4487157971945788,1.7288059837553553,0.0,9.508432910654454,13.488582498765005,6.526733467144358,6.961849031620649
2020-05-17,6.916895016304108,14.266095971127221,9.07842470889914,12.9691781555702,9.510730647418148,18.23766448075023,0.43423010668452927,6.513451600267939,4.77766945299092,3.474668693084305,11.727006839159529,,,,10.20931959696281,8.507766330802342,3.403106532320937,15.602578574857217,4.767454564539705,6.067669445777806,2.5894445033755558,3.0210185872714814,18.12611152362889,5.177548349063264,1.7258494496877548,9.49217197328265,2.1748786512357983,0.8699514604943192,2.1748786512357983,6.907586113424171,4.317241320890106,1.295172396267032,2.154074488328816,5.169778771989159,1.2924446929972897,0.43495337052065197,0.0,13.48355448614021,2.1554473732466115,3.4487157971945788,3.4487157971945788,1.7288059837553553,0.0,9.508432910654454,11.748120240859844,6.091617902668068,6.961849031620649
2020-05-24,6.4845890777851,14.266095971127221,8.646118770380134,11.239954401494174,9.510730647418148,17.36920426738117,0.43423010668452927,6.513451600267939,4.77766945299092,3.474668693084305,10.858339665888453,,,,9.358542963882577,7.656989697722109,3.403106532320937,16.902793456095317,4.334049604127005,6.501074406190506,2.5894445033755558,3.0210185872714814,18.12611152362889,4.746085986641325,1.7258494496877548,8.197784886016835,2.1748786512357983,0.8699514604943192,1.7399029209886383,6.907586113424171,4.317241320890106,0.8634482641780213,2.154074488328816,4.738963874323396,1.2924446929972897,0.43495337052065197,0.0,14.353461227181516,2.1554473732466115,3.4487157971945788,3.0176263225452566,1.2966044878165166,0.0,9.076231414715615,13.053466934288716,5.6565023381917765,6.526733467144358
2020-05-31,5.619977200747087,13.833790032608215,7.349200954823114,9.510730647418148,7.7815068933421205,16.066513947327586,0.43423010668452927,6.513451600267939,4.77766945299092,3.040335106448767,10.424006079252914,,,,9.358542963882577,6.806213064641874,2.5523298992407026,15.169173614444519,4.334049604127005,6.067669445777806,2.1578704194796297,2.5894445033755558,15.105092936357408,4.314623624219387,1.7258494496877548,7.766322523594897,1.7399029209886383,0.8699514604943192,1.7399029209886383,5.612413717157138,4.748965452979117,0.8634482641780213,1.723259590663053,4.738963874323396,0.8616297953315265,0.43495337052065197,0.0,12.613647745098907,2.1554473732466115,3.4487157971945788,3.0176263225452566,1.2966044878165166,0.0,8.211828422837938,10.442773547430972,5.221386773715486,6.526733467144358
2020-06-07,6.4845890777851,12.104566278532188,6.916895016304108,9.943036585937154,8.213812831861127,16.93497416069664,0.43423010668452927,6.513451600267939,5.646336626261996,3.040335106448767,10.858339665888453,,,,9.358542963882577,7.656989697722109,3.403106532320937,14.302363693619116,4.334049604127005,6.934479366603207,3.0210185872714814,2.5894445033755558,13.378796600773704,4.746085986641325,2.1573118121096937,7.766322523594897,1.7399029209886383,0.8699514604943192,2.1748786512357983,6.044137849246149,4.748965452979117,0.8634482641780213,1.2924446929972897,4.308148976657632,1.2924446929972897,0.43495337052065197,0.0,13.04860111561956,2.1554473732466115,3.4487157971945788,3.0176263225452566,1.2966044878165166,0.0,8.644029918776777,10.877889111907265,5.6565023381917765,6.091617902668068
2020-06-14,6.052283139266094,12.9691781555702,7.349200954823114,10.37534252445616,8.646118770380134,17.36920426738117,0.43423010668452927,6.513451600267939,5.212003039626457,3.040335106448767,10.424006079252914,,,,10.20931959696281,7.656989697722109,3.403106532320937,15.602578574857217,4.767454564539705,7.801289287428609,2.5894445033755558,2.5894445033755558,13.81037068466963,4.746085986641325,1.7258494496877548,7.766322523594897,2.1748786512357983,0.8699514604943192,1.7399029209886383,6.044137849246149,4.748965452979117,0.8634482641780213,1.723259590663053,4.738963874323396,1.2924446929972897,0.43495337052065197,0.0,13.48355448614021,1.7243578985972894,3.4487157971945788,3.0176263225452566,1.2966044878165166,0.0,8.644029918776777,10.877889111907265,5.6565023381917765,6.091617902668068
2020-06-21,5.18767126222808,12.104566278532188,6.4845890777851,9.943036585937154,8.646118770380134,16.50074405401211,0.43423010668452927,6.07922149358341,5.212003039626457,2.6060015198132285,10.424006079252914,,,,9.358542963882577,6.806213064641874,2.5523298992407026,14.302363693619116,4.767454564539705,7.367884327015908,2.5894445033755558,2.5894445033755558,14.241944768565558,4.746085986641325,1.7258494496877548,7.766322523594897,1.7399029209886383,0.4349757302471596,1.7399029209886383,5.180689585068128,4.317241320890106,0.8634482641780213,1.2924446929972897,4.308148976657632,1.2924446929972897,0.43495337052065197,0.0,13.48355448614021,1.7243578985972894,3.0176263225452566,2.586536847895934,1.2966044878165166,0.0,8.211828422837938,10.007657982954683,5.221386773715486,5.6565023381917765
2020-06-28,6.052283139266094,13.401484094089207,7.349200954823114,10.37534252445616,10.807648462975168,16.066513947327586,0.43423010668452927,6.07922149358341,5.646336626261996,2.6060015198132285,11.727006839159529,,,,10.20931959696281,8.507766330802342,2.5523298992407026,14.735768654031816,5.2008595249524046,9.10150416866671,2.5894445033755558,2.5894445033755558,15.968241104149259,4.746085986641325,1.7258494496877548,8.197784886016835,1.7399029209886383,0.8699514604943192,2.1748786512357983,4.748965452979117,4.317241320890106,0.8634482641780213,1.2924446929972897,4.308148976657632,1.2924446929972897,0.43495337052065197,0.0,14.353461227181516,1.7243578985972894,3.4487157971945788,3.0176263225452566,1.2966044878165166,0.0,8.211828422837938,10.442773547430972,5.221386773715486,6.526733467144358
2020-07-05,4.755403349988644,11.24004428179134,6.052331536349183,9.9431160954308,9.078497304523776,16.061788487807956,0.43410239156237723,6.077433481873281,5.21240427773552,2.60620213886776,10.42480855547104,,,,9.0,7.0,2.9999999999999996,14.73273131674568,5.199787523557299,8.666312539262163,2.588503943303041,2.588503943303041,14.236771688166725,4.747033366005289,1.726193951274651,7.336324292917266,1.7396212290030768,0.8698106145015384,2.174526536253846,4.74958487227755,4.74958487227755,0.8635608858686455,1.2927385775428686,3.8782157326286057,1.2927385775428686,0.43497219962767375,0.0,13.049165988830213,2.156768263772447,3.019475569281426,3.019475569281426,1.2961660537969364,0.0,8.209051674047263,10.005970534008409,4.7854641684388035,5.655548562700406
2020-07-12,5.187712745442157,11.24004428179134,6.052331536349183,9.9431160954308,7.781569118163236,15.193583704683203,0.43410239156237723,6.077433481873281,5.21240427773552,3.0405691620123867,10.42480855547104,,,,9.0,8.0,2.9999999999999996,13.432784435856354,4.76647189659419,8.232996912299056,2.588503943303041,2.588503943303041,13.373937040399046,4.315484878186627,1.726193951274651,7.336324292917266,2.174526536253846,0.8698106145015384,2.174526536253846,5.613145758146196,4.317804429343227,0.8635608858686455,1.2927385775428686,4.309128591809562,1.723651436723825,0.43497219962767375,0.0,13.484138188457885,1.7254146110179576,3.019475569281426,3.019475569281426,1.2961660537969364,0.0,8.209051674047263,10.005970534008409,5.220506365569605,6.090590759831206
2020-07-19,4.755403349988644,10.807734886337828,6.916950327256209,9.078497304523776,6.916950327256209,15.193583704683203,0.43410239156237723,5.643331090310904,5.21240427773552,3.0405691620123867,12.596643671194174,,,,9.999999999999998,8.0,4.0,14.29941568978257,4.76647189659419,6.933050031409731,2.588503943303041,2.1570866194192004,14.236771688166725,4.315484878186627,1.726193951274651,7.336324292917266,1.7396212290030768,0.8698106145015384,2.174526536253846,6.044926201080519,3.886023986408904,0.8635608858686455,1.2927385775428686,4.309128591809562,2.154564295904781,0.43497219962767375,0.0,13.91911038808556,2.156768263772447,3.019475569281426,2.5881219165269367,1.2961660537969364,0.0,8.209051674047263,10.005970534008409,5.220506365569605,5.655548562700406
2020-07-26,4.755403349988644,10.375425490884314,6.916950327256209,8.64618790907026,6.916950327256209,14.759481313120824,0.43410239156237723,5.643331090310904,4.778037254590894,3.0405691620123867,11.293542601760294,,,,9.0,8.0,4.0,13.866100062819463,4.76647189659419,6.933050031409731,2.588503943303041,3.019921267186881,12.942519716515205,4.747033366005289,1.726193951274651,7.336324292917266,1.7396212290030768,0.8698106145015384,2.174526536253846,6.044926201080519,3.886023986408904,0.8635608858686455,1.2927385775428686,4.7400414509905175,2.154564295904781,0.43497219962767375,0.0,13.91911038808556,2.156768263772447,3.450829222035915,2.5881219165269367,1.2961660537969364,0.0,8.64110702531291,9.570928336877607,5.220506365569605,5.655548562700406
2020-08-02,4.755403349988644,9.9431160954308,6.052331536349183,6.916950327256209,6.052331536349183,14.325378921558448,0.43410239156237723,5.643331090310904,5.21240427773552,3.0405691620123867,9.556074509181787,,,,9.0,8.0,4.999999999999999,12.999468808893246,5.199787523557299,8.232996912299056,2.588503943303041,2.588503943303041,14.236771688166725,4.747033366005289,1.726193951274651,6.904775805098604,1.7396212290030768,0.8698106145015384,1.7396212290030768,6.044926201080519,3.454243543474582,0.8635608858686455,1.2927385775428686,4.7400414509905175,1.723651436723825,0.43497219962767375,0.0,13.484138188457885,2.156768263772447,3.019475569281426,2.5881219165269367,1.2961660537969364,0.0,13.825771240500655,9.135886139746809,5.220506365569605,5.655548562700406
2020-08-09,4.755403349988644,9.9431160954308,5.62002214089567,6.484640931802696,6.484640931802696,14.759481313120824,0.43410239156237723,5.643331090310904,5.21240427773552,3.0405691620123867,9.121707486037161,,,,9.0,8.0,4.999999999999999,14.73273131674568,5.633103150520406,8.232996912299056,2.1570866194192004,2.588503943303041,12.942519716515205,4.747033366005289,1.294645463455988,7.336324292917266,1.7396212290030768,0.4349053072507692,1.7396212290030768,5.613145758146196,3.454243543474582,0.8635608858686455,1.723651436723825,4.7400414509905175,1.723651436723825,0.43497219962767375,0.0,13.049165988830213,2.156768263772447,2.5881219165269367,2.5881219165269367,0.864110702531291,0.0,12.961660537969365,9.135886139746809,4.7854641684388035,6.5256329569620055
2020-08-16,4.32309395453513,10.807734886337828,5.62002214089567,6.052331536349183,5.187712745442157,13.023071746871315,0.43410239156237723,5.209228698748526,4.778037254590894,3.0405691620123867,8.687340462892532,,,,9.0,8.0,7.0,12.999468808893246,5.199787523557299,6.499734404446623,2.588503943303041,2.1570866194192004,12.942519716515205,4.315484878186627,1.294645463455988,6.904775805098604,1.7396212290030768,0.8698106145015384,1.7396212290030768,5.613145758146196,3.886023986408904,0.8635608858686455,1.723651436723825,4.309128591809562,1.723651436723825,0.43497219962767375,0.0,12.61419378920254,2.156768263772447,2.5881219165269367,2.5881219165269367,0.864110702531291,0.0,9.073162376578555,9.135886139746809,4.7854641684388035,6.090590759831206
2020-08-23,3.890784559081618,9.510806699977287,5.187712745442157,6.052331536349183,5.187712745442157,14.325378921558448,0.43410239156237723,5.209228698748526,4.778037254590894,2.60620213886776,7.818606416603279,,,,9.0,8.0,9.999999999999998,12.13283755496703,5.199787523557299,6.499734404446623,2.1570866194192004,2.1570866194192004,13.805354364282886,4.315484878186627,1.294645463455988,6.904775805098604,1.7396212290030768,0.8698106145015384,1.7396212290030768,5.181365315211873,3.454243543474582,0.8635608858686455,1.2927385775428686,3.8782157326286057,1.723651436723825,0.43497219962767375,0.0,12.179221589574865,2.156768263772447,2.5881219165269367,2.5881219165269367,0.864110702531291,0.0,8.209051674047263,8.700843942616007,4.350421971308004,5.220506365569605
2020-08-30,3.890784559081618,9.078497304523776,5.187712745442157,5.187712745442157,5.187712745442157,15.193583704683203,0.43410239156237723,5.209228698748526,4.343670231446266,2.60620213886776,7.818606416603279,,,,9.0,7.0,14.0,12.566153181930137,5.199787523557299,5.199787523557299,2.1570866194192004,2.588503943303041,14.236771688166725,4.315484878186627,1.294645463455988,6.904775805098604,1.3047159217523077,0.8698106145015384,1.3047159217523077,4.317804429343227,3.454243543474582,0.8635608858686455,0.8618257183619125,4.309128591809562,1.723651436723825,0.43497219962767375,0.0,13.049165988830213,1.7254146110179576,2.5881219165269367,2.156768263772447,0.864110702531291,0.0,7.776996322781619,8.265801745485208,4.350421971308004,5.655548562700406
2020-09-06,4.32309395453513,9.078497304523776,5.187712745442157,5.62002214089567,6.052331536349183,14.325378921558448,0.43410239156237723,5.643331090310904,4.343670231446266,3.0405691620123867,8.252973439747906,,,,9.0,7.0,14.0,12.566153181930137,6.066418777483515,5.199787523557299,2.1570866194192004,2.588503943303041,15.962440983702086,4.315484878186627,1.726193951274651,7.336324292917266,1.3047159217523077,0.8698106145015384,1.7396212290030768,4.317804429343227,3.454243543474582,0.8635608858686455,0.8618257183619125,4.309128591809562,1.723651436723825,0.43497219962767375,0.0,12.179221589574865,1.7254146110179576,2.5881219165269367,2.5881219165269367,1.2961660537969364,0.0,8.209051674047263,9.135886139746809,4.350421971308004,5.655548562700406
2020-09-13,3.4584751636281044,8.64618790907026,4.755403349988644,4.755403349988644,3.890784559081618,14.325378921558448,0.43410239156237723,5.209228698748526,4.343670231446266,3.0405691620123867,7.384239393458653,,,,8.0,7.0,16.0,11.266206301040812,5.633103150520406,4.76647189659419,2.588503943303041,2.1570866194192004,13.373937040399046,4.747033366005289,1.294645463455988,6.904775805098604,1.7396212290030768,0.8698106145015384,1.3047159217523077,3.886023986408904,3.454243543474582,0.8635608858686455,0.8618257183619125,4.309128591809562,1.2927385775428686,0.43497219962767375,0.0,11.309277190319516,1.7254146110179576,2.156768263772447,2.156768263772447,1.2961660537969364,0.0,7.776996322781619,8.265801745485208,4.7854641684388035,6.090590759831206
2020-09-20,3.4584751636281044,8.213878513616748,4.32309395453513,4.755403349988644,3.4584751636281044,13.891276529996071,0.43410239156237723,5.209228698748526,3.9093032083016395,3.0405691620123867,6.949872370314027,,,,8.0,5.999999999999999,22.0,11.266206301040812,5.199787523557299,4.76647189659419,2.1570866194192004,2.588503943303041,13.373937040399046,4.747033366005289,1.294645463455988,7.336324292917266,1.7396212290030768,0.8698106145015384,1.3047159217523077,3.886023986408904,3.454243543474582,0.8635608858686455,0.8618257183619125,3.8782157326286057,1.2927385775428686,0.43497219962767375,0.0,10.874304990691844,1.7254146110179576,2.5881219165269367,2.156768263772447,0.864110702531291,0.0,7.776996322781619,8.700843942616007,4.350421971308004,5.655548562700406
2020-09-27,3.4584751636281044,8.213878513616748,4.755403349988644,4.755403349988644,3.0261657681745917,12.58896935530894,0.21705119578118862,4.775126307186149,3.9093032083016395,2.60620213886776,6.949872370314027,,,,9.0,5.999999999999999,35.0,10.399575047114597,5.633103150520406,4.333156269631082,2.1570866194192004,2.588503943303041,15.099606335934405,4.315484878186627,1.294645463455988,7.336324292917266,1.3047159217523077,0.8698106145015384,1.3047159217523077,3.886023986408904,3.454243543474582,0.8635608858686455,0.8618257183619125,3.8782157326286057,1.2927385775428686,0.43497219962767375,0.0,10.43933279106417,1.7254146110179576,2.156768263772447,2.156768263772447,0.864110702531291,0.0,7.776996322781619,8.265801745485208,4.7854641684388035,6.090590759831206
2020-10-04,3.4584751636281044,7.781569118163236,4.32309395453513,4.32309395453513,3.0261657681745917,12.154866963746562,0.21705119578118862,5.209228698748526,3.4749361851570133,3.0405691620123867,6.949872370314027,,,,9.0,5.999999999999999,47.0,10.832890674077705,5.199787523557299,3.4665250157048657,2.1570866194192004,2.588503943303041,15.962440983702086,4.315484878186627,1.294645463455988,6.473227317279941,1.3047159217523077,0.8698106145015384,1.3047159217523077,3.454243543474582,3.454243543474582,0.8635608858686455,0.8618257183619125,4.309128591809562,1.2927385775428686,0.43497219962767375,0.0,11.309277190319516,2.156768263772447,2.156768263772447,2.156768263772447,0.864110702531291,0.0,7.344940971515973,8.265801745485208,4.7854641684388035,5.655548562700406
2020-10-11,3.4584751636281044,8.213878513616748,4.755403349988644,3.890784559081618,3.0261657681745917,12.58896935530894,0.43410239156237723,4.775126307186149,3.4749361851570133,3.0405691620123867,7.384239393458653,,,,9.0,5.999999999999999,58.0,11.699521928003922,4.76647189659419,3.8998406426679737,2.1570866194192004,2.1570866194192004,17.688110279237446,3.883936390367964,1.294645463455988,6.473227317279941,1.3047159217523077,0.8698106145015384,1.3047159217523077,3.454243543474582,3.0224631005402594,0.8635608858686455,0.8618257183619125,3.8782157326286057,0.8618257183619125,0.43497219962767375,0.0,10.874304990691844,1.7254146110179576,2.5881219165269367,2.156768263772447,0.864110702531291,0.0,7.776996322781619,8.265801745485208,5.220506365569605,5.655548562700406
2020-10-18,3.4584751636281044,7.349259722709721,4.32309395453513,3.4584751636281044,3.0261657681745917,13.891276529996071,0.43410239156237723,4.775126307186149,3.4749361851570133,3.0405691620123867,6.949872370314027,,,,8.0,4.999999999999999,68.0,11.266206301040812,5.199787523557299,3.4665250157048657,1.7256692955353607,2.588503943303041,17.688110279237446,4.315484878186627,1.294645463455988,6.473227317279941,1.7396212290030768,0.8698106145015384,1.3047159217523077,3.454243543474582,3.0224631005402594,0.8635608858686455,0.8618257183619125,3.44730287344765,1.2927385775428686,0.43497219962767375,0.0,10.43933279106417,1.7254146110179576,2.156768263772447,2.156768263772447,1.2961660537969364,0.0,7.776996322781619,8.700843942616007,4.7854641684388035,5.655548562700406
2020-10-25,3.890784559081618,8.213878513616748,3.890784559081618,3.890784559081618,3.0261657681745917,11.720764572184184,0.43410239156237723,5.209228698748526,3.4749361851570133,3.0405691620123867,6.949872370314027,,,,9.0,5.999999999999999,100.0,11.266206301040812,4.76647189659419,3.0332093887417577,2.1570866194192004,2.588503943303041,17.688110279237446,3.883936390367964,1.726193951274651,6.904775805098604,1.3047159217523077,0.8698106145015384,1.3047159217523077,3.454243543474582,3.0224631005402594,0.8635608858686455,1.2927385775428686,3.44730287344765,0.8618257183619125,0.43497219962767375,0.0,10.874304990691844,1.7254146110179576,2.156768263772447,1.7254146110179576,0.864110702531291,0.0,7.776996322781619,8.265801745485208,4.350421971308004,5.655548562700406
2020-11-01,2.5938563727210786,6.484640931802696,3.0261657681745917,2.5938563727210786,2.161546977267565,9.550252614372297,0.43410239156237723,4.341023915623772,3.0405691620123867,2.171835115723133,5.646771300880147,,,,5.999999999999999,4.999999999999999,16.0,8.666312539262163,3.4665250157048657,2.5998937617786493,1.7256692955353607,1.7256692955353607,10.785433097096004,3.020839414730639,1.294645463455988,5.178581853823952,1.3047159217523077,0.8698106145015384,0.8698106145015384,2.5906826576059365,2.5906826576059365,0.8635608858686455,0.8618257183619125,2.585477155085737,0.8618257183619125,0.43497219962767375,0.0,8.264471792925802,1.7254146110179576,1.2940609582634683,1.7254146110179576,0.864110702531291,0.0,6.048774917719037,6.5256329569620055,3.480337577046403,4.7854641684388035
2020-11-08,3.0261657681745917,7.349259722709721,3.890784559081618,3.0261657681745917,2.161546977267565,11.720764572184184,0.43410239156237723,4.341023915623772,3.0405691620123867,3.0405691620123867,6.949872370314027,,,,8.0,4.999999999999999,11.999999999999998,10.399575047114597,4.333156269631082,3.0332093887417577,2.1570866194192004,2.588503943303041,12.942519716515205,4.315484878186627,1.294645463455988,6.473227317279941,1.3047159217523077,0.8698106145015384,0.8698106145015384,3.0224631005402594,3.454243543474582,0.8635608858686455,0.8618257183619125,3.44730287344765,0.8618257183619125,0.43497219962767375,0.0,10.43933279106417,2.156768263772447,2.156768263772447,2.156768263772447,0.864110702531291,0.0,8.209051674047263,7.830759548354406,4.350421971308004,5.655548562700406
2020-11-15,3.0261657681745917,7.349259722709721,3.890784559081618,3.4584751636281044,2.5938563727210786,11.286662180621809,0.43410239156237723,4.775126307186149,3.0405691620123867,2.60620213886776,6.949872370314027,,,,8.0,5.999999999999999,14.0,11.699521928003922,4.333156269631082,3.0332093887417577,2.1570866194192004,2.1570866194192004,15.531023659818244,4.747033366005289,1.726193951274651,7.767872780735928,1.7396212290030768,0.8698106145015384,1.3047159217523077,3.0224631005402594,3.886023986408904,0.8635608858686455,0.8618257183619125,3.44730287344765,0.8618257183619125,0.43497219962767375,0.0,10.43933279106417,2.156768263772447,1.7254146110179576,2.156768263772447,0.864110702531291,0.0,8.64110702531291,8.700843942616007,4.7854641684388035,6.5256329569620055
2020-11-22,3.0261657681745917,8.64618790907026,4.755403349988644,3.4584751636281044,2.5938563727210786,11.286662180621809,0.43410239156237723,3.906921524061395,3.4749361851570133,2.60620213886776,11.293542601760294,,,,9.0,4.999999999999999,19.999999999999996,12.566153181930137,4.333156269631082,3.8998406426679737,3.019921267186881,2.1570866194192004,31.924881967404172,7.767872780735928,1.726193951274651,11.22026068328523,2.6094318435046153,0.8698106145015384,0.8698106145015384,2.5906826576059365,3.454243543474582,0.4317804429343228,0.8618257183619125,3.44730287344765,0.8618257183619125,0.43497219962767375,0.0,13.049165988830213,3.019475569281426,2.156768263772447,2.156768263772447,1.2961660537969364,0.0,11.233439132906783,10.87605492827001,4.7854641684388035,9.570928336877607
2020-11-29,2.5938563727210786,6.916950327256209,3.4584751636281044,3.4584751636281044,2.161546977267565,11.720764572184184,0.21705119578118862,4.341023915623772,3.0405691620123867,2.60620213886776,6.5155053471694,,,,8.0,4.999999999999999,7.0,10.399575047114597,3.8998406426679737,3.0332093887417577,2.1570866194192004,2.1570866194192004,11.216850420979844,4.315484878186627,1.294645463455988,7.336324292917266,1.7396212290030768,0.8698106145015384,0.8698106145015384,2.5906826576059365,3.0224631005402594,0.8635608858686455,0.8618257183619125,3.0163900142666935,0.8618257183619125,0.43497219962767375,0.0,10.874304990691844,2.156768263772447,1.7254146110179576,1.7254146110179576,0.864110702531291,0.0,7.776996322781619,7.395717351223606,3.915379774177203,5.220506365569605
2020-12-06,2.5938563727210786,7.349259722709721,4.32309395453513,3.0261657681745917,2.161546977267565,11.286662180621809,0.43410239156237723,4.341023915623772,3.0405691620123867,3.0405691620123867,6.949872370314027,,,,9.0,4.999999999999999,4.999999999999999,10.832890674077705,3.4665250157048657,3.0332093887417577,1.7256692955353607,2.1570866194192004,10.785433097096004,3.883936390367964,1.726193951274651,7.767872780735928,1.7396212290030768,0.8698106145015384,0.8698106145015384,2.5906826576059365,3.454243543474582,0.8635608858686455,0.8618257183619125,3.0163900142666935,0.8618257183619125,0.43497219962767375,0.0,12.179221589574865,2.156768263772447,1.7254146110179576,1.7254146110179576,0.864110702531291,0.0,7.776996322781619,8.265801745485208,4.350421971308004,5.220506365569605
2020-12-13,3.0261657681745917,8.213878513616748,4.32309395453513,3.4584751636281044,2.161546977267565,11.286662180621809,0.43410239156237723,3.906921524061395,3.0405691620123867,2.60620213886776,6.5155053471694,,,,11.0,4.0,4.999999999999999,11.699521928003922,3.4665250157048657,3.0332093887417577,1.7256692955353607,2.1570866194192004,11.216850420979844,4.315484878186627,1.726193951274651,8.630969756373254,1.7396212290030768,0.8698106145015384,0.8698106145015384,2.5906826576059365,3.0224631005402594,0.8635608858686455,0.8618257183619125,3.0163900142666935,0.8618257183619125,0.43497219962767375,0.0,11.309277190319516,2.5881219165269367,1.7254146110179576,1.7254146110179576,0.864110702531291,0.0,7.776996322781619,8.265801745485208,4.7854641684388035,5.655548562700406
2020-12-20,2.5938563727210786,9.9431160954308,4.755403349988644,3.4584751636281044,1.7292375818140522,14.325378921558448,0.43410239156237723,3.906921524061395,3.9093032083016395,3.0405691620123867,9.990441532326415,,,,11.999999999999998,4.999999999999999,5.999999999999999,13.432784435856354,4.76647189659419,3.8998406426679737,2.1570866194192004,2.1570866194192004,16.82527563146977,6.041678829461278,1.726193951274651,9.494066732010578,2.6094318435046153,0.8698106145015384,0.8698106145015384,3.0224631005402594,3.0224631005402594,0.8635608858686455,0.8618257183619125,3.0163900142666935,0.43091285918095623,0.43497219962767375,0.0,13.91911038808556,3.019475569281426,1.7254146110179576,2.156768263772447,1.2961660537969364,0.0,9.505217727844201,11.311097125400812,6.960675154092806,7.830759548354406
2020-12-27,3.4584751636281044,9.9431160954308,4.755403349988644,3.4584751636281044,2.161546977267565,15.193583704683203,0.43410239156237723,3.906921524061395,3.4749361851570133,4.343670231446266,8.252973439747906,,,,7.0,4.999999999999999,2.9999999999999996,12.13283755496703,6.933050031409731,3.4665250157048657,2.1570866194192004,2.1570866194192004,12.079685068747525,3.883936390367964,1.726193951274651,9.062518244191917,1.7396212290030768,0.8698106145015384,0.8698106145015384,3.0224631005402594,2.5906826576059365,0.8635608858686455,0.8618257183619125,3.44730287344765,0.8618257183619125,0.43497219962767375,0.0,12.179221589574865,2.156768263772447,2.156768263772447,2.156768263772447,1.2961660537969364,0.0,8.64110702531291,9.570928336877607,5.220506365569605,5.655548562700406
2021-01-03,2.8818213743303733,10.70390796179853,4.528576445376301,3.2935101420918556,2.0584438388074093,13.192219704540664,0.41225686576689574,4.947082389202749,3.3019283546304647,4.127410443288081,7.016597753589738,,,,8.00531183751214,6.003983878134105,3.0019919390670524,13.171726658576912,3.7045481227247565,2.8813152065636998,2.461562435068749,2.461562435068749,9.846249740274995,4.921102266364442,1.6403674221214803,8.201837110607402,1.655817455924921,0.8279087279624605,0.8279087279624605,3.66180574913223,3.2549384436730926,0.8137346109182731,0.8131758158908874,4.879054895345324,0.8131758158908874,0.40946127020638895,0.0,10.645993025366113,2.041430117224072,2.041430117224072,2.4497161406688863,1.220452775354343,0.0,9.356804611049963,9.009577304003818,4.504788652001909,6.14289361636624
2021-01-10,3.2935101420918556,11.11559672956001,4.940265213137783,4.116887677614819,2.0584438388074093,13.60447657030756,0.20612843288344787,5.359339254969644,3.714669398959273,4.54015148761689,7.016597753589738,,,,8.00531183751214,6.003983878134105,3.0019919390670524,13.171726658576912,4.116164580805285,3.292931664644228,2.461562435068749,2.8718228409135405,11.07703095780937,5.741285977425181,1.6403674221214803,8.201837110607402,1.655817455924921,0.8279087279624605,0.8279087279624605,3.66180574913223,3.2549384436730926,0.8137346109182731,0.8131758158908874,4.879054895345324,0.8131758158908874,0.40946127020638895,0.0,10.645993025366113,2.041430117224072,2.041430117224072,2.4497161406688863,0.8136351835695621,0.0,10.170439794619526,9.009577304003818,5.733367375275156,6.552419857457322
2021-01-17,3.2935101420918556,13.174040568367422,5.763642748660747,3.7051989098533378,2.0584438388074093,13.60447657030756,0.41225686576689574,4.947082389202749,3.714669398959273,4.54015148761689,7.429338797918546,,,,9.00597581720116,6.003983878134105,3.0019919390670524,13.994959574737969,3.7045481227247565,3.292931664644228,2.461562435068749,2.8718228409135405,10.666770551964579,5.331194121894812,2.0504592776518504,8.611928966137773,1.655817455924921,0.8279087279624605,0.8279087279624605,3.66180574913223,3.2549384436730926,0.8137346109182731,0.8131758158908874,5.285642803290767,0.8131758158908874,0.40946127020638895,0.0,11.46491556577889,2.041430117224072,2.041430117224072,2.4497161406688863,0.8136351835695621,0.0,10.170439794619526,9.828629786185981,5.323841134184074,6.552419857457322
2021-01-24,3.2935101420918556,13.585729336128903,5.351953980899265,4.528576445376301,2.4701326065688916,14.016733436074453,0.41225686576689574,5.359339254969644,3.714669398959273,4.952892531945697,7.016597753589738,,,,9.00597581720116,7.004647857823123,3.0019919390670524,13.171726658576912,4.527781038885814,3.292931664644228,2.461562435068749,2.8718228409135405,11.07703095780937,5.741285977425181,2.0504592776518504,9.022020821668143,1.655817455924921,0.8279087279624605,0.8279087279624605,3.66180574913223,3.2549384436730926,0.8137346109182731,1.219763723836331,5.285642803290767,0.8131758158908874,0.40946127020638895,0.0,11.87437683598528,2.041430117224072,2.041430117224072,2.4497161406688863,1.220452775354343,0.0,10.170439794619526,9.828629786185981,5.733367375275156,6.552419857457322
2021-01-31,3.2935101420918556,15.644173174936313,4.940265213137783,4.528576445376301,2.4701326065688916,14.016733436074453,0.20612843288344787,5.359339254969644,3.3019283546304647,4.952892531945697,7.016597753589738,,,,9.00597581720116,7.004647857823123,3.0019919390670524,13.171726658576912,4.527781038885814,3.292931664644228,2.461562435068749,2.461562435068749,11.487291363654162,5.741285977425181,2.0504592776518504,8.611928966137773,1.655817455924921,1.2418630919436906,0.8279087279624605,3.2549384436730926,3.2549384436730926,1.2206019163774098,0.8131758158908874,5.285642803290767,0.8131758158908874,0.40946127020638895,0.0,11.0554542955725,2.041430117224072,2.4497161406688863,2.4497161406688863,1.220452775354343,0.0,10.170439794619526,9.828629786185981,5.733367375275156,6.961946098548404
2021-02-07,3.2935101420918556,17.702617013743723,5.351953980899265,4.940265213137783,2.8818213743303733,14.016733436074453,0.41225686576689574,5.359339254969644,3.3019283546304647,4.127410443288081,7.429338797918546,,,,9.00597581720116,8.00531183751214,3.0019919390670524,13.583343116657442,4.527781038885814,3.292931664644228,2.461562435068749,2.461562435068749,11.07703095780937,5.331194121894812,2.0504592776518504,8.611928966137773,1.655817455924921,0.8279087279624605,0.8279087279624605,3.2549384436730926,3.2549384436730926,1.2206019163774098,0.8131758158908874,4.879054895345324,0.8131758158908874,0.40946127020638895,0.0,11.46491556577889,1.6331440937792576,2.4497161406688863,2.4497161406688863,1.220452775354343,0.0,10.577257386404307,9.828629786185981,6.14289361636624,6.14289361636624
2021-02-14,3.2935101420918556,17.290928245982244,5.351953980899265,4.940265213137783,2.4701326065688916,14.42899030184135,0.41225686576689574,5.359339254969644,3.714669398959273,4.54015148761689,8.254820886576162,,,,8.00531183751214,7.004647857823123,3.0019919390670524,13.171726658576912,4.116164580805285,3.292931664644228,2.461562435068749,2.461562435068749,9.846249740274995,5.741285977425181,2.0504592776518504,8.611928966137773,1.655817455924921,0.8279087279624605,1.2418630919436906,3.2549384436730926,3.2549384436730926,0.8137346109182731,0.8131758158908874,4.879054895345324,1.219763723836331,0.40946127020638895,0.0,11.0554542955725,1.6331440937792576,2.4497161406688863,2.4497161406688863,1.220452775354343,0.0,9.763622202834744,10.238156027277066,4.914314893092991,7.78099858073057
2021-02-21,3.7051989098533378,17.702617013743723,5.351953980899265,4.940265213137783,2.8818213743303733,14.841247167608246,4.947082389202749,5.7715961207365405,4.127410443288081,4.952892531945697,8.66756193090497,,,,9.00597581720116,7.004647857823123,3.0019919390670524,13.994959574737969,4.527781038885814,3.292931664644228,2.051302029223957,2.8718228409135405,11.897551769498953,5.741285977425181,2.0504592776518504,8.611928966137773,1.655817455924921,1.2418630919436906,1.2418630919436906,3.66180574913223,3.66180574913223,1.2206019163774098,0.8131758158908874,4.47246698739988,1.219763723836331,0.40946127020638895,0.0,11.87437683598528,2.041430117224072,2.4497161406688863,2.4497161406688863,1.220452775354343,0.0,9.356804611049963,9.009577304003818,4.914314893092991,7.371472339639487
2021-02-28,3.7051989098533378,30.05328004658818,5.351953980899265,5.351953980899265,2.8818213743303733,13.60447657030756,7.420623583804123,6.183852986503436,3.714669398959273,4.54015148761689,8.254820886576162,,,,8.00531183751214,7.004647857823123,3.0019919390670524,11.936877284335328,4.116164580805285,3.292931664644228,2.051302029223957,2.461562435068749,11.07703095780937,4.511010410834071,2.0504592776518504,7.791745255077032,1.655817455924921,1.2418630919436906,0.8279087279624605,3.66180574913223,3.2549384436730926,1.2206019163774098,0.8131758158908874,4.47246698739988,1.219763723836331,0.40946127020638895,0.0,11.46491556577889,2.041430117224072,2.041430117224072,2.4497161406688863,1.220452775354343,0.0,8.949987019265183,8.600051062912735,4.914314893092991,6.961946098548404
2021-03-07,3.7051989098533378,41.168876776148196,5.351953980899265,5.351953980899265,2.8818213743303733,12.779962838773768,2.4735411946013746,6.183852986503436,3.3019283546304647,7.429338797918546,8.254820886576162,,,,7.004647857823123,6.003983878134105,2.001327959378035,11.525260826254799,4.527781038885814,3.7045481227247565,2.051302029223957,2.461562435068749,13.12833298703333,5.331194121894812,2.0504592776518504,7.791745255077032,1.655817455924921,0.8279087279624605,0.8279087279624605,3.2549384436730926,3.2549384436730926,1.2206019163774098,1.219763723836331,4.47246698739988,0.8131758158908874,0.40946127020638895,0.0,11.46491556577889,2.041430117224072,2.4497161406688863,2.041430117224072,1.220452775354343,0.0,8.543169427480404,8.600051062912735,4.504788652001909,6.552419857457322
2021-03-14,3.7051989098533378,19.34937208478965,5.351953980899265,5.351953980899265,2.8818213743303733,13.192219704540664,1.2367705973006873,5.7715961207365405,3.3019283546304647,20.63705221644041,8.254820886576162,,,,7.004647857823123,6.003983878134105,3.0019919390670524,11.936877284335328,3.7045481227247565,3.292931664644228,2.051302029223957,2.461562435068749,14.769374610412493,4.921102266364442,2.0504592776518504,7.791745255077032,1.655817455924921,0.8279087279624605,1.2418630919436906,2.8480711382139563,2.4412038327548196,0.8137346109182731,0.8131758158908874,4.065879079454437,0.8131758158908874,0.40946127020638895,0.0,11.46491556577889,1.6331440937792576,2.041430117224072,2.4497161406688863,1.220452775354343,0.0,7.32271665212606,6.961946098548404,4.504788652001909,6.14289361636624
2021-03-21,3.7051989098533378,13.585729336128903,5.351953980899265,5.351953980899265,3.2935101420918556,12.779962838773768,0.8245137315337915,6.183852986503436,3.3019283546304647,4.54015148761689,9.08030297523378,,,,7.004647857823123,6.003983878134105,3.0019919390670524,11.936877284335328,4.527781038885814,3.292931664644228,2.051302029223957,2.461562435068749,11.897551769498953,4.921102266364442,1.6403674221214803,8.611928966137773,1.655817455924921,0.8279087279624605,0.8279087279624605,3.2549384436730926,3.2549384436730926,0.8137346109182731,0.8131758158908874,3.6592911715089924,1.219763723836331,0.40946127020638895,0.0,11.87437683598528,2.041430117224072,2.4497161406688863,2.4497161406688863,1.220452775354343,0.40681759178478105,7.32271665212606,7.78099858073057,4.504788652001909,6.552419857457322
2021-03-28,4.116887677614819,12.350663032844457,6.587020284183711,5.351953980899265,3.2935101420918556,12.367705973006872,0.8245137315337915,5.7715961207365405,3.3019283546304647,3.714669398959273,9.493044019562587,,,,7.004647857823123,6.003983878134105,3.0019919390670524,12.760110200496385,4.527781038885814,3.292931664644228,2.051302029223957,2.461562435068749,13.12833298703333,5.741285977425181,1.6403674221214803,8.611928966137773,2.0697718199061512,0.8279087279624605,1.2418630919436906,3.2549384436730926,2.8480711382139563,1.2206019163774098,0.8131758158908874,3.6592911715089924,0.8131758158908874,0.40946127020638895,0.0,12.283838106191668,1.6331440937792576,2.4497161406688863,2.4497161406688863,1.220452775354343,0.40681759178478105,8.13635183569562,7.371472339639487,4.914314893092991,6.961946098548404
2021-04-04,4.116887677614819,11.11559672956001,6.998709051945193,5.351953980899265,3.2935101420918556,13.192219704540664,0.8245137315337915,5.359339254969644,3.3019283546304647,3.3019283546304647,9.08030297523378,,,,7.004647857823123,6.003983878134105,3.0019919390670524,11.525260826254799,4.527781038885814,3.7045481227247565,2.051302029223957,2.051302029223957,13.12833298703333,5.741285977425181,1.6403674221214803,8.201837110607402,1.655817455924921,0.8279087279624605,0.8279087279624605,2.8480711382139563,2.8480711382139563,1.2206019163774098,0.8131758158908874,3.2527032635635496,1.219763723836331,0.40946127020638895,0.0,11.0554542955725,1.6331440937792576,2.4497161406688863,2.4497161406688863,1.220452775354343,0.40681759178478105,7.32271665212606,7.371472339639487,4.095262410910825,6.14289361636624
2021-04-11,4.116887677614819,10.70390796179853,7.822086587468156,5.763642748660747,3.7051989098533378,13.60447657030756,0.41225686576689574,5.7715961207365405,3.3019283546304647,3.714669398959273,8.66756193090497,,,,7.004647857823123,6.003983878134105,3.0019919390670524,11.525260826254799,4.527781038885814,3.292931664644228,2.051302029223957,2.461562435068749,12.307812175343745,4.921102266364442,1.6403674221214803,8.201837110607402,1.655817455924921,0.8279087279624605,1.2418630919436906,3.2549384436730926,3.2549384436730926,1.2206019163774098,1.219763723836331,3.6592911715089924,0.8131758158908874,0.40946127020638895,0.0,10.645993025366113,1.6331440937792576,2.4497161406688863,2.4497161406688863,1.220452775354343,0.40681759178478105,6.915899060341278,7.78099858073057,4.095262410910825,6.14289361636624
2021-04-18,3.7051989098533378,10.292219194037049,9.057152890752603,6.175331516422228,4.528576445376301,12.779962838773768,0.41225686576689574,4.947082389202749,3.3019283546304647,3.3019283546304647,9.493044019562587,,,,7.004647857823123,6.003983878134105,3.0019919390670524,12.348493742415855,4.116164580805285,3.7045481227247565,2.051302029223957,2.461562435068749,13.948853798722913,4.921102266364442,1.6403674221214803,7.791745255077032,1.655817455924921,0.8279087279624605,1.2418630919436906,3.66180574913223,3.2549384436730926,1.2206019163774098,1.219763723836331,3.6592911715089924,0.8131758158908874,0.40946127020638895,0.0,11.0554542955725,1.6331440937792576,2.4497161406688863,2.4497161406688863,0.8136351835695621,0.40681759178478105,7.729534243910839,7.78099858073057,4.504788652001909,6.552419857457322
2021-04-25,4.528576445376301,10.70390796179853,9.057152890752603,6.587020284183711,4.528576445376301,14.841247167608246,0.41225686576689574,4.947082389202749,3.3019283546304647,2.889187310301657,9.08030297523378,,,,7.004647857823123,6.003983878134105,3.0019919390670524,11.525260826254799,3.7045481227247565,4.116164580805285,2.051302029223957,2.461562435068749,14.359114204567705,4.511010410834071,1.6403674221214803,7.791745255077032,1.655817455924921,0.8279087279624605,1.2418630919436906,3.2549384436730926,3.2549384436730926,0.8137346109182731,1.219763723836331,3.6592911715089924,0.8131758158908874,0.40946127020638895,0.20473063510319447,11.46491556577889,1.6331440937792576,2.858002164113701,2.041430117224072,0.8136351835695621,2.8477231424934675,7.32271665212606,7.78099858073057,4.095262410910825,6.14289361636624
2021-05-02,4.528576445376301,11.11559672956001,8.645464122991122,6.587020284183711,5.351953980899265,13.60447657030756,0.41225686576689574,4.947082389202749,3.714669398959273,2.889187310301657,9.08030297523378,,,,7.004647857823123,6.003983878134105,3.0019919390670524,11.936877284335328,3.7045481227247565,4.527781038885814,2.051302029223957,2.461562435068749,14.769374610412493,4.511010410834071,1.6403674221214803,7.381653399546662,1.655817455924921,0.8279087279624605,1.2418630919436906,3.2549384436730926,2.8480711382139563,0.8137346109182731,1.219763723836331,3.2527032635635496,0.8131758158908874,0.40946127020638895,0.0,11.46491556577889,1.6331440937792576,2.858002164113701,2.4497161406688863,1.220452775354343,0.40681759178478105,7.729534243910839,7.78099858073057,4.504788652001909,5.733367375275156
2021-05-09,4.528576445376301,10.70390796179853,7.4103978197066755,7.4103978197066755,5.351953980899265,12.779962838773768,0.41225686576689574,4.947082389202749,3.3019283546304647,2.889187310301657,9.08030297523378,,,,7.004647857823123,5.003319898445088,3.0019919390670524,11.936877284335328,3.7045481227247565,4.527781038885814,1.6410416233791663,2.461562435068749,13.948853798722913,3.690826699773331,1.6403674221214803,6.971561544016292,1.655817455924921,0.8279087279624605,1.2418630919436906,3.2549384436730926,3.2549384436730926,0.8137346109182731,1.219763723836331,3.2527032635635496,0.8131758158908874,0.40946127020638895,0.0,11.0554542955725,1.6331440937792576,2.4497161406688863,2.041430117224072,0.8136351835695621,0.40681759178478105,6.915899060341278,7.371472339639487,4.095262410910825,5.733367375275156
2021-05-16,4.940265213137783,11.11559672956001,6.998709051945193,9.468841658514084,6.998709051945193,14.016733436074453,0.41225686576689574,5.359339254969644,3.714669398959273,2.889187310301657,9.493044019562587,,,,7.004647857823123,6.003983878134105,3.0019919390670524,12.348493742415855,4.527781038885814,4.527781038885814,2.051302029223957,2.461562435068749,14.359114204567705,4.100918555303701,1.6403674221214803,7.381653399546662,2.0697718199061512,0.8279087279624605,1.2418630919436906,3.66180574913223,3.2549384436730926,0.8137346109182731,1.6263516317817748,3.2527032635635496,0.8131758158908874,0.40946127020638895,0.20473063510319447,11.46491556577889,1.6331440937792576,2.858002164113701,2.4497161406688863,1.220452775354343,0.40681759178478105,6.915899060341278,8.19052482182165,4.095262410910825,6.14289361636624
2021-05-23,4.940265213137783,10.70390796179853,6.587020284183711,10.292219194037049,8.645464122991122,13.60447657030756,0.41225686576689574,4.947082389202749,4.127410443288081,2.889187310301657,10.318526108220205,,,,7.004647857823123,6.003983878134105,3.0019919390670524,11.525260826254799,4.116164580805285,5.351013955046872,1.6410416233791663,2.461562435068749,16.000155827946866,3.690826699773331,1.6403674221214803,7.381653399546662,1.655817455924921,0.8279087279624605,1.2418630919436906,3.66180574913223,2.8480711382139563,0.8137346109182731,1.219763723836331,3.2527032635635496,0.8131758158908874,0.40946127020638895,0.0,11.46491556577889,1.6331440937792576,2.858002164113701,2.4497161406688863,0.8136351835695621,0.40681759178478105,7.32271665212606,7.371472339639487,4.095262410910825,6.14289361636624
2021-05-30,4.940265213137783,11.11559672956001,6.587020284183711,11.938974265082976,10.292219194037049,14.841247167608246,0.41225686576689574,4.947082389202749,4.127410443288081,2.889187310301657,9.493044019562587,,,,7.004647857823123,6.003983878134105,3.0019919390670524,11.525260826254799,4.116164580805285,5.351013955046872,2.051302029223957,2.461562435068749,16.000155827946866,3.690826699773331,1.6403674221214803,6.971561544016292,1.655817455924921,1.2418630919436906,1.655817455924921,3.66180574913223,3.2549384436730926,0.8137346109182731,1.219763723836331,3.2527032635635496,0.8131758158908874,0.40946127020638895,0.0,11.87437683598528,1.6331440937792576,2.858002164113701,2.041430117224072,1.220452775354343,0.40681759178478105,7.32271665212606,6.961946098548404,3.6857361698197435,5.733367375275156
2021-06-06,4.528576445376301,10.70390796179853,6.175331516422228,11.938974265082976,8.645464122991122,13.60447657030756,0.41225686576689574,5.359339254969644,3.3019283546304647,2.889187310301657,9.493044019562587,,,,7.004647857823123,6.003983878134105,3.0019919390670524,11.525260826254799,4.116164580805285,4.939397496966343,2.051302029223957,2.461562435068749,13.948853798722913,3.690826699773331,1.6403674221214803,5.741285977425181,1.655817455924921,0.8279087279624605,1.655817455924921,3.66180574913223,3.2549384436730926,0.8137346109182731,1.6263516317817748,3.2527032635635496,0.8131758158908874,0.40946127020638895,0.0,11.87437683598528,1.6331440937792576,2.858002164113701,2.4497161406688863,0.8136351835695621,0.40681759178478105,6.915899060341278,7.371472339639487,4.095262410910825,6.14289361636624
2021-06-13,4.940265213137783,11.11559672956001,6.587020284183711,12.76235180060594,8.233775355229637,14.42899030184135,0.41225686576689574,4.947082389202749,3.3019283546304647,2.889187310301657,9.493044019562587,,,,8.00531183751214,6.003983878134105,3.0019919390670524,11.936877284335328,4.527781038885814,5.7626304131273995,2.051302029223957,2.461562435068749,15.589895422102076,3.690826699773331,1.2302755665911105,6.151377832955552,1.655817455924921,1.2418630919436906,1.655817455924921,3.2549384436730926,3.2549384436730926,0.8137346109182731,1.219763723836331,3.6592911715089924,1.219763723836331,0.40946127020638895,0.0,12.283838106191668,2.041430117224072,2.4497161406688863,2.041430117224072,0.8136351835695621,0.40681759178478105,7.32271665212606,7.371472339639487,3.6857361698197435,6.14289361636624
2021-06-20,4.528576445376301,12.76235180060594,6.175331516422228,13.585729336128903,7.4103978197066755,13.60447657030756,0.41225686576689574,4.534825523435853,3.714669398959273,2.889187310301657,9.08030297523378,,,,7.004647857823123,6.003983878134105,3.0019919390670524,11.525260826254799,4.527781038885814,5.7626304131273995,1.6410416233791663,2.461562435068749,14.769374610412493,3.690826699773331,1.6403674221214803,6.151377832955552,1.655817455924921,0.8279087279624605,1.655817455924921,3.2549384436730926,2.8480711382139563,0.8137346109182731,1.219763723836331,3.6592911715089924,1.219763723836331,0.40946127020638895,0.0,11.46491556577889,1.6331440937792576,2.4497161406688863,2.041430117224072,0.8136351835695621,0.40681759178478105,6.915899060341278,7.371472339639487,3.6857361698197435,5.733367375275156
2021-06-27,4.528576445376301,9.880530426275566,6.175331516422228,13.585729336128903,9.057152890752603,12.779962838773768,0.41225686576689574,4.534825523435853,3.3019283546304647,2.889187310301657,9.493044019562587,,,,7.004647857823123,6.003983878134105,3.0019919390670524,11.936877284335328,4.527781038885814,6.174246871207927,1.6410416233791663,2.461562435068749,14.769374610412493,3.690826699773331,1.6403674221214803,6.561469688485921,1.655817455924921,0.8279087279624605,1.655817455924921,3.2549384436730926,3.2549384436730926,0.8137346109182731,1.219763723836331,3.2527032635635496,1.219763723836331,0.40946127020638895,0.0,11.0554542955725,1.6331440937792576,2.4497161406688863,2.041430117224072,0.8136351835695621,0.40681759178478105,7.32271665212606,8.19052482182165,4.095262410910825,5.733367375275156
2021-07-04,3.7063850052256235,9.88369334726833,6.177308342042706,12.354616684085412,9.060052234995968,12.367840655229761,0.41226135517432533,4.122613551743254,3.7139591721173852,2.4759727814115906,9.07856686517583,,,,7.694828050970582,5.984866261866007,3.4199235782091475,11.522441619185408,4.526673493251411,7.407283898047762,2.0517883267338517,2.0517883267338517,17.235021944564355,3.6897939221411757,1.229931307380392,6.559633639362092,1.6546399748315554,0.8273199874157777,1.2409799811236668,3.2565011466146108,2.849438503287784,0.8141252866536527,1.2209610740145738,3.2558961973721967,1.6279480986860984,0.40981946508553546,0.0,11.474945022394992,1.226052990880142,2.452105981760284,2.0434216514669035,0.8142308493270427,0.40711542466352135,7.3280776439433835,7.78370296736272,3.687017195066551,5.735360081214635
2021-07-11,4.118205561361804,9.471872791132151,5.765487785906526,10.707334459540691,7.000949454315068,13.19236336557841,0.41226135517432533,4.947136262091904,3.7139591721173852,2.888634911646855,10.316553255881624,,,,7.694828050970582,5.984866261866007,3.4199235782091475,11.933957391299172,4.526673493251411,6.995768125933997,1.6414306613870813,2.0517883267338517,16.00394894852404,3.6897939221411757,1.639908409840523,6.149656536901961,1.6546399748315554,0.8273199874157777,1.2409799811236668,3.2565011466146108,3.2565011466146108,0.8141252866536527,0.8139740493430492,3.2558961973721967,1.6279480986860984,0.40981946508553546,0.0,11.065125557309457,2.0434216514669035,2.452105981760284,2.0434216514669035,1.2213462739905638,0.40711542466352135,7.3280776439433835,7.78370296736272,3.687017195066551,4.916022926755402
2021-07-18,4.118205561361804,9.471872791132151,5.353667229770346,9.471872791132151,6.589128898178887,12.780102010404086,0.41226135517432533,4.534874906917579,3.7139591721173852,2.888634911646855,10.72921538611689,,,,7.694828050970582,5.984866261866007,3.4199235782091475,12.345473163412937,4.526673493251411,6.172736581706468,2.0517883267338517,2.462145992080622,13.541802956443423,3.6897939221411757,1.639908409840523,6.559633639362092,2.0682999685394448,0.8273199874157777,1.6546399748315554,3.2565011466146108,3.2565011466146108,0.8141252866536527,1.2209610740145738,3.662883222043721,2.0349351233576227,0.40981946508553546,0.0,11.474945022394992,2.0434216514669035,2.452105981760284,2.0434216514669035,0.8142308493270427,0.40711542466352135,7.3280776439433835,8.193371544592335,4.096685772296167,5.325691503985018
2021-07-25,3.7063850052256235,9.471872791132151,5.353667229770346,8.648231678859789,5.765487785906526,12.780102010404086,0.41226135517432533,4.534874906917579,3.7139591721173852,2.888634911646855,10.72921538611689,,,,7.694828050970582,6.839847156418295,4.274904472761434,12.345473163412937,4.526673493251411,6.172736581706468,2.0517883267338517,2.0517883267338517,13.541802956443423,4.509748127061438,1.639908409840523,6.969610741822222,1.6546399748315554,0.8273199874157777,1.6546399748315554,3.2565011466146108,3.2565011466146108,0.8141252866536527,0.8139740493430492,3.662883222043721,1.6279480986860984,0.40981946508553546,0.0,10.655306092223922,1.6347373211735228,2.452105981760284,2.0434216514669035,1.2213462739905638,0.40711542466352135,7.3280776439433835,8.603040121821953,4.096685772296167,5.735360081214635
2021-08-01,3.7063850052256235,8.236411122723608,4.941846673634165,7.000949454315068,5.353667229770346,12.367840655229761,0.41226135517432533,4.534874906917579,3.30129704188212,2.888634911646855,10.72921538611689,,,,6.839847156418295,5.984866261866007,5.1298853673137215,12.345473163412937,4.526673493251411,5.349705037478939,1.6414306613870813,2.0517883267338517,13.13144529109665,4.099771024601307,1.639908409840523,6.559633639362092,2.0682999685394448,0.8273199874157777,1.6546399748315554,3.2565011466146108,3.2565011466146108,0.8141252866536527,0.8139740493430492,3.2558961973721967,1.6279480986860984,0.40981946508553546,0.0,10.655306092223922,1.6347373211735228,2.452105981760284,2.452105981760284,0.8142308493270427,0.40711542466352135,7.735193068606905,9.01270869905157,4.096685772296167,5.735360081214635
2021-08-08,3.7063850052256235,9.060052234995968,5.353667229770346,6.589128898178887,5.353667229770346,11.955579300055435,0.41226135517432533,4.947136262091904,3.7139591721173852,2.888634911646855,9.903891125646362,,,,6.839847156418295,5.984866261866007,5.984866261866007,12.345473163412937,4.938189265365175,4.938189265365175,1.6414306613870813,2.0517883267338517,13.541802956443423,4.509748127061438,1.639908409840523,6.969610741822222,1.6546399748315554,0.8273199874157777,1.6546399748315554,3.663563789941437,3.2565011466146108,0.8141252866536527,1.2209610740145738,3.662883222043721,1.2209610740145738,0.40981946508553546,0.0,10.245486627138385,1.6347373211735228,2.452105981760284,2.452105981760284,0.8142308493270427,0.40711542466352135,7.735193068606905,8.603040121821953,4.096685772296167,6.145028658444252
2021-08-15,3.7063850052256235,8.648231678859789,4.941846673634165,5.765487785906526,5.353667229770346,12.367840655229761,0.41226135517432533,4.947136262091904,3.7139591721173852,2.888634911646855,9.903891125646362,,,,7.694828050970582,5.984866261866007,7.694828050970582,11.933957391299172,5.349705037478939,4.938189265365175,2.0517883267338517,2.462145992080622,14.362518287136961,4.509748127061438,2.0498855123006536,7.3795878442823515,1.6546399748315554,0.8273199874157777,1.2409799811236668,3.2565011466146108,3.2565011466146108,0.8141252866536527,1.2209610740145738,3.2558961973721967,1.6279480986860984,0.40981946508553546,0.0,11.065125557309457,2.0434216514669035,2.452105981760284,2.0434216514669035,0.8142308493270427,0.40711542466352135,7.735193068606905,8.193371544592335,4.096685772296167,6.145028658444252
2021-08-22,3.7063850052256235,8.236411122723608,4.941846673634165,5.353667229770346,4.941846673634165,12.780102010404086,0.41226135517432533,4.122613551743254,3.7139591721173852,3.30129704188212,9.491228995411095,,,,7.694828050970582,5.984866261866007,10.259770734627443,11.522441619185408,5.349705037478939,4.938189265365175,2.0517883267338517,2.462145992080622,13.952160621790192,4.919725229521568,1.639908409840523,7.3795878442823515,1.6546399748315554,0.8273199874157777,1.2409799811236668,3.2565011466146108,3.2565011466146108,0.8141252866536527,1.2209610740145738,3.2558961973721967,1.6279480986860984,0.40981946508553546,0.0,10.245486627138385,1.6347373211735228,2.452105981760284,2.452105981760284,0.8142308493270427,0.40711542466352135,8.142308493270425,8.193371544592335,4.506354349525785,6.145028658444252
2021-08-29,3.2945644490894437,7.824590566587428,4.118205561361804,4.941846673634165,4.530026117497984,12.367840655229761,0.41226135517432533,4.534874906917579,3.30129704188212,2.888634911646855,8.665904734940565,,,,7.694828050970582,5.984866261866007,12.824713418284304,11.933957391299172,5.349705037478939,4.526673493251411,1.6414306613870813,2.0517883267338517,13.541802956443423,4.099771024601307,1.229931307380392,8.199542049202615,1.6546399748315554,0.8273199874157777,1.2409799811236668,3.2565011466146108,2.849438503287784,0.8141252866536527,1.2209610740145738,3.2558961973721967,1.6279480986860984,0.40981946508553546,0.0,9.425847696967315,1.6347373211735228,2.452105981760284,2.0434216514669035,0.8142308493270427,0.40711542466352135,7.735193068606905,7.78370296736272,4.096685772296167,6.145028658444252
2021-09-05,3.7063850052256235,8.648231678859789,3.7063850052256235,4.118205561361804,5.353667229770346,12.780102010404086,0.41226135517432533,4.122613551743254,3.30129704188212,3.30129704188212,8.665904734940565,,,,6.839847156418295,5.984866261866007,14.534675207388876,11.522441619185408,5.761220809592704,4.526673493251411,2.0517883267338517,2.0517883267338517,14.362518287136961,4.099771024601307,1.229931307380392,7.789564946742485,1.6546399748315554,0.8273199874157777,1.2409799811236668,3.2565011466146108,2.849438503287784,0.8141252866536527,1.2209610740145738,3.662883222043721,1.6279480986860984,0.40981946508553546,0.0,10.245486627138385,2.0434216514669035,2.452105981760284,2.0434216514669035,0.8142308493270427,0.40711542466352135,8.142308493270425,8.193371544592335,3.687017195066551,5.735360081214635
2021-09-12,3.2945644490894437,8.236411122723608,4.118205561361804,4.530026117497984,3.7063850052256235,12.367840655229761,0.8245227103486507,4.122613551743254,3.30129704188212,2.888634911646855,7.4279183442347705,,,,7.694828050970582,5.1298853673137215,16.244636996493448,12.345473163412937,5.761220809592704,3.703641949023881,1.6414306613870813,2.0517883267338517,13.13144529109665,4.099771024601307,1.639908409840523,7.3795878442823515,1.6546399748315554,0.8273199874157777,1.2409799811236668,2.849438503287784,2.849438503287784,0.8141252866536527,1.2209610740145738,3.662883222043721,1.2209610740145738,0.40981946508553546,0.0,8.606208766796247,2.0434216514669035,2.0434216514669035,1.6347373211735228,0.8142308493270427,0.40711542466352135,7.735193068606905,7.78370296736272,4.096685772296167,5.735360081214635
2021-09-19,3.2945644490894437,7.824590566587428,3.7063850052256235,4.118205561361804,3.2945644490894437,12.780102010404086,0.41226135517432533,4.122613551743254,3.30129704188212,3.30129704188212,7.840580474470035,,,,6.839847156418295,5.984866261866007,19.664560574702598,11.933957391299172,5.761220809592704,3.703641949023881,2.0517883267338517,2.462145992080622,15.59359128317727,4.919725229521568,1.639908409840523,7.3795878442823515,1.2409799811236668,0.8273199874157777,1.2409799811236668,2.849438503287784,2.849438503287784,0.8141252866536527,0.8139740493430492,3.662883222043721,1.2209610740145738,0.40981946508553546,0.0,6.966930906454103,2.0434216514669035,2.452105981760284,2.452105981760284,0.8142308493270427,0.40711542466352135,7.3280776439433835,7.78370296736272,4.096685772296167,5.735360081214635
2021-09-26,3.7063850052256235,7.824590566587428,3.7063850052256235,4.118205561361804,3.2945644490894437,13.19236336557841,0.8245227103486507,3.7103521965689286,3.30129704188212,3.30129704188212,7.4279183442347705,,,,7.694828050970582,5.984866261866007,31.63429309843461,11.522441619185408,5.349705037478939,3.2921261769101164,2.0517883267338517,2.462145992080622,14.362518287136961,4.509748127061438,1.229931307380392,7.3795878442823515,1.2409799811236668,0.8273199874157777,1.2409799811236668,2.849438503287784,3.2565011466146108,0.8141252866536527,0.8139740493430492,3.2558961973721967,1.2209610740145738,0.40981946508553546,0.20490973254276773,7.376750371539638,2.0434216514669035,2.0434216514669035,2.0434216514669035,0.8142308493270427,0.40711542466352135,7.735193068606905,8.193371544592335,4.096685772296167,5.735360081214635
2021-10-03,3.7063850052256235,7.412770010451247,3.7063850052256235,4.118205561361804,3.2945644490894437,13.19236336557841,0.8245227103486507,3.7103521965689286,3.30129704188212,3.30129704188212,7.4279183442347705,,,,7.694828050970582,5.984866261866007,45.3139874112712,11.933957391299172,5.349705037478939,3.2921261769101164,2.0517883267338517,2.462145992080622,15.59359128317727,4.919725229521568,1.639908409840523,7.3795878442823515,1.2409799811236668,0.8273199874157777,1.2409799811236668,3.2565011466146108,2.849438503287784,0.8141252866536527,0.8139740493430492,3.2558961973721967,1.2209610740145738,0.40981946508553546,0.20490973254276773,6.966930906454103,2.0434216514669035,2.452105981760284,2.0434216514669035,0.8142308493270427,0.40711542466352135,7.735193068606905,7.78370296736272,4.096685772296167,6.145028658444252
2021-10-10,3.7063850052256235,8.236411122723608,3.7063850052256235,3.7063850052256235,2.882743892953263,12.780102010404086,0.8245227103486507,4.122613551743254,2.4759727814115906,3.30129704188212,7.840580474470035,,,,7.694828050970582,5.984866261866007,54.71877725134636,11.933957391299172,4.938189265365175,2.4690946326825873,1.6414306613870813,2.0517883267338517,17.645379609911124,4.919725229521568,1.639908409840523,7.3795878442823515,1.6546399748315554,1.2409799811236668,1.2409799811236668,2.849438503287784,2.849438503287784,0.8141252866536527,0.8139740493430492,3.2558961973721967,1.2209610740145738,0.40981946508553546,0.20490973254276773,9.425847696967315,1.6347373211735228,2.0434216514669035,2.0434216514669035,0.8142308493270427,0.40711542466352135,7.735193068606905,7.78370296736272,3.687017195066551,6.145028658444252
2021-10-17,3.2945644490894437,7.824590566587428,3.7063850052256235,3.7063850052256235,2.882743892953263,12.780102010404086,0.8245227103486507,4.534874906917579,2.888634911646855,3.30129704188212,7.840580474470035,,,,7.694828050970582,5.984866261866007,66.68850977507836,11.110925847071643,4.938189265365175,2.880610404796352,2.0517883267338517,2.0517883267338517,17.235021944564355,4.919725229521568,1.639908409840523,7.789564946742485,1.6546399748315554,0.8273199874157777,1.2409799811236668,2.849438503287784,2.849438503287784,0.8141252866536527,0.8139740493430492,2.848909172700672,1.2209610740145738,0.40981946508553546,0.0,9.016028231881782,2.0434216514669035,2.0434216514669035,2.0434216514669035,0.8142308493270427,0.40711542466352135,13.434809013896205,7.78370296736272,4.096685772296167,6.145028658444252
2021-10-24,3.2945644490894437,7.412770010451247,3.7063850052256235,3.7063850052256235,2.882743892953263,14.016886075927061,0.8245227103486507,4.122613551743254,2.888634911646855,2.888634911646855,8.2532426047053,,,,8.549808945522868,5.1298853673137215,85.49808945522868,11.522441619185408,4.526673493251411,2.4690946326825873,2.0517883267338517,2.0517883267338517,16.824664279217583,4.919725229521568,1.639908409840523,6.969610741822222,1.6546399748315554,0.8273199874157777,0.8273199874157777,2.849438503287784,2.849438503287784,0.8141252866536527,0.8139740493430492,2.848909172700672,1.2209610740145738,0.40981946508553546,0.0,9.016028231881782,2.0434216514669035,2.0434216514669035,2.0434216514669035,0.8142308493270427,0.40711542466352135,9.77077019192451,7.78370296736272,4.506354349525785,5.735360081214635
2021-10-31,2.882743892953263,7.000949454315068,3.7063850052256235,3.7063850052256235,2.4709233368170826,14.429147431101388,0.8245227103486507,3.7103521965689286,2.888634911646855,3.30129704188212,7.840580474470035,,,,9.404789840075155,5.1298853673137215,37.61915936030062,11.110925847071643,4.938189265365175,2.4690946326825873,2.0517883267338517,2.0517883267338517,15.183233617830505,4.919725229521568,1.229931307380392,7.3795878442823515,2.0682999685394448,1.2409799811236668,1.2409799811236668,2.849438503287784,2.849438503287784,0.8141252866536527,0.8139740493430492,2.848909172700672,1.2209610740145738,0.40981946508553546,0.20490973254276773,9.016028231881782,2.0434216514669035,2.0434216514669035,2.0434216514669035,0.8142308493270427,0.40711542466352135,8.95653934259747,8.193371544592335,4.096685772296167,5.735360081214635
2021-11-07,2.882743892953263,8.648231678859789,4.118205561361804,3.7063850052256235,2.4709233368170826,13.19236336557841,0.8245227103486507,3.7103521965689286,2.888634911646855,3.30129704188212,8.2532426047053,,,,8.549808945522868,5.1298853673137215,14.534675207388876,11.522441619185408,4.938189265365175,2.4690946326825873,1.6414306613870813,2.0517883267338517,13.13144529109665,5.3297023319817,1.639908409840523,7.789564946742485,1.6546399748315554,1.2409799811236668,0.8273199874157777,2.442375859960958,2.849438503287784,0.8141252866536527,0.8139740493430492,2.848909172700672,1.2209610740145738,0.40981946508553546,0.20490973254276773,9.425847696967315,2.452105981760284,2.0434216514669035,2.0434216514669035,0.8142308493270427,0.20355771233176068,8.549423917933948,7.78370296736272,4.096685772296167,6.554697235673869
2021-11-14,3.2945644490894437,9.060052234995968,4.530026117497984,3.7063850052256235,2.4709233368170826,13.19236336557841,0.8245227103486507,3.7103521965689286,2.888634911646855,3.30129704188212,8.2532426047053,,,,7.694828050970582,5.1298853673137215,17.099617891045735,11.522441619185408,4.526673493251411,2.4690946326825873,2.0517883267338517,2.0517883267338517,16.414306613870814,5.3297023319817,1.229931307380392,9.019496254122876,2.0682999685394448,0.8273199874157777,1.2409799811236668,2.849438503287784,2.442375859960958,0.8141252866536527,0.8139740493430492,3.2558961973721967,0.8139740493430492,0.40981946508553546,0.20490973254276773,9.425847696967315,2.452105981760284,2.0434216514669035,2.0434216514669035,0.8142308493270427,0.20355771233176068,9.77077019192451,8.193371544592335,4.916022926755402,7.374034390133102
2021-11-21,2.882743892953263,9.471872791132151,4.941846673634165,3.2945644490894437,2.4709233368170826,12.780102010404086,0.8245227103486507,3.2980908413946026,2.888634911646855,3.30129704188212,11.141877516352155,,,,8.549808945522868,4.274904472761434,35.054216676643755,12.756988935526703,4.1151577211376456,3.2921261769101164,2.872503657427392,1.6414306613870813,31.18718256635454,9.429473356583006,1.639908409840523,10.6594046639634,2.8956199559552225,1.2409799811236668,1.2409799811236668,2.442375859960958,2.0353132166341315,0.8141252866536527,1.2209610740145738,3.2558961973721967,0.8139740493430492,0.40981946508553546,0.20490973254276773,11.065125557309457,3.2694746423470455,2.0434216514669035,1.6347373211735228,1.2213462739905638,0.20355771233176068,12.213462739905639,10.24171443074042,5.735360081214635,9.422377276281185
2021-11-28,2.882743892953263,7.412770010451247,3.7063850052256235,3.2945644490894437,2.059102780680902,11.543317944881109,0.8245227103486507,2.885829486220277,2.4759727814115906,2.888634911646855,7.015256213999506,,,,6.839847156418295,5.1298853673137215,7.694828050970582,10.287894302844114,3.703641949023881,2.0575788605688228,1.6414306613870813,2.0517883267338517,11.490014629709568,4.509748127061438,1.229931307380392,7.789564946742485,2.0682999685394448,0.8273199874157777,0.8273199874157777,2.0353132166341315,2.0353132166341315,0.8141252866536527,0.8139740493430492,2.4419221480291475,0.8139740493430492,0.40981946508553546,0.20490973254276773,9.016028231881782,2.0434216514669035,1.6347373211735228,2.0434216514669035,0.8142308493270427,0.20355771233176068,7.735193068606905,7.78370296736272,4.096685772296167,5.325691503985018
2021-12-05,2.882743892953263,11.119155015676872,3.7063850052256235,3.7063850052256235,2.4709233368170826,11.955579300055435,1.236784065522976,3.2980908413946026,2.4759727814115906,3.30129704188212,7.840580474470035,,,,7.694828050970582,5.1298853673137215,5.1298853673137215,11.110925847071643,3.703641949023881,2.4690946326825873,1.6414306613870813,2.0517883267338517,11.0796569643628,4.919725229521568,1.639908409840523,8.199542049202615,1.6546399748315554,0.8273199874157777,0.8273199874157777,2.442375859960958,2.442375859960958,0.8141252866536527,0.8139740493430492,2.4419221480291475,0.8139740493430492,0.40981946508553546,0.20490973254276773,9.016028231881782,2.0434216514669035,2.0434216514669035,1.6347373211735228,0.8142308493270427,0.40711542466352135,8.142308493270425,7.374034390133102,4.506354349525785,5.735360081214635
2021-12-12,2.882743892953263,9.471872791132151,3.7063850052256235,3.7063850052256235,2.4709233368170826,14.429147431101388,0.41226135517432533,3.7103521965689286,2.4759727814115906,3.30129704188212,7.840580474470035,,,,8.549808945522868,4.274904472761434,5.1298853673137215,11.110925847071643,4.1151577211376456,2.0575788605688228,2.0517883267338517,2.0517883267338517,12.31072996040311,4.919725229521568,2.0498855123006536,8.609519151662745,2.0682999685394448,0.8273199874157777,0.8273199874157777,2.442375859960958,2.442375859960958,0.8141252866536527,0.8139740493430492,2.848909172700672,0.8139740493430492,0.40981946508553546,0.20490973254276773,9.835667162052852,2.452105981760284,2.0434216514669035,2.0434216514669035,0.8142308493270427,0.40711542466352135,8.142308493270425,7.78370296736272,4.506354349525785,6.145028658444252
2021-12-19,2.882743892953263,11.119155015676872,4.941846673634165,3.7063850052256235,2.059102780680902,14.016886075927061,0.8245227103486507,3.7103521965689286,2.888634911646855,3.30129704188212,10.72921538611689,,,,9.404789840075155,4.274904472761434,6.839847156418295,13.168504707640466,4.938189265365175,2.880610404796352,2.0517883267338517,2.462145992080622,16.414306613870814,7.3795878442823515,2.0498855123006536,10.24942756150327,2.4819599622473336,1.2409799811236668,0.8273199874157777,2.442375859960958,2.442375859960958,0.8141252866536527,1.2209610740145738,3.2558961973721967,1.2209610740145738,0.40981946508553546,0.20490973254276773,11.884764487480528,2.860790312053665,2.0434216514669035,2.0434216514669035,1.2213462739905638,0.40711542466352135,9.77077019192451,11.061051585199655,7.374034390133102,7.78370296736272
2021-12-26,2.882743892953263,10.707334459540691,4.118205561361804,4.118205561361804,2.4709233368170826,14.429147431101388,0.8245227103486507,4.122613551743254,3.30129704188212,4.539283432587915,9.491228995411095,,,,5.984866261866007,5.1298853673137215,4.274904472761434,12.756988935526703,6.584252353820233,2.880610404796352,2.0517883267338517,2.462145992080622,12.31072996040311,4.919725229521568,1.639908409840523,9.429473356583006,2.0682999685394448,1.2409799811236668,1.2409799811236668,2.0353132166341315,2.442375859960958,1.221187929980479,0.8139740493430492,2.848909172700672,0.8139740493430492,0.40981946508553546,0.20490973254276773,11.065125557309457,2.0434216514669035,2.452105981760284,2.0434216514669035,0.8142308493270427,0.40711542466352135,10.177885616588034,9.832045853510804,4.916022926755402,5.735360081214635
2022-01-02,3.1201564569470754,13.520677980103994,4.680234685420613,4.160208609262767,2.6001303807892295,15.105430308783614,0.520876907199435,4.687892164794915,3.1157966754689075,4.673695013203361,7.7894916886722685,,,,7.696355083669807,6.841204518817604,4.275752824261003,13.502668156094341,4.674000515571118,2.596666953095066,2.083296130107979,3.124944195161968,13.020600813174868,6.249054902665386,2.603772876110578,9.894336929220195,2.0866055780941446,1.0433027890470723,1.0433027890470723,3.127581738995089,2.6063181158292412,1.0425272463316966,1.036004021856633,4.144016087426532,1.036004021856633,0.5202973033916479,0.26014865169582396,11.446540674616255,2.098055897994566,2.098055897994566,2.098055897994566,1.0348406485780974,0.25871016214452436,10.348406485780975,10.435679755474121,5.2178398777370605,8.348543804379297
2022-01-09,4.160208609262767,15.080756208577533,5.200260761578459,4.680234685420613,3.1201564569470754,17.70981484478079,1.04175381439887,5.20876907199435,3.1157966754689075,4.673695013203361,8.308791134583753,,,,7.696355083669807,6.841204518817604,3.420602259408802,13.502668156094341,4.674000515571118,2.596666953095066,2.083296130107979,3.124944195161968,12.499776780647872,5.728300327443271,2.083018300888462,10.415091504442312,2.0866055780941446,1.0433027890470723,1.0433027890470723,3.127581738995089,3.127581738995089,1.0425272463316966,1.036004021856633,5.1800201092831655,1.036004021856633,0.5202973033916479,0.0,10.926243371224608,2.098055897994566,2.6225698724932074,2.6225698724932074,1.0348406485780974,0.25871016214452436,9.830986161491925,9.913895767700415,5.739623865510766,8.348543804379297
2022-01-16,3.6401825331049213,14.560730132419685,4.680234685420613,4.160208609262767,3.1201564569470754,15.626307215983049,1.04175381439887,5.20876907199435,3.1157966754689075,4.673695013203361,7.7894916886722685,,,,7.696355083669807,6.841204518817604,3.420602259408802,14.022001546713355,4.674000515571118,2.596666953095066,2.083296130107979,2.604120162634974,13.020600813174868,6.249054902665386,2.603772876110578,9.894336929220195,2.0866055780941446,1.0433027890470723,1.0433027890470723,3.127581738995089,3.127581738995089,1.0425272463316966,1.036004021856633,4.144016087426532,1.036004021856633,0.5202973033916479,0.26014865169582396,10.926243371224608,2.098055897994566,2.098055897994566,2.098055897994566,1.0348406485780974,0.25871016214452436,10.348406485780975,9.913895767700415,5.739623865510766,8.348543804379297
2022-01-23,3.6401825331049213,15.600782284735379,5.200260761578459,4.680234685420613,2.6001303807892295,15.626307215983049,1.04175381439887,5.20876907199435,3.1157966754689075,4.673695013203361,7.7894916886722685,,,,8.551505648522006,6.841204518817604,3.420602259408802,12.464001374856315,4.674000515571118,2.596666953095066,2.604120162634974,2.604120162634974,12.499776780647872,6.249054902665386,2.083018300888462,9.894336929220195,2.0866055780941446,1.0433027890470723,1.0433027890470723,3.127581738995089,3.127581738995089,1.0425272463316966,1.036004021856633,4.144016087426532,1.036004021856633,0.5202973033916479,0.26014865169582396,10.405946067832959,2.098055897994566,2.6225698724932074,2.6225698724932074,1.0348406485780974,0.25871016214452436,10.865826810070024,9.392111779926708,5.2178398777370605,8.348543804379297
2022-01-30,3.6401825331049213,17.68088658936676,5.200260761578459,4.680234685420613,3.1201564569470754,15.105430308783614,0.520876907199435,5.20876907199435,3.1157966754689075,4.673695013203361,8.308791134583753,,,,8.551505648522006,6.841204518817604,3.420602259408802,12.464001374856315,4.674000515571118,3.1160003437140786,2.604120162634974,3.124944195161968,13.020600813174868,6.249054902665386,2.083018300888462,10.935846079664428,2.0866055780941446,1.0433027890470723,1.0433027890470723,3.127581738995089,3.127581738995089,1.0425272463316966,1.036004021856633,3.6260140764982154,1.036004021856633,0.5202973033916479,0.26014865169582396,10.405946067832959,2.098055897994566,2.098055897994566,2.6225698724932074,1.0348406485780974,0.25871016214452436,9.830986161491925,9.913895767700415,5.739623865510766,7.82675981660559
2022-02-06,3.6401825331049213,19.760990893998144,5.200260761578459,4.680234685420613,3.1201564569470754,15.626307215983049,1.04175381439887,5.20876907199435,3.1157966754689075,4.673695013203361,8.828090580495239,,,,8.551505648522006,6.841204518817604,2.5654516945566015,12.464001374856315,5.193333906190132,2.596666953095066,2.083296130107979,2.604120162634974,12.499776780647872,5.728300327443271,2.083018300888462,9.894336929220195,2.0866055780941446,1.0433027890470723,1.0433027890470723,3.127581738995089,3.127581738995089,1.0425272463316966,1.036004021856633,4.144016087426532,1.036004021856633,0.5202973033916479,0.26014865169582396,10.926243371224608,2.098055897994566,2.098055897994566,2.6225698724932074,1.0348406485780974,0.5174203242890487,9.830986161491925,9.913895767700415,5.739623865510766,7.82675981660559
2022-02-13,4.160208609262767,24.961251655576604,5.200260761578459,4.680234685420613,3.1201564569470754,14.584553401584179,1.04175381439887,4.687892164794915,3.1157966754689075,4.673695013203361,8.828090580495239,,,,8.551505648522006,9.406656213374207,2.5654516945566015,12.464001374856315,4.674000515571118,3.1160003437140786,2.083296130107979,2.604120162634974,13.541424845701862,5.728300327443271,2.083018300888462,9.894336929220195,2.0866055780941446,1.0433027890470723,1.0433027890470723,2.6063181158292412,3.127581738995089,1.0425272463316966,1.036004021856633,4.144016087426532,1.036004021856633,0.5202973033916479,0.26014865169582396,10.405946067832959,2.098055897994566,2.098055897994566,2.6225698724932074,1.0348406485780974,0.25871016214452436,9.313565837202878,9.392111779926708,6.261407853284473,7.304975828831886
2022-02-20,4.160208609262767,26.001303807892295,5.200260761578459,5.200260761578459,3.6401825331049213,14.584553401584179,1.04175381439887,4.687892164794915,3.1157966754689075,4.673695013203361,9.347390026406721,,,,7.696355083669807,7.696355083669807,3.420602259408802,12.464001374856315,4.674000515571118,3.1160003437140786,2.083296130107979,2.604120162634974,12.499776780647872,5.728300327443271,2.083018300888462,9.373582353998081,2.0866055780941446,1.0433027890470723,1.0433027890470723,3.127581738995089,3.127581738995089,1.0425272463316966,1.036004021856633,3.6260140764982154,1.036004021856633,0.5202973033916479,0.26014865169582396,10.926243371224608,2.098055897994566,2.098055897994566,2.098055897994566,1.0348406485780974,0.5174203242890487,9.313565837202878,8.870327792153002,5.2178398777370605,7.304975828831886
2022-02-27,4.160208609262767,49.92250331115321,5.720286837736306,5.720286837736306,3.6401825331049213,15.626307215983049,0.520876907199435,4.687892164794915,3.1157966754689075,4.673695013203361,8.828090580495239,,,,7.696355083669807,6.841204518817604,3.420602259408802,12.464001374856315,5.193333906190132,3.1160003437140786,2.083296130107979,2.604120162634974,12.499776780647872,6.249054902665386,2.083018300888462,9.894336929220195,2.0866055780941446,1.0433027890470723,1.5649541835706084,3.127581738995089,3.127581738995089,1.0425272463316966,1.036004021856633,4.144016087426532,1.036004021856633,0.5202973033916479,0.26014865169582396,10.926243371224608,2.098055897994566,2.098055897994566,2.6225698724932074,1.0348406485780974,0.5174203242890487,9.830986161491925,8.870327792153002,5.2178398777370605,7.304975828831886
2022-03-06,4.160208609262767,52.00260761578459,5.720286837736306,5.200260761578459,3.6401825331049213,14.584553401584179,1.04175381439887,5.20876907199435,3.1157966754689075,6.7508927968493,9.347390026406721,,,,7.696355083669807,6.841204518817604,3.420602259408802,11.425334593618288,5.193333906190132,3.1160003437140786,2.083296130107979,2.604120162634974,13.020600813174868,6.249054902665386,2.083018300888462,9.373582353998081,2.0866055780941446,1.0433027890470723,1.0433027890470723,3.127581738995089,2.6063181158292412,1.0425272463316966,1.036004021856633,3.6260140764982154,1.036004021856633,0.5202973033916479,0.26014865169582396,10.405946067832959,2.098055897994566,2.6225698724932074,2.6225698724932074,1.0348406485780974,0.5174203242890487,9.313565837202878,8.348543804379297,5.2178398777370605,7.304975828831886
2022-03-13,4.160208609262767,27.041355960207987,6.240312913894151,5.200260761578459,3.6401825331049213,15.105430308783614,1.04175381439887,5.20876907199435,3.1157966754689075,22.32987617419384,9.866689472318207,,,,7.696355083669807,5.9860539539654045,3.420602259408802,12.464001374856315,4.674000515571118,3.1160003437140786,2.083296130107979,2.604120162634974,13.541424845701862,6.7698094778875015,2.083018300888462,9.373582353998081,2.0866055780941446,1.0433027890470723,1.0433027890470723,2.6063181158292412,2.6063181158292412,1.0425272463316966,1.036004021856633,3.6260140764982154,1.036004021856633,0.5202973033916479,0.26014865169582396,11.446540674616255,2.098055897994566,2.098055897994566,2.098055897994566,1.0348406485780974,0.5174203242890487,9.313565837202878,8.870327792153002,5.2178398777370605,6.783191841058179
2022-03-20,4.160208609262767,14.040704056261841,6.760338990051997,5.720286837736306,3.6401825331049213,15.626307215983049,0.520876907199435,5.20876907199435,3.635096121380392,6.231593350937815,10.385988918229693,,,,7.696355083669807,6.841204518817604,3.420602259408802,12.464001374856315,5.193333906190132,3.1160003437140786,2.083296130107979,3.124944195161968,12.499776780647872,6.249054902665386,2.603772876110578,9.373582353998081,2.0866055780941446,1.0433027890470723,1.5649541835706084,2.6063181158292412,2.6063181158292412,1.5637908694975444,1.036004021856633,3.6260140764982154,1.036004021856633,0.5202973033916479,0.26014865169582396,11.966837978007902,2.098055897994566,2.6225698724932074,2.6225698724932074,1.0348406485780974,0.25871016214452436,8.79614551291383,8.870327792153002,5.2178398777370605,7.304975828831886
2022-03-27,4.680234685420613,11.960599751630458,6.240312913894151,6.240312913894151,4.160208609262767,16.66806103038192,1.04175381439887,4.687892164794915,3.1157966754689075,4.154395567291877,9.866689472318207,,,,11.116957343078608,6.841204518817604,3.420602259408802,12.464001374856315,5.193333906190132,3.1160003437140786,2.083296130107979,2.604120162634974,12.499776780647872,6.249054902665386,2.603772876110578,8.332073203553849,2.0866055780941446,1.0433027890470723,1.0433027890470723,2.6063181158292412,2.6063181158292412,1.0425272463316966,1.036004021856633,3.6260140764982154,1.036004021856633,0.5202973033916479,0.26014865169582396,10.926243371224608,2.098055897994566,2.6225698724932074,2.6225698724932074,1.0348406485780974,0.25871016214452436,9.313565837202878,8.870327792153002,5.2178398777370605,6.783191841058179
2022-04-03,4.680234685420613,10.920547599314764,7.8003911423676895,6.240312913894151,4.160208609262767,16.66806103038192,1.04175381439887,5.20876907199435,3.1157966754689075,4.154395567291877,11.42458781005266,,,,8.551505648522006,6.841204518817604,3.420602259408802,11.944667984237302,5.193333906190132,3.635333734333092,2.083296130107979,2.604120162634974,12.499776780647872,6.7698094778875015,2.083018300888462,8.852827778775964,2.0866055780941446,1.0433027890470723,1.0433027890470723,3.127581738995089,2.6063181158292412,1.0425272463316966,1.5540060327849494,3.6260140764982154,1.036004021856633,0.5202973033916479,0.26014865169582396,10.926243371224608,2.098055897994566,2.098055897994566,2.6225698724932074,1.0348406485780974,0.25871016214452436,8.79614551291383,8.348543804379297,5.2178398777370605,6.783191841058179
2022-04-10,4.680234685420613,11.960599751630458,9.360469370841226,6.240312913894151,4.160208609262767,16.66806103038192,1.04175381439887,5.20876907199435,3.1157966754689075,4.154395567291877,12.982486147787114,,,,7.696355083669807,7.696355083669807,3.420602259408802,13.502668156094341,5.712667296809144,3.635333734333092,2.083296130107979,2.604120162634974,15.624720975809844,9.373582353998081,1.5622637256663465,8.852827778775964,2.0866055780941446,1.0433027890470723,1.5649541835706084,3.127581738995089,3.127581738995089,1.0425272463316966,1.5540060327849494,3.6260140764982154,1.5540060327849494,0.5202973033916479,0.26014865169582396,13.527729888182845,2.6225698724932074,2.6225698724932074,2.6225698724932074,1.5522609728671464,0.25871016214452436,9.830986161491925,8.870327792153002,5.739623865510766,7.82675981660559
2022-04-17,5.200260761578459,11.960599751630458,9.880495446999072,6.240312913894151,5.200260761578459,16.147184123182488,1.04175381439887,4.687892164794915,3.635096121380392,3.635096121380392,11.42458781005266,,,,7.696355083669807,5.9860539539654045,2.5654516945566015,12.983334765475327,5.193333906190132,3.635333734333092,2.083296130107979,2.604120162634974,13.541424845701862,7.811318628331732,2.083018300888462,8.852827778775964,2.0866055780941446,1.0433027890470723,1.5649541835706084,3.127581738995089,2.6063181158292412,1.0425272463316966,1.5540060327849494,3.108012065569899,1.5540060327849494,0.5202973033916479,0.26014865169582396,11.446540674616255,2.098055897994566,2.6225698724932074,2.098055897994566,1.0348406485780974,0.25871016214452436,8.79614551291383,8.870327792153002,4.696055889963354,7.304975828831886
2022-04-24,5.200260761578459,10.920547599314764,9.360469370841226,6.760338990051997,5.720286837736306,16.147184123182488,1.04175381439887,4.16701525759548,3.635096121380392,3.635096121380392,10.905288364141175,,,,7.696355083669807,6.841204518817604,3.420602259408802,12.464001374856315,5.193333906190132,4.1546671249521046,2.083296130107979,2.604120162634974,14.062248878228859,5.728300327443271,1.5622637256663465,8.852827778775964,2.0866055780941446,1.0433027890470723,1.5649541835706084,3.6488453621609382,3.127581738995089,1.0425272463316966,1.5540060327849494,3.108012065569899,1.5540060327849494,0.5202973033916479,0.26014865169582396,10.926243371224608,2.098055897994566,2.6225698724932074,2.098055897994566,1.0348406485780974,0.25871016214452436,8.79614551291383,8.348543804379297,4.696055889963354,6.261407853284473
2022-05-01,5.200260761578459,10.400521523156918,8.320417218525535,7.280365066209843,6.760338990051997,17.188937937581354,1.04175381439887,2.604384535997175,4.154395567291877,3.635096121380392,10.905288364141175,,,,7.696355083669807,6.841204518817604,2.5654516945566015,12.464001374856315,5.193333906190132,4.1546671249521046,2.083296130107979,3.124944195161968,15.103896943282846,5.207545752221156,1.5622637256663465,8.332073203553849,2.0866055780941446,1.0433027890470723,1.5649541835706084,3.6488453621609382,2.6063181158292412,1.0425272463316966,1.5540060327849494,3.108012065569899,1.036004021856633,0.5202973033916479,0.0,12.48713528139955,1.5735419234959243,2.6225698724932074,2.6225698724932074,1.0348406485780974,0.25871016214452436,8.79614551291383,8.348543804379297,4.696055889963354,5.739623865510766
2022-05-08,5.720286837736306,8.84044329468338,7.8003911423676895,7.8003911423676895,7.280365066209843,16.66806103038192,1.04175381439887,2.604384535997175,3.635096121380392,3.635096121380392,10.905288364141175,,,,7.696355083669807,6.841204518817604,2.5654516945566015,12.464001374856315,5.193333906190132,4.1546671249521046,2.083296130107979,3.124944195161968,15.103896943282846,5.207545752221156,1.5622637256663465,9.373582353998081,2.0866055780941446,1.0433027890470723,1.5649541835706084,3.127581738995089,3.127581738995089,1.0425272463316966,2.072008043713266,3.6260140764982154,1.036004021856633,0.5202973033916479,0.26014865169582396,10.926243371224608,2.098055897994566,2.6225698724932074,2.6225698724932074,1.0348406485780974,0.5174203242890487,8.79614551291383,8.348543804379297,4.696055889963354,6.261407853284473
2022-05-15,6.240312913894151,8.84044329468338,6.760338990051997,8.84044329468338,8.320417218525535,16.147184123182488,1.04175381439887,2.604384535997175,4.154395567291877,3.1157966754689075,11.42458781005266,,,,7.696355083669807,6.841204518817604,3.420602259408802,12.464001374856315,5.193333906190132,4.1546671249521046,2.083296130107979,2.604120162634974,14.583072910755853,5.728300327443271,1.5622637256663465,8.332073203553849,2.0866055780941446,1.0433027890470723,1.5649541835706084,4.170108985326786,3.127581738995089,1.0425272463316966,2.072008043713266,3.108012065569899,1.5540060327849494,0.5202973033916479,0.26014865169582396,11.446540674616255,2.098055897994566,2.6225698724932074,2.6225698724932074,1.0348406485780974,0.25871016214452436,8.79614551291383,8.870327792153002,4.696055889963354,6.261407853284473
2022-05-22,6.240312913894151,8.320417218525535,6.240312913894151,8.84044329468338,9.360469370841226,18.230691751980224,1.04175381439887,2.604384535997175,3.1157966754689075,3.1157966754689075,11.943887255964146,,,,17.103011297044013,6.841204518817604,2.5654516945566015,12.983334765475327,5.193333906190132,5.193333906190132,2.083296130107979,2.604120162634974,15.624720975809844,5.207545752221156,2.083018300888462,8.332073203553849,2.0866055780941446,1.0433027890470723,1.5649541835706084,3.6488453621609382,3.127581738995089,1.0425272463316966,2.072008043713266,3.6260140764982154,1.5540060327849494,0.5202973033916479,0.26014865169582396,11.446540674616255,2.098055897994566,2.6225698724932074,2.6225698724932074,1.0348406485780974,0.5174203242890487,9.313565837202878,8.870327792153002,4.696055889963354,6.261407853284473
2022-05-29,6.240312913894151,11.960599751630458,6.760338990051997,8.84044329468338,11.440573675472612,18.230691751980224,1.04175381439887,3.12526144319661,3.1157966754689075,3.1157966754689075,12.46318670187563,,,,10.261806778226406,6.841204518817604,3.420602259408802,13.502668156094341,5.193333906190132,6.7513340780471705,2.083296130107979,2.604120162634974,17.187193073390826,5.207545752221156,1.5622637256663465,8.332073203553849,2.608256972617681,1.0433027890470723,1.5649541835706084,3.6488453621609382,3.127581738995089,1.0425272463316966,1.5540060327849494,3.108012065569899,1.5540060327849494,0.5202973033916479,0.26014865169582396,11.446540674616255,2.098055897994566,2.6225698724932074,2.6225698724932074,1.0348406485780974,0.25871016214452436,9.830986161491925,9.392111779926708,4.696055889963354,6.261407853284473
2022-06-05,6.240312913894151,11.440573675472612,6.760338990051997,9.880495446999072,10.400521523156918,18.75156865917966,1.04175381439887,5.729645979193785,3.635096121380392,3.1157966754689075,12.982486147787114,,,,10.261806778226406,6.841204518817604,3.420602259408802,13.502668156094341,5.193333906190132,6.7513340780471705,2.083296130107979,3.124944195161968,15.103896943282846,5.728300327443271,1.5622637256663465,8.332073203553849,2.0866055780941446,1.0433027890470723,1.5649541835706084,3.6488453621609382,3.127581738995089,1.0425272463316966,2.072008043713266,3.6260140764982154,1.5540060327849494,0.5202973033916479,0.26014865169582396,11.446540674616255,2.098055897994566,3.1470838469918485,2.6225698724932074,1.0348406485780974,0.25871016214452436,9.313565837202878,8.870327792153002,4.696055889963354,6.261407853284473
2022-06-12,6.240312913894151,13.000651903946148,6.760338990051997,9.880495446999072,10.400521523156918,16.66806103038192,1.04175381439887,5.20876907199435,3.635096121380392,3.635096121380392,11.943887255964146,,,,9.406656213374207,6.841204518817604,3.420602259408802,13.502668156094341,5.193333906190132,8.309334249904209,2.083296130107979,3.124944195161968,16.145545008336835,6.249054902665386,2.083018300888462,8.332073203553849,2.0866055780941446,1.0433027890470723,2.0866055780941446,3.6488453621609382,3.127581738995089,1.0425272463316966,2.072008043713266,3.6260140764982154,1.5540060327849494,0.5202973033916479,0.26014865169582396,11.966837978007902,1.5735419234959243,2.6225698724932074,2.6225698724932074,1.0348406485780974,0.25871016214452436,9.313565837202878,8.870327792153002,4.696055889963354,6.261407853284473
2022-06-19,6.240312913894151,11.440573675472612,6.760338990051997,11.440573675472612,10.920547599314764,18.75156865917966,1.04175381439887,5.20876907199435,3.635096121380392,3.1157966754689075,12.982486147787114,,,,9.406656213374207,6.841204518817604,3.420602259408802,13.502668156094341,4.674000515571118,8.828667640523223,2.083296130107979,3.124944195161968,16.145545008336835,5.207545752221156,1.5622637256663465,8.332073203553849,2.608256972617681,1.0433027890470723,2.0866055780941446,3.6488453621609382,3.127581738995089,1.0425272463316966,1.5540060327849494,3.6260140764982154,1.5540060327849494,0.5202973033916479,0.0,11.966837978007902,2.098055897994566,3.1470838469918485,2.6225698724932074,1.0348406485780974,0.25871016214452436,9.830986161491925,9.392111779926708,4.696055889963354,6.783191841058179
2022-06-26,6.240312913894151,11.960599751630458,6.760338990051997,13.000651903946148,11.440573675472612,17.70981484478079,1.04175381439887,6.25052288639322,3.635096121380392,3.635096121380392,12.982486147787114,,,,9.406656213374207,7.696355083669807,3.420602259408802,14.022001546713355,5.712667296809144,8.309334249904209,2.083296130107979,2.604120162634974,17.187193073390826,5.728300327443271,2.083018300888462,8.332073203553849,2.0866055780941446,1.0433027890470723,2.0866055780941446,3.6488453621609382,3.127581738995089,1.0425272463316966,1.5540060327849494,3.6260140764982154,2.072008043713266,0.5202973033916479,0.0,12.48713528139955,2.098055897994566,3.1470838469918485,2.6225698724932074,1.0348406485780974,0.25871016214452436,10.348406485780975,9.392111779926708,4.696055889963354,6.783191841058179
2022-07-03,6.242467834994527,14.565758281653897,6.762673487910738,13.005141322905265,13.525346975821476,18.249448785987024,1.0428256449135445,5.214128224567721,4.155586538891177,3.116689904168382,14.544552886119119,,,,9.523981026241527,7.142985769681144,3.968325427600636,15.060258916006907,5.193192729657555,8.828427640417843,2.083598077489701,2.6044975968621262,19.79418173615216,5.2118952052961225,1.5635685615888364,8.339032328473795,2.089509312321872,1.044754656160936,2.089509312321872,3.1290485320666988,2.607540443388915,1.0430161773555662,1.554615862201297,3.109231724402594,2.0728211496017295,0.5202798771217453,0.26013993856087264,13.006996928043632,2.0997185730696355,2.6246482163370444,2.6246482163370444,1.0348381290603643,0.5174190645301822,13.970314742314919,9.3928111911013,4.174582751600577,6.2618741274008665
2022-07-10,5.722262182078317,14.045552628737687,5.722262182078317,10.924318711240423,9.363701752491792,16.163797496159937,1.0428256449135445,5.214128224567721,3.6361382215297797,3.116689904168382,11.427862981950735,,,,9.523981026241527,7.936650855201272,3.968325427600636,13.502301097109644,5.193192729657555,7.789789094486332,2.083598077489701,2.6044975968621262,14.58518654242791,5.2118952052961225,1.5635685615888364,8.339032328473795,2.089509312321872,1.044754656160936,2.089509312321872,3.650556620744481,3.1290485320666988,1.0430161773555662,1.554615862201297,3.6274370118030266,2.591026437002162,0.5202798771217453,0.0,13.006996928043632,2.0997185730696355,2.6246482163370444,2.6246482163370444,1.0348381290603643,0.5174190645301822,9.31354316154328,9.3928111911013,4.69640559555065,6.2618741274008665
2022-07-17,5.202056529162107,13.525346975821476,5.202056529162107,9.883907405408001,8.323290446659371,16.68521031861671,1.0428256449135445,5.214128224567721,3.6361382215297797,3.116689904168382,12.466759616673528,,,,9.523981026241527,7.936650855201272,4.761990513120764,15.579578188972665,5.193192729657555,8.309108367452088,2.083598077489701,2.6044975968621262,14.58518654242791,5.2118952052961225,1.5635685615888364,8.860221849003407,2.6118866404023398,1.044754656160936,2.089509312321872,4.172064709422265,3.1290485320666988,1.0430161773555662,1.0364105748008647,3.109231724402594,2.0728211496017295,0.5202798771217453,0.26013993856087264,11.966437173800141,2.0997185730696355,3.1495778596044537,2.6246482163370444,1.0348381290603643,0.5174190645301822,9.31354316154328,8.870988347151227,4.69640559555065,6.2618741274008665
2022-07-24,5.722262182078317,13.005141322905265,6.242467834994527,8.323290446659371,7.282879140826949,16.163797496159937,1.0428256449135445,5.214128224567721,3.6361382215297797,3.6361382215297797,11.947311299312133,,,,8.730315940721399,7.936650855201272,4.761990513120764,14.021620370075398,5.71251200262331,7.789789094486332,2.083598077489701,2.6044975968621262,14.58518654242791,5.733084725825734,1.5635685615888364,8.339032328473795,2.6118866404023398,1.044754656160936,1.5671319842414038,4.172064709422265,3.1290485320666988,1.0430161773555662,1.0364105748008647,3.6274370118030266,2.0728211496017295,0.5202798771217453,0.0,11.966437173800141,2.0997185730696355,2.6246482163370444,2.6246482163370444,1.0348381290603643,0.5174190645301822,9.31354316154328,9.3928111911013,4.69640559555065,6.783696971350938
2022-07-31,5.202056529162107,13.005141322905265,6.242467834994527,8.323290446659371,7.80308479374316,17.72803596353025,0.5214128224567722,5.214128224567721,3.6361382215297797,3.116689904168382,11.427862981950735,,,,8.730315940721399,7.936650855201272,6.349320684161017,14.540939643041154,5.71251200262331,7.789789094486332,2.083598077489701,2.6044975968621262,14.064287023055483,5.733084725825734,1.5635685615888364,7.8178428079441815,2.089509312321872,1.044754656160936,2.089509312321872,3.650556620744481,3.650556620744481,1.0430161773555662,1.0364105748008647,3.6274370118030266,2.0728211496017295,0.5202798771217453,0.26013993856087264,13.006996928043632,2.0997185730696355,2.6246482163370444,2.6246482163370444,1.0348381290603643,0.5174190645301822,9.31354316154328,8.870988347151227,4.69640559555065,6.783696971350938
2022-08-07,4.681850876245896,11.964730017072846,5.722262182078317,6.762673487910738,6.242467834994527,15.120971851246392,1.0428256449135445,5.214128224567721,3.6361382215297797,3.6361382215297797,10.38896634722794,,,,9.523981026241527,7.142985769681144,7.142985769681144,13.502301097109644,5.193192729657555,7.270469821520577,1.5626985581172759,2.6044975968621262,14.064287023055483,6.254274246355346,1.5635685615888364,7.8178428079441815,2.089509312321872,1.044754656160936,1.5671319842414038,3.650556620744481,3.1290485320666988,1.0430161773555662,1.0364105748008647,3.109231724402594,1.554615862201297,0.5202798771217453,0.0,11.446157296678397,2.0997185730696355,2.6246482163370444,2.0997185730696355,1.0348381290603643,0.2587095322650911,9.31354316154328,9.91463403505137,4.69640559555065,7.30551981530101
2022-08-14,4.681850876245896,11.444524364156633,5.722262182078317,6.762673487910738,6.762673487910738,16.163797496159937,1.0428256449135445,5.214128224567721,3.6361382215297797,3.6361382215297797,10.908414664589339,,,,8.730315940721399,7.142985769681144,10.317646111761652,12.982981824143888,6.231831275589066,6.751150548554822,2.083598077489701,2.6044975968621262,14.58518654242791,5.733084725825734,1.5635685615888364,7.8178428079441815,2.089509312321872,1.044754656160936,1.5671319842414038,3.650556620744481,3.1290485320666988,1.0430161773555662,1.554615862201297,3.6274370118030266,2.0728211496017295,0.5202798771217453,0.26013993856087264,11.446157296678397,2.0997185730696355,2.6246482163370444,2.6246482163370444,1.0348381290603643,0.5174190645301822,9.31354316154328,9.3928111911013,4.69640559555065,6.783696971350938
2022-08-21,4.681850876245896,10.924318711240423,6.242467834994527,6.762673487910738,6.242467834994527,18.249448785987024,1.0428256449135445,5.214128224567721,3.6361382215297797,3.6361382215297797,9.869518029866542,,,,9.523981026241527,7.936650855201272,11.904976282801908,12.463662551178132,6.231831275589066,6.231831275589066,2.083598077489701,3.1253971162345517,17.71058365866246,5.733084725825734,1.5635685615888364,8.339032328473795,2.089509312321872,1.044754656160936,1.5671319842414038,3.650556620744481,3.1290485320666988,1.0430161773555662,1.0364105748008647,3.6274370118030266,2.0728211496017295,0.5202798771217453,0.26013993856087264,11.446157296678397,2.0997185730696355,2.6246482163370444,2.6246482163370444,1.0348381290603643,0.5174190645301822,9.31354316154328,8.870988347151227,4.69640559555065,6.783696971350938
2022-08-28,4.681850876245896,10.404113058324214,5.202056529162107,6.242467834994527,5.202056529162107,15.642384673703166,1.0428256449135445,5.214128224567721,3.116689904168382,3.6361382215297797,9.350069712505148,,,,9.523981026241527,7.142985769681144,15.079636624882417,11.944343278212376,6.231831275589066,6.231831275589066,2.083598077489701,2.6044975968621262,19.273282216779734,5.733084725825734,1.5635685615888364,8.339032328473795,2.089509312321872,1.044754656160936,1.5671319842414038,3.1290485320666988,3.1290485320666988,1.0430161773555662,1.0364105748008647,3.6274370118030266,1.554615862201297,0.5202798771217453,0.26013993856087264,10.92587741955665,2.0997185730696355,2.6246482163370444,2.0997185730696355,1.0348381290603643,0.5174190645301822,9.31354316154328,8.870988347151227,4.69640559555065,6.783696971350938
2022-09-04,4.681850876245896,10.404113058324214,5.202056529162107,5.722262182078317,5.722262182078317,15.120971851246392,0.5214128224567722,4.69271540211095,3.116689904168382,3.116689904168382,9.350069712505148,,,,8.730315940721399,7.142985769681144,14.285971539362288,11.944343278212376,5.71251200262331,5.71251200262331,2.083598077489701,2.6044975968621262,21.87777981364186,5.2118952052961225,1.5635685615888364,8.339032328473795,2.089509312321872,1.044754656160936,1.5671319842414038,3.1290485320666988,2.607540443388915,1.0430161773555662,1.0364105748008647,3.6274370118030266,1.554615862201297,0.5202798771217453,0.0,11.446157296678397,1.5747889298022268,2.6246482163370444,2.6246482163370444,1.0348381290603643,0.5174190645301822,8.796124097013097,9.3928111911013,4.69640559555065,6.2618741274008665
2022-09-11,4.681850876245896,9.883907405408001,4.681850876245896,5.202056529162107,4.1616452233296855,14.59955902878962,1.0428256449135445,5.214128224567721,3.116689904168382,3.6361382215297797,9.350069712505148,,,,8.730315940721399,7.142985769681144,18.254296966962926,11.42502400524662,6.231831275589066,5.193192729657555,2.083598077489701,2.6044975968621262,17.71058365866246,5.733084725825734,1.5635685615888364,7.8178428079441815,2.6118866404023398,1.044754656160936,1.5671319842414038,3.1290485320666988,3.1290485320666988,1.0430161773555662,1.0364105748008647,3.6274370118030266,1.554615862201297,0.5202798771217453,0.26013993856087264,10.405597542434906,1.5747889298022268,2.6246482163370444,2.0997185730696355,1.0348381290603643,0.5174190645301822,9.31354316154328,8.870988347151227,4.69640559555065,6.783696971350938
2022-09-18,4.1616452233296855,9.883907405408001,4.681850876245896,4.681850876245896,4.1616452233296855,14.59955902878962,1.0428256449135445,4.69271540211095,3.116689904168382,3.6361382215297797,8.83062139514375,,,,8.730315940721399,6.349320684161017,20.635292223523305,11.42502400524662,5.71251200262331,4.154554183726044,2.083598077489701,2.6044975968621262,17.71058365866246,5.2118952052961225,1.5635685615888364,7.8178428079441815,2.089509312321872,1.044754656160936,1.5671319842414038,3.1290485320666988,2.607540443388915,0.5215080886777831,1.0364105748008647,3.109231724402594,1.554615862201297,0.5202798771217453,0.26013993856087264,10.405597542434906,1.5747889298022268,2.6246482163370444,2.0997185730696355,1.0348381290603643,0.2587095322650911,8.796124097013097,8.870988347151227,4.174582751600577,6.2618741274008665
2022-09-25,3.1212339174972636,7.80308479374316,4.1616452233296855,4.1616452233296855,3.1212339174972636,14.078146206332848,1.0428256449135445,4.171302579654178,2.597241586806985,3.116689904168382,7.2722764430595594,,,,7.936650855201272,5.55565559864089,21.428957309043433,10.38638545931511,4.6738734566918,3.6352349107602886,1.5626985581172759,2.083598077489701,19.273282216779734,4.69070568476651,1.0423790410592244,6.775463766884958,2.089509312321872,1.044754656160936,1.044754656160936,2.607540443388915,2.607540443388915,0.5215080886777831,0.5182052874004324,2.591026437002162,1.0364105748008647,0.5202798771217453,0.0,8.84475791106967,1.5747889298022268,2.0997185730696355,2.0997185730696355,1.0348381290603643,0.5174190645301822,8.278705032482915,8.349165503201155,3.652759907650505,4.69640559555065
2022-10-02,3.6414395704134743,8.84349609957558,4.1616452233296855,4.1616452233296855,3.1212339174972636,15.120971851246392,1.0428256449135445,4.69271540211095,2.597241586806985,3.6361382215297797,7.791724760420956,,,,8.730315940721399,7.142985769681144,39.68325427600636,10.38638545931511,5.193192729657555,3.6352349107602886,2.083598077489701,2.6044975968621262,18.231483178034885,5.2118952052961225,1.5635685615888364,7.8178428079441815,2.089509312321872,1.044754656160936,1.044754656160936,3.1290485320666988,2.607540443388915,1.0430161773555662,1.0364105748008647,3.109231724402594,1.554615862201297,0.5202798771217453,0.26013993856087264,10.405597542434906,2.0997185730696355,2.0997185730696355,2.0997185730696355,1.0348381290603643,0.5174190645301822,8.796124097013097,8.349165503201155,4.174582751600577,6.783696971350938
2022-10-09,4.1616452233296855,9.363701752491792,4.681850876245896,4.1616452233296855,3.1212339174972636,15.120971851246392,1.0428256449135445,4.69271540211095,3.116689904168382,4.155586538891177,8.311173077782353,,,,9.523981026241527,6.349320684161017,52.381895644328395,11.42502400524662,5.71251200262331,4.154554183726044,2.083598077489701,2.6044975968621262,20.31508125552459,5.2118952052961225,1.5635685615888364,8.339032328473795,2.089509312321872,1.044754656160936,1.044754656160936,2.607540443388915,3.1290485320666988,1.0430161773555662,1.0364105748008647,2.591026437002162,1.554615862201297,0.5202798771217453,0.26013993856087264,10.405597542434906,2.0997185730696355,2.0997185730696355,2.0997185730696355,1.0348381290603643,0.2587095322650911,9.31354316154328,8.870988347151227,4.69640559555065,6.2618741274008665
2022-10-16,3.6414395704134743,9.363701752491792,4.681850876245896,4.1616452233296855,3.1212339174972636,16.163797496159937,1.0428256449135445,5.214128224567721,2.597241586806985,4.155586538891177,8.311173077782353,,,,8.730315940721399,6.349320684161017,66.66786718369067,14.021620370075398,5.193192729657555,3.115915637794533,2.083598077489701,3.1253971162345517,19.79418173615216,5.733084725825734,1.5635685615888364,8.339032328473795,2.089509312321872,1.044754656160936,1.044754656160936,3.1290485320666988,2.607540443388915,1.0430161773555662,1.0364105748008647,3.109231724402594,1.0364105748008647,0.5202798771217453,0.26013993856087264,10.405597542434906,2.0997185730696355,2.0997185730696355,2.0997185730696355,1.0348381290603643,0.2587095322650911,9.31354316154328,8.870988347151227,4.69640559555065,6.783696971350938
2022-10-23,4.1616452233296855,9.363701752491792,5.202056529162107,4.1616452233296855,3.1212339174972636,17.20662314107348,1.0428256449135445,4.69271540211095,3.116689904168382,4.155586538891177,8.311173077782353,,,,9.523981026241527,6.349320684161017,79.36650855201272,11.42502400524662,5.193192729657555,3.6352349107602886,2.083598077489701,2.6044975968621262,19.79418173615216,6.254274246355346,1.5635685615888364,8.860221849003407,2.089509312321872,1.044754656160936,1.044754656160936,2.607540443388915,2.607540443388915,1.0430161773555662,1.0364105748008647,3.109231724402594,1.0364105748008647,0.5202798771217453,0.26013993856087264,10.405597542434906,2.0997185730696355,2.0997185730696355,2.0997185730696355,1.0348381290603643,0.5174190645301822,9.83096222607346,8.870988347151227,4.69640559555065,6.2618741274008665
2022-10-30,3.6414395704134743,8.84349609957558,4.681850876245896,4.1616452233296855,3.1212339174972636,15.120971851246392,1.0428256449135445,4.171302579654178,2.597241586806985,3.6361382215297797,8.311173077782353,,,,9.523981026241527,5.55565559864089,50.00090038776801,10.905704732280867,5.193192729657555,3.115915637794533,2.083598077489701,2.6044975968621262,16.66878461991761,5.733084725825734,1.5635685615888364,8.339032328473795,2.089509312321872,1.044754656160936,1.044754656160936,2.607540443388915,2.607540443388915,1.0430161773555662,1.0364105748008647,3.109231724402594,1.0364105748008647,0.5202798771217453,0.26013993856087264,9.885317665313162,2.0997185730696355,2.6246482163370444,2.0997185730696355,1.0348381290603643,0.5174190645301822,8.796124097013097,8.870988347151227,4.69640559555065,6.783696971350938
2022-11-06,3.1212339174972636,8.84349609957558,4.681850876245896,4.1616452233296855,2.6010282645810534,13.556733383876075,1.0428256449135445,4.171302579654178,2.597241586806985,4.155586538891177,7.791724760420956,,,,9.523981026241527,6.349320684161017,14.285971539362288,11.42502400524662,4.6738734566918,3.115915637794533,2.083598077489701,2.6044975968621262,14.064287023055483,5.733084725825734,1.5635685615888364,8.339032328473795,2.089509312321872,1.044754656160936,1.044754656160936,2.607540443388915,2.607540443388915,1.0430161773555662,1.0364105748008647,2.591026437002162,1.0364105748008647,0.5202798771217453,0.26013993856087264,9.885317665313162,2.0997185730696355,2.0997185730696355,2.0997185730696355,1.0348381290603643,0.5174190645301822,9.83096222607346,9.3928111911013,4.69640559555065,6.2618741274008665
2022-11-13,3.1212339174972636,9.883907405408001,5.202056529162107,3.6414395704134743,3.1212339174972636,13.556733383876075,1.0428256449135445,4.171302579654178,3.116689904168382,3.6361382215297797,8.311173077782353,,,,9.523981026241527,5.55565559864089,17.460631881442797,10.905704732280867,4.6738734566918,3.115915637794533,2.083598077489701,2.6044975968621262,17.71058365866246,6.775463766884958,1.5635685615888364,9.38141136953302,2.6118866404023398,1.044754656160936,1.044754656160936,2.607540443388915,2.607540443388915,1.0430161773555662,1.0364105748008647,2.591026437002162,1.0364105748008647,0.5202798771217453,0.26013993856087264,9.885317665313162,2.6246482163370444,2.0997185730696355,2.0997185730696355,1.0348381290603643,0.5174190645301822,10.348381290603642,9.91463403505137,5.218228439500722,7.827342659251082
2022-11-20,3.1212339174972636,10.404113058324214,5.722262182078317,4.681850876245896,2.6010282645810534,14.078146206332848,1.0428256449135445,3.649889757197405,3.116689904168382,3.6361382215297797,10.908414664589339,,,,10.317646111761652,4.761990513120764,36.50859393392585,12.982981824143888,4.6738734566918,5.193192729657555,3.6462966356069777,2.083598077489701,34.900267797952495,9.902600890062631,1.5635685615888364,11.98735897218108,3.1342639684828075,1.044754656160936,1.044754656160936,2.607540443388915,2.607540443388915,1.0430161773555662,1.0364105748008647,3.109231724402594,1.0364105748008647,0.5202798771217453,0.5202798771217453,11.446157296678397,3.6745075028718626,2.0997185730696355,2.0997185730696355,1.5522571935905467,0.5174190645301822,15.005152871375284,12.001925410851662,6.783696971350938,10.436456879001444
2022-11-27,3.1212339174972636,8.323290446659371,4.681850876245896,3.6414395704134743,2.6010282645810534,12.51390773896253,1.0428256449135445,3.649889757197405,2.597241586806985,3.116689904168382,6.752828125698161,,,,7.936650855201272,4.761990513120764,7.936650855201272,11.42502400524662,4.154554183726044,3.115915637794533,2.083598077489701,2.6044975968621262,13.022487984310635,4.69070568476651,2.084758082118449,8.860221849003407,2.089509312321872,1.044754656160936,1.044754656160936,2.0860323547111324,2.0860323547111324,1.0430161773555662,0.5182052874004324,2.0728211496017295,1.0364105748008647,0.5202798771217453,0.26013993856087264,9.885317665313162,2.0997185730696355,2.0997185730696355,1.5747889298022268,1.0348381290603643,0.5174190645301822,8.278705032482915,8.349165503201155,4.174582751600577,5.740051283450794
2022-12-04,3.1212339174972636,9.883907405408001,4.681850876245896,4.1616452233296855,2.6010282645810534,12.51390773896253,1.0428256449135445,3.649889757197405,2.597241586806985,3.6361382215297797,7.791724760420956,,,,8.730315940721399,4.761990513120764,5.55565559864089,10.905704732280867,4.154554183726044,2.5965963648287773,2.083598077489701,2.6044975968621262,12.501588464938207,4.69070568476651,2.084758082118449,8.860221849003407,2.6118866404023398,1.044754656160936,1.044754656160936,2.0860323547111324,2.607540443388915,1.0430161773555662,0.5182052874004324,2.0728211496017295,1.0364105748008647,0.5202798771217453,0.5202798771217453,10.405597542434906,2.6246482163370444,2.0997185730696355,2.0997185730696355,1.0348381290603643,0.5174190645301822,8.796124097013097,8.870988347151227,4.69640559555065,5.740051283450794
2022-12-11,3.1212339174972636,10.404113058324214,5.202056529162107,4.1616452233296855,2.6010282645810534,14.078146206332848,1.0428256449135445,3.1284769347406325,2.597241586806985,3.116689904168382,7.2722764430595594,,,,10.317646111761652,4.761990513120764,5.55565559864089,11.42502400524662,4.6738734566918,3.115915637794533,2.083598077489701,2.083598077489701,13.543387503683059,5.2118952052961225,2.084758082118449,9.38141136953302,2.6118866404023398,1.044754656160936,1.044754656160936,2.0860323547111324,2.607540443388915,1.0430161773555662,1.0364105748008647,2.591026437002162,1.0364105748008647,0.5202798771217453,0.26013993856087264,10.92587741955665,2.6246482163370444,2.0997185730696355,2.0997185730696355,1.0348381290603643,0.5174190645301822,9.31354316154328,9.91463403505137,5.218228439500722,6.2618741274008665
2022-12-18,3.1212339174972636,11.444524364156633,5.202056529162107,4.1616452233296855,2.6010282645810534,15.120971851246392,1.0428256449135445,3.649889757197405,3.116689904168382,3.6361382215297797,9.869518029866542,,,,11.11131119728178,5.55565559864089,7.142985769681144,12.982981824143888,5.193192729657555,3.6352349107602886,2.083598077489701,2.083598077489701,16.147885100545185,7.2966532874145695,2.084758082118449,11.466169451651467,3.6566412965632753,1.044754656160936,1.044754656160936,2.0860323547111324,2.607540443388915,1.0430161773555662,1.0364105748008647,2.591026437002162,1.554615862201297,0.5202798771217453,0.5202798771217453,13.006996928043632,3.1495778596044537,2.0997185730696355,2.0997185730696355,1.0348381290603643,0.5174190645301822,11.383219419664007,10.958279722951515,7.827342659251082,8.870988347151227
2022-12-25,3.1212339174972636,11.444524364156633,4.681850876245896,4.1616452233296855,2.6010282645810534,16.163797496159937,1.0428256449135445,3.649889757197405,3.116689904168382,4.155586538891177,9.350069712505148,,,,8.730315940721399,5.55565559864089,4.761990513120764,13.502301097109644,7.270469821520577,3.6352349107602886,2.083598077489701,2.083598077489701,14.58518654242791,6.254274246355346,2.084758082118449,10.944979931121855,3.1342639684828075,1.044754656160936,1.044754656160936,2.0860323547111324,2.607540443388915,1.0430161773555662,1.0364105748008647,2.591026437002162,1.0364105748008647,0.5202798771217453,0.26013993856087264,12.486717050921888,2.6246482163370444,2.6246482163370444,2.0997185730696355,1.0348381290603643,0.5174190645301822,12.418057548724374,11.480102566901587,6.2618741274008665,6.783696971350938
2023-01-01,4.063965943686742,13.20788931698191,4.571961686647584,4.571961686647584,2.5399787148042137,16.223647245239864,1.0139779528274915,4.055911811309966,3.041729750868805,5.069549584781341,8.61823429412828,,,,8.727701749874365,6.347419454454084,3.9671371590338027,13.17478620329344,8.10756074048827,3.5470578239636184,2.548615083326019,2.548615083326019,12.743075416630095,6.117276464124283,2.039092154708094,10.705233812217495,3.013304546708215,1.0044348489027386,1.0044348489027386,2.5182652217349033,2.5182652217349033,1.0073060886939613,1.003565062391546,3.010695187174638,1.003565062391546,0.5024393448451036,0.2512196724225518,11.05366558659228,2.524041333845675,2.01923306707654,2.524041333845675,0.995554393315556,0.497777196657778,10.453321129813338,10.026731152209784,5.514702133715382,7.018711806546848
2023-01-08,4.063965943686742,13.20788931698191,5.079957429608427,4.571961686647584,3.0479744577650565,15.716658268826116,1.0139779528274915,4.562900787723711,3.548684709346939,4.562594626303207,8.111279335650147,,,,9.521129181681125,6.347419454454084,3.173709727227042,12.668063657012922,5.067225462805169,3.5470578239636184,2.548615083326019,3.058338099991223,12.743075416630095,6.117276464124283,2.039092154708094,10.195460773540471,2.511087122256846,1.0044348489027386,1.0044348489027386,3.021918266081884,3.021918266081884,1.0073060886939613,1.003565062391546,3.5124777183704103,1.003565062391546,0.5024393448451036,0.2512196724225518,11.05366558659228,2.524041333845675,2.01923306707654,2.524041333845675,0.995554393315556,0.497777196657778,10.951098326471115,9.525394594599295,5.013365576104892,7.520048364157338
2023-01-15,4.063965943686742,15.747868031786124,5.587953172569271,5.079957429608427,3.0479744577650565,16.223647245239864,1.0139779528274915,4.562900787723711,3.041729750868805,5.069549584781341,8.111279335650147,,,,9.521129181681125,7.140846886260844,3.173709727227042,12.161341110732405,5.067225462805169,3.5470578239636184,2.548615083326019,2.548615083326019,13.252798433295299,6.117276464124283,2.039092154708094,11.724779889571542,2.511087122256846,1.0044348489027386,1.0044348489027386,3.021918266081884,2.5182652217349033,1.0073060886939613,1.505347593587319,4.014260249566184,1.003565062391546,0.5024393448451036,0.2512196724225518,11.556104931437382,2.524041333845675,2.01923306707654,2.524041333845675,0.995554393315556,0.497777196657778,10.951098326471115,10.528067709820272,5.514702133715382,7.520048364157338
2023-01-22,4.063965943686742,16.255863774746967,5.587953172569271,5.079957429608427,3.0479744577650565,16.223647245239864,1.0139779528274915,4.562900787723711,3.041729750868805,4.055639667825074,9.125189252606415,,,,8.727701749874365,7.140846886260844,3.173709727227042,12.668063657012922,5.067225462805169,4.053780370244135,2.548615083326019,3.058338099991223,14.272244466625706,6.627049502801306,2.039092154708094,12.234552928248567,3.013304546708215,1.0044348489027386,1.5066522733541075,3.5255713104288646,2.5182652217349033,1.0073060886939613,1.505347593587319,4.516042780761956,1.003565062391546,0.5024393448451036,0.2512196724225518,14.0683016556629,2.524041333845675,2.01923306707654,2.524041333845675,0.995554393315556,0.248888598328889,10.453321129813338,10.528067709820272,5.514702133715382,8.021384921767826
2023-01-29,4.063965943686742,18.287846746590336,6.095948915530113,5.079957429608427,3.0479744577650565,15.209669292412372,1.0139779528274915,4.562900787723711,3.041729750868805,4.562594626303207,9.125189252606415,,,,9.521129181681125,7.140846886260844,3.173709727227042,12.161341110732405,5.067225462805169,4.053780370244135,2.0388920666608152,3.058338099991223,13.762521449960502,6.117276464124283,2.039092154708094,11.215006850894516,2.511087122256846,1.0044348489027386,1.5066522733541075,3.021918266081884,3.021918266081884,1.0073060886939613,1.505347593587319,4.516042780761956,1.505347593587319,0.5024393448451036,0.2512196724225518,11.556104931437382,2.524041333845675,2.524041333845675,2.524041333845675,0.995554393315556,0.248888598328889,10.453321129813338,10.528067709820272,5.013365576104892,8.021384921767826
2023-02-05,4.063965943686742,21.335821204355394,5.587953172569271,5.587953172569271,3.5559702007258993,15.209669292412372,1.0139779528274915,4.562900787723711,3.041729750868805,4.562594626303207,8.61823429412828,,,,9.521129181681125,6.347419454454084,3.173709727227042,12.668063657012922,5.573948009085686,4.053780370244135,2.0388920666608152,3.058338099991223,13.762521449960502,6.117276464124283,2.548865193385118,11.215006850894516,2.511087122256846,1.0044348489027386,1.0044348489027386,3.021918266081884,3.021918266081884,1.0073060886939613,1.505347593587319,4.516042780761956,1.505347593587319,0.5024393448451036,0.2512196724225518,11.556104931437382,2.01923306707654,2.524041333845675,2.524041333845675,0.995554393315556,0.497777196657778,10.453321129813338,10.528067709820272,5.514702133715382,8.021384921767826
2023-02-12,4.063965943686742,25.907782891002977,5.079957429608427,5.079957429608427,3.5559702007258993,15.716658268826116,1.0139779528274915,4.562900787723711,3.041729750868805,4.055639667825074,8.111279335650147,,,,9.521129181681125,6.347419454454084,3.173709727227042,11.65461856445189,4.560502916524651,4.053780370244135,2.548615083326019,3.058338099991223,14.272244466625706,5.607503425447258,2.548865193385118,10.705233812217495,2.511087122256846,1.0044348489027386,1.0044348489027386,3.021918266081884,2.5182652217349033,1.0073060886939613,1.003565062391546,5.017825311957729,1.505347593587319,0.5024393448451036,0.2512196724225518,11.05366558659228,2.01923306707654,2.524041333845675,2.524041333845675,0.995554393315556,0.248888598328889,9.955543933155559,10.528067709820272,5.514702133715382,7.520048364157338
2023-02-19,4.571961686647584,28.955757348768035,6.095948915530113,6.095948915530113,4.063965943686742,16.730636221653604,1.0139779528274915,4.562900787723711,3.548684709346939,4.562594626303207,9.125189252606415,,,,9.521129181681125,7.140846886260844,3.173709727227042,12.668063657012922,5.067225462805169,4.053780370244135,2.548615083326019,3.058338099991223,12.743075416630095,6.117276464124283,2.548865193385118,12.234552928248567,2.511087122256846,1.0044348489027386,1.5066522733541075,3.5255713104288646,3.021918266081884,1.0073060886939613,1.505347593587319,3.5124777183704103,1.505347593587319,0.5024393448451036,0.2512196724225518,11.556104931437382,2.524041333845675,2.524041333845675,2.524041333845675,0.995554393315556,0.497777196657778,9.955543933155559,10.026731152209784,5.013365576104892,7.520048364157338
2023-02-26,4.571961686647584,50.79957429608427,6.095948915530113,6.603944658490955,4.063965943686742,15.716658268826116,1.0139779528274915,4.562900787723711,3.041729750868805,5.069549584781341,9.125189252606415,,,,9.521129181681125,6.347419454454084,3.173709727227042,12.668063657012922,5.067225462805169,3.5470578239636184,2.0388920666608152,3.058338099991223,13.252798433295299,6.117276464124283,2.548865193385118,13.254099005602612,2.511087122256846,1.0044348489027386,1.5066522733541075,3.021918266081884,3.021918266081884,1.510959133040942,1.505347593587319,3.5124777183704103,1.505347593587319,0.5024393448451036,0.2512196724225518,13.063422965972693,2.01923306707654,2.524041333845675,2.524041333845675,0.995554393315556,0.995554393315556,9.955543933155559,10.026731152209784,5.013365576104892,7.520048364157338
2023-03-05,4.571961686647584,41.14765517982826,6.603944658490955,7.111940401451799,4.063965943686742,16.730636221653604,0.5069889764137457,4.562900787723711,4.055639667825074,6.590414460215745,10.646054128040818,,,,9.521129181681125,6.347419454454084,3.173709727227042,12.668063657012922,5.573948009085686,4.053780370244135,2.548615083326019,3.058338099991223,14.781967483290911,6.627049502801306,2.548865193385118,11.215006850894516,2.511087122256846,1.0044348489027386,1.5066522733541075,3.5255713104288646,3.021918266081884,1.0073060886939613,1.505347593587319,3.5124777183704103,1.505347593587319,0.5024393448451036,0.2512196724225518,12.56098362112759,2.01923306707654,2.524041333845675,2.524041333845675,0.995554393315556,1.493331589973334,10.453321129813338,10.026731152209784,5.514702133715382,7.520048364157338
2023-03-12,5.079957429608427,17.271855260668655,6.603944658490955,7.111940401451799,4.063965943686742,16.223647245239864,0.25349448820687287,4.055911811309966,4.055639667825074,22.812973131516035,10.139099169562682,,,,9.521129181681125,7.140846886260844,3.173709727227042,13.681508749573956,5.067225462805169,4.560502916524651,2.548615083326019,3.058338099991223,15.291690499956113,6.627049502801306,2.548865193385118,11.215006850894516,2.511087122256846,1.0044348489027386,1.5066522733541075,3.021918266081884,3.021918266081884,1.0073060886939613,1.505347593587319,3.010695187174638,1.505347593587319,0.5024393448451036,0.0,13.063422965972693,2.524041333845675,2.524041333845675,2.524041333845675,0.995554393315556,1.991108786631112,10.453321129813338,11.029404267430763,5.514702133715382,7.018711806546848
2023-03-19,5.079957429608427,13.715885059942753,7.111940401451799,6.603944658490955,4.063965943686742,17.237625198067352,0.25349448820687287,4.055911811309966,4.055639667825074,8.111279335650147,10.139099169562682,,,,9.521129181681125,6.347419454454084,3.173709727227042,13.681508749573956,6.080670555366202,4.560502916524651,2.548615083326019,3.058338099991223,15.291690499956113,7.13682254147833,2.039092154708094,11.215006850894516,3.013304546708215,1.0044348489027386,1.5066522733541075,3.021918266081884,3.021918266081884,1.0073060886939613,1.505347593587319,3.5124777183704103,2.007130124783092,0.5024393448451036,0.0,13.063422965972693,2.524041333845675,3.02884960061481,2.524041333845675,0.995554393315556,1.991108786631112,10.951098326471115,10.528067709820272,5.514702133715382,7.520048364157338
2023-03-26,5.079957429608427,14.223880802903597,7.111940401451799,6.603944658490955,4.571961686647584,16.730636221653604,0.25349448820687287,4.055911811309966,4.055639667825074,5.069549584781341,11.659964044997086,,,,9.521129181681125,6.347419454454084,3.173709727227042,14.188231295854473,6.080670555366202,4.560502916524651,2.0388920666608152,3.5680611166564264,14.272244466625706,7.13682254147833,2.039092154708094,10.705233812217495,2.511087122256846,1.0044348489027386,1.5066522733541075,3.5255713104288646,3.021918266081884,1.0073060886939613,1.505347593587319,3.010695187174638,1.505347593587319,0.5024393448451036,0.0,13.063422965972693,3.02884960061481,3.02884960061481,2.524041333845675,1.493331589973334,1.991108786631112,10.453321129813338,10.026731152209784,5.013365576104892,7.520048364157338
2023-04-02,5.587953172569271,13.715885059942753,8.635927630334328,7.61993614441264,5.587953172569271,19.77257008013608,0.25349448820687287,4.055911811309966,4.562594626303207,4.562594626303207,12.16691900347522,,,,9.521129181681125,6.347419454454084,3.173709727227042,15.708398934696023,6.080670555366202,5.067225462805169,2.548615083326019,3.5680611166564264,17.33058256661693,10.705233812217495,2.039092154708094,10.195460773540471,2.511087122256846,1.0044348489027386,1.5066522733541075,3.5255713104288646,3.021918266081884,1.510959133040942,2.007130124783092,3.5124777183704103,1.505347593587319,0.5024393448451036,0.0,13.565862310817797,2.524041333845675,3.02884960061481,2.524041333845675,1.493331589973334,1.991108786631112,11.946652719786671,10.528067709820272,6.016038691325869,8.522721479378315
2023-04-09,5.079957429608427,12.191897831060226,9.143923373295168,7.111940401451799,5.079957429608427,19.77257008013608,0.25349448820687287,3.54892283489622,4.055639667825074,4.562594626303207,11.153009086518951,,,,9.521129181681125,6.347419454454084,3.173709727227042,13.681508749573956,5.573948009085686,5.067225462805169,2.548615083326019,3.5680611166564264,15.801413516621317,8.156368618832376,2.039092154708094,9.175914696186425,2.511087122256846,1.0044348489027386,1.5066522733541075,3.021918266081884,3.021918266081884,1.510959133040942,1.505347593587319,3.010695187174638,1.505347593587319,0.5024393448451036,0.0,12.058544276282486,2.524041333845675,3.02884960061481,2.524041333845675,1.493331589973334,1.991108786631112,10.453321129813338,10.528067709820272,5.514702133715382,7.520048364157338
2023-04-16,6.095948915530113,12.191897831060226,10.667910602177697,8.635927630334328,6.603944658490955,17.7446141744811,0.25349448820687287,4.562900787723711,4.562594626303207,4.562594626303207,10.646054128040818,,,,9.521129181681125,6.347419454454084,3.173709727227042,13.681508749573956,5.573948009085686,5.067225462805169,2.548615083326019,3.5680611166564264,15.801413516621317,6.627049502801306,2.039092154708094,9.685687734863448,2.511087122256846,1.0044348489027386,1.5066522733541075,3.5255713104288646,3.021918266081884,1.0073060886939613,2.007130124783092,3.010695187174638,1.505347593587319,0.5024393448451036,0.0,13.565862310817797,2.524041333845675,2.524041333845675,3.02884960061481,1.493331589973334,1.991108786631112,9.955543933155559,10.528067709820272,5.013365576104892,7.018711806546848
2023-04-23,5.587953172569271,11.175906345138541,11.175906345138541,8.127931887373483,7.61993614441264,17.237625198067352,0.25349448820687287,4.562900787723711,4.055639667825074,4.562594626303207,10.139099169562682,,,,9.521129181681125,7.140846886260844,3.173709727227042,14.188231295854473,6.080670555366202,5.067225462805169,2.548615083326019,3.058338099991223,16.311136533286522,6.117276464124283,2.039092154708094,9.175914696186425,2.511087122256846,1.0044348489027386,1.5066522733541075,3.5255713104288646,3.021918266081884,1.0073060886939613,2.007130124783092,3.010695187174638,2.007130124783092,0.5024393448451036,0.0,13.565862310817797,2.524041333845675,3.02884960061481,2.524041333845675,0.995554393315556,1.991108786631112,10.453321129813338,10.528067709820272,5.013365576104892,7.018711806546848
2023-04-30,6.095948915530113,11.683902088099382,9.143923373295168,9.651919116256012,8.127931887373483,16.730636221653604,0.25349448820687287,4.562900787723711,4.562594626303207,4.055639667825074,10.646054128040818,,,,9.521129181681125,7.140846886260844,3.173709727227042,13.17478620329344,5.573948009085686,4.560502916524651,2.548615083326019,3.058338099991223,16.820859549951727,5.097730386770236,2.039092154708094,9.685687734863448,3.013304546708215,1.0044348489027386,1.5066522733541075,3.5255713104288646,3.021918266081884,1.0073060886939613,2.007130124783092,2.5089126559788646,1.505347593587319,0.5024393448451036,0.0,13.063422965972693,2.01923306707654,3.02884960061481,3.02884960061481,0.995554393315556,2.4888859832888897,10.453321129813338,10.528067709820272,5.013365576104892,6.517375248936359
2023-05-07,6.095948915530113,14.731876545864441,8.635927630334328,9.143923373295168,9.143923373295168,18.251603150894844,0.25349448820687287,4.055911811309966,4.562594626303207,4.562594626303207,11.659964044997086,,,,9.521129181681125,7.140846886260844,3.173709727227042,14.188231295854473,5.067225462805169,5.067225462805169,2.548615083326019,3.058338099991223,16.820859549951727,4.587957348093212,2.039092154708094,10.195460773540471,2.511087122256846,1.0044348489027386,1.5066522733541075,3.5255713104288646,3.021918266081884,1.0073060886939613,2.007130124783092,2.5089126559788646,2.007130124783092,0.5024393448451036,0.0,13.063422965972693,2.524041333845675,3.02884960061481,2.524041333845675,0.995554393315556,1.991108786631112,10.453321129813338,10.026731152209784,5.013365576104892,7.018711806546848
2023-05-14,6.095948915530113,12.699893574021068,8.127931887373483,10.667910602177697,9.651919116256012,20.78654803296357,0.5069889764137457,4.562900787723711,4.562594626303207,4.055639667825074,11.659964044997086,,,,9.521129181681125,7.140846886260844,3.173709727227042,14.188231295854473,5.573948009085686,6.080670555366202,2.0388920666608152,3.058338099991223,16.820859549951727,4.078184309416188,2.039092154708094,11.215006850894516,3.013304546708215,1.0044348489027386,1.5066522733541075,3.5255713104288646,3.021918266081884,1.0073060886939613,2.007130124783092,2.5089126559788646,2.007130124783092,0.5024393448451036,0.0,12.56098362112759,2.01923306707654,3.02884960061481,2.524041333845675,0.995554393315556,2.4888859832888897,9.955543933155559,11.029404267430763,5.013365576104892,7.018711806546848
2023-05-21,6.603944658490955,14.223880802903597,7.61993614441264,11.175906345138541,10.667910602177697,19.77257008013608,0.5069889764137457,4.562900787723711,4.562594626303207,3.548684709346939,13.18082892043149,,,,10.314556613487886,7.140846886260844,3.173709727227042,14.69495384213499,5.067225462805169,5.573948009085686,2.0388920666608152,3.5680611166564264,16.820859549951727,3.568411270739165,2.039092154708094,10.705233812217495,3.013304546708215,1.0044348489027386,1.5066522733541075,4.532877399122826,3.5255713104288646,1.0073060886939613,1.505347593587319,2.5089126559788646,2.007130124783092,0.5024393448451036,0.0,13.565862310817797,2.524041333845675,3.02884960061481,3.02884960061481,1.493331589973334,2.986663179946668,11.448875523128894,11.029404267430763,5.013365576104892,7.018711806546848
2023-05-28,6.603944658490955,13.715885059942753,8.127931887373483,13.20788931698191,12.699893574021068,19.77257008013608,0.5069889764137457,4.562900787723711,4.562594626303207,4.055639667825074,13.18082892043149,,,,9.521129181681125,7.140846886260844,3.173709727227042,13.681508749573956,5.067225462805169,6.080670555366202,2.0388920666608152,3.058338099991223,20.38892066660815,3.568411270739165,2.039092154708094,10.195460773540471,3.013304546708215,1.0044348489027386,1.5066522733541075,3.5255713104288646,3.021918266081884,1.0073060886939613,1.505347593587319,2.5089126559788646,2.007130124783092,0.5024393448451036,0.0,13.565862310817797,2.524041333845675,3.02884960061481,3.02884960061481,0.995554393315556,2.4888859832888897,10.951098326471115,11.029404267430763,4.512029018494403,6.517375248936359
2023-06-04,6.095948915530113,15.747868031786124,7.111940401451799,15.747868031786124,11.683902088099382,19.77257008013608,0.5069889764137457,4.562900787723711,4.562594626303207,4.562594626303207,12.16691900347522,,,,9.521129181681125,7.140846886260844,3.9671371590338027,15.201676388415507,5.067225462805169,6.080670555366202,2.0388920666608152,3.058338099991223,16.820859549951727,3.568411270739165,2.039092154708094,9.175914696186425,3.013304546708215,1.0044348489027386,1.5066522733541075,4.029224354775845,3.5255713104288646,1.0073060886939613,2.007130124783092,3.010695187174638,1.505347593587319,0.5024393448451036,0.0,13.565862310817797,2.524041333845675,3.02884960061481,2.524041333845675,0.995554393315556,2.4888859832888897,10.453321129813338,11.029404267430763,5.013365576104892,6.517375248936359
2023-06-11,6.603944658490955,14.223880802903597,7.61993614441264,20.82782546139455,10.159914859216855,19.265581103722337,0.25349448820687287,5.069889764137457,4.562594626303207,4.055639667825074,11.659964044997086,,,,10.314556613487886,6.347419454454084,3.173709727227042,14.188231295854473,6.080670555366202,7.094115647927237,2.0388920666608152,3.058338099991223,16.820859549951727,4.078184309416188,2.039092154708094,9.175914696186425,2.511087122256846,1.0044348489027386,1.5066522733541075,3.5255713104288646,3.021918266081884,1.0073060886939613,2.007130124783092,3.010695187174638,1.505347593587319,0.5024393448451036,0.0,14.0683016556629,2.524041333845675,3.02884960061481,2.524041333845675,0.995554393315556,1.991108786631112,10.453321129813338,11.029404267430763,4.512029018494403,7.018711806546848
2023-06-18,5.587953172569271,14.223880802903597,6.603944658490955,21.84381694731624,10.667910602177697,19.77257008013608,0.5069889764137457,4.562900787723711,4.562594626303207,4.055639667825074,13.18082892043149,,,,10.314556613487886,7.140846886260844,3.9671371590338027,14.188231295854473,5.573948009085686,7.600838194207753,2.0388920666608152,3.058338099991223,16.820859549951727,3.568411270739165,2.039092154708094,9.175914696186425,3.013304546708215,1.0044348489027386,1.5066522733541075,3.5255713104288646,3.5255713104288646,1.0073060886939613,1.505347593587319,3.010695187174638,1.505347593587319,0.5024393448451036,0.0,13.565862310817797,2.524041333845675,3.533657867383945,3.02884960061481,0.995554393315556,1.991108786631112,10.453321129813338,11.530740825041251,5.013365576104892,7.018711806546848
2023-06-25,6.095948915530113,13.20788931698191,7.61993614441264,23.367804176198764,11.683902088099382,16.730636221653604,0.25349448820687287,4.562900787723711,4.562594626303207,3.548684709346939,13.18082892043149,,,,9.521129181681125,7.140846886260844,3.9671371590338027,13.681508749573956,6.080670555366202,7.600838194207753,2.0388920666608152,3.5680611166564264,17.84030558328213,3.0586382320621417,2.039092154708094,9.175914696186425,2.511087122256846,1.0044348489027386,1.5066522733541075,3.5255713104288646,3.021918266081884,1.0073060886939613,1.505347593587319,3.010695187174638,2.007130124783092,0.5024393448451036,0.0,15.073180345353109,2.524041333845675,3.02884960061481,2.524041333845675,0.995554393315556,1.991108786631112,10.453321129813338,11.029404267430763,4.512029018494403,7.018711806546848
2023-07-02,5.587953172569271,13.715885059942753,8.127931887373483,18.287846746590336,15.23987228882528,18.75859212730859,0.5069889764137457,4.562900787723711,5.069549584781342,3.54868470934694,13.180828920431491,,,,9.224212471233688,6.918159353425265,4.612106235616844,15.20167638841551,6.080670555366204,7.600838194207755,2.0388920666608157,3.0583380999912237,22.42781273326897,3.568411270739164,2.0390921547080936,8.666141657509398,3.013304546708215,1.0044348489027386,2.008869697805477,3.5255713104288646,3.021918266081884,1.0073060886939613,1.505347593587319,3.010695187174638,2.007130124783092,0.5024393448451037,0.0,15.575619690198213,2.5240413338456746,3.533657867383944,3.028849600614809,1.0198955765262054,2.039791153052411,11.218851341788259,11.029404267430763,5.013365576104892,7.018711806546848
2023-07-09,5.587953172569271,12.191897831060226,6.095948915530113,15.747868031786124,10.159914859216855,18.251603150894844,0.25349448820687287,4.055911811309966,4.562594626303208,3.54868470934694,12.166919003475222,,,,9.992896843836494,6.1494749808224585,3.8434218630140364,13.681508749573958,5.06722546280517,6.587393101646722,2.5486150833260193,3.0583380999912237,16.311136533286525,3.568411270739164,2.0390921547080936,8.156368618832374,2.511087122256846,1.0044348489027386,1.5066522733541075,3.5255713104288646,3.021918266081884,1.0073060886939613,1.505347593587319,3.010695187174638,2.5089126559788646,0.5024393448451037,0.0,15.575619690198213,2.5240413338456746,3.028849600614809,2.5240413338456746,1.0198955765262054,2.039791153052411,10.198955765262054,10.528067709820272,4.512029018494403,7.018711806546848
2023-07-16,5.587953172569271,12.191897831060226,7.111940401451799,12.699893574021068,9.143923373295168,19.265581103722337,0.25349448820687287,3.54892283489622,4.562594626303208,3.54868470934694,12.166919003475222,,,,9.992896843836494,6.1494749808224585,4.612106235616844,13.681508749573958,7.600838194207755,6.587393101646722,2.0388920666608157,3.0583380999912237,15.291690499956117,3.568411270739164,1.5293191160310704,7.646595580155353,2.511087122256846,1.0044348489027386,1.5066522733541075,4.029224354775845,3.021918266081884,1.0073060886939613,1.003565062391546,2.5089126559788646,2.5089126559788646,0.5024393448451037,0.0,13.565862310817801,2.5240413338456746,3.028849600614809,2.5240413338456746,1.0198955765262054,1.529843364789308,9.68900797699895,10.528067709820272,4.512029018494403,6.517375248936359
2023-07-23,5.079957429608427,11.683902088099382,6.603944658490955,10.667910602177697,8.635927630334328,17.237625198067352,0.25349448820687287,4.055911811309966,4.562594626303208,4.055639667825075,12.166919003475222,,,,9.992896843836494,6.1494749808224585,5.380790608219651,14.188231295854477,9.627728379329824,6.587393101646722,2.0388920666608157,3.0583380999912237,15.291690499956117,3.568411270739164,2.0390921547080936,8.156368618832374,2.511087122256846,1.0044348489027386,1.5066522733541075,3.5255713104288646,3.021918266081884,1.0073060886939613,1.505347593587319,3.010695187174638,3.010695187174638,0.5024393448451037,0.25121967242255183,13.565862310817801,2.5240413338456746,3.028849600614809,2.5240413338456746,1.0198955765262054,2.039791153052411,10.198955765262054,10.528067709820272,4.512029018494403,7.018711806546848
2023-07-30,5.079957429608427,11.175906345138541,7.111940401451799,9.143923373295168,8.635927630334328,17.7446141744811,0.0,4.055911811309966,4.055639667825075,3.54868470934694,10.64605412804082,,,,9.992896843836494,6.1494749808224585,6.918159353425265,13.681508749573958,6.587393101646722,6.587393101646722,2.0388920666608157,3.0583380999912237,16.311136533286525,3.058638232062141,1.5293191160310704,8.156368618832374,3.013304546708215,1.0044348489027386,2.008869697805477,4.029224354775845,3.021918266081884,1.0073060886939613,1.505347593587319,3.010695187174638,2.5089126559788646,0.5024393448451037,0.25121967242255183,14.068301655662903,2.5240413338456746,3.028849600614809,2.5240413338456746,1.0198955765262054,2.039791153052411,10.198955765262054,10.528067709820272,4.512029018494403,7.018711806546848
2023-08-06,5.079957429608427,10.159914859216855,6.603944658490955,8.635927630334328,8.127931887373483,16.223647245239864,0.25349448820687287,4.055911811309966,4.055639667825075,4.055639667825075,11.153009086518953,,,,9.992896843836494,6.918159353425265,8.45552809863088,13.681508749573958,6.080670555366204,7.0941156479272385,2.0388920666608157,3.0583380999912237,14.27224446662571,3.058638232062141,2.0390921547080936,7.646595580155353,2.511087122256846,1.0044348489027386,2.008869697805477,4.029224354775845,3.021918266081884,1.0073060886939613,1.003565062391546,3.010695187174638,2.5089126559788646,0.5024393448451037,0.0,13.063422965972697,2.5240413338456746,3.028849600614809,2.5240413338456746,1.0198955765262054,2.039791153052411,9.68900797699895,10.026731152209784,4.512029018494403,7.018711806546848
2023-08-13,5.079957429608427,9.651919116256012,6.095948915530113,7.111940401451799,7.61993614441264,16.223647245239864,0.0,4.055911811309966,4.055639667825075,3.54868470934694,10.139099169562684,,,,9.224212471233688,6.918159353425265,11.53026558904211,13.174786203293444,7.0941156479272385,6.587393101646722,2.0388920666608157,3.0583380999912237,14.781967483290911,3.058638232062141,1.5293191160310704,8.156368618832374,2.511087122256846,1.0044348489027386,1.5066522733541075,4.029224354775845,3.021918266081884,1.0073060886939613,1.003565062391546,3.010695187174638,2.5089126559788646,0.5024393448451037,0.0,13.063422965972697,2.5240413338456746,2.5240413338456746,2.5240413338456746,1.0198955765262054,2.039791153052411,10.198955765262054,10.528067709820272,4.512029018494403,7.018711806546848
2023-08-20,5.079957429608427,10.159914859216855,6.095948915530113,7.111940401451799,7.61993614441264,17.237625198067352,0.0,4.055911811309966,4.055639667825075,4.055639667825075,9.632144211084551,,,,9.224212471233688,6.918159353425265,15.373687452056146,13.174786203293444,7.600838194207755,6.080670555366204,2.0388920666608157,3.0583380999912237,14.27224446662571,3.058638232062141,1.5293191160310704,8.666141657509398,2.511087122256846,1.0044348489027386,1.5066522733541075,3.5255713104288646,3.021918266081884,1.0073060886939613,1.003565062391546,3.010695187174638,2.5089126559788646,0.5024393448451037,0.0,12.560983621127592,2.5240413338456746,3.028849600614809,2.5240413338456746,1.0198955765262054,1.529843364789308,10.198955765262054,10.528067709820272,4.512029018494403,7.018711806546848
2023-08-27,4.571961686647584,9.651919116256012,5.587953172569271,6.095948915530113,7.111940401451799,15.209669292412372,0.0,3.54892283489622,4.562594626303208,3.54868470934694,9.125189252606416,,,,9.992896843836494,6.1494749808224585,15.373687452056146,13.174786203293444,6.587393101646722,5.06722546280517,2.0388920666608157,3.0583380999912237,14.27224446662571,2.5488651933851174,1.5293191160310704,8.156368618832374,2.511087122256846,1.0044348489027386,1.5066522733541075,3.5255713104288646,2.5182652217349033,1.0073060886939613,1.505347593587319,2.5089126559788646,2.007130124783092,0.5024393448451037,0.0,11.556104931437384,2.0192330670765397,2.5240413338456746,2.5240413338456746,1.0198955765262054,1.529843364789308,9.68900797699895,10.026731152209784,4.512029018494403,6.517375248936359
2023-09-03,4.571961686647584,10.667910602177697,5.079957429608427,6.603944658490955,8.127931887373483,15.716658268826116,0.0,3.54892283489622,5.069549584781342,4.055639667825075,9.125189252606416,,,,10.761581216439302,6.1494749808224585,19.217109315070186,13.681508749573958,7.0941156479272385,5.06722546280517,2.0388920666608157,3.0583380999912237,17.330582566616933,2.5488651933851174,1.5293191160310704,8.666141657509398,2.511087122256846,1.0044348489027386,1.5066522733541075,3.5255713104288646,2.5182652217349033,1.0073060886939613,1.505347593587319,3.010695187174638,2.5089126559788646,0.5024393448451037,0.0,13.063422965972697,2.5240413338456746,2.5240413338456746,2.5240413338456746,1.0198955765262054,2.039791153052411,10.708903553525156,10.026731152209784,4.512029018494403,6.517375248936359
2023-09-10,5.079957429608427,9.651919116256012,5.079957429608427,6.095948915530113,6.603944658490955,15.209669292412372,0.0,4.055911811309966,5.069549584781342,4.562594626303208,9.125189252606416,,,,11.53026558904211,6.1494749808224585,22.291846805481413,12.668063657012926,7.0941156479272385,5.06722546280517,2.0388920666608157,2.5486150833260193,15.291690499956117,3.058638232062141,1.5293191160310704,8.666141657509398,3.013304546708215,1.0044348489027386,1.5066522733541075,3.5255713104288646,2.5182652217349033,1.0073060886939613,1.003565062391546,3.010695187174638,2.007130124783092,0.5024393448451037,0.0,11.556104931437384,2.5240413338456746,3.028849600614809,2.5240413338456746,1.0198955765262054,2.039791153052411,10.198955765262054,10.528067709820272,5.013365576104892,7.018711806546848
2023-09-17,4.571961686647584,9.651919116256012,5.079957429608427,5.587953172569271,5.079957429608427,15.716658268826116,0.0,4.055911811309966,5.069549584781342,4.055639667825075,9.125189252606416,,,,11.53026558904211,6.918159353425265,27.67263741370106,12.668063657012926,7.0941156479272385,4.560502916524653,2.5486150833260193,3.0583380999912237,15.291690499956117,3.058638232062141,1.5293191160310704,8.666141657509398,2.511087122256846,1.0044348489027386,1.5066522733541075,3.021918266081884,3.021918266081884,1.0073060886939613,1.505347593587319,2.5089126559788646,2.007130124783092,0.5024393448451037,0.0,12.560983621127592,2.5240413338456746,3.028849600614809,2.5240413338456746,1.0198955765262054,2.039791153052411,10.198955765262054,11.530740825041251,5.013365576104892,7.520048364157338
2023-09-24,4.063965943686742,8.635927630334328,5.079957429608427,5.587953172569271,5.079957429608427,15.209669292412372,0.0,3.54892283489622,4.562594626303208,4.562594626303208,8.618234294128282,,,,10.761581216439302,6.1494749808224585,33.05342802192071,14.188231295854477,6.587393101646722,4.560502916524653,2.0388920666608157,3.0583380999912237,15.801413516621318,2.5488651933851174,1.5293191160310704,9.175914696186423,2.511087122256846,1.0044348489027386,1.5066522733541075,3.5255713104288646,3.021918266081884,1.0073060886939613,1.003565062391546,2.5089126559788646,2.007130124783092,0.5024393448451037,0.0,12.05854427628249,3.028849600614809,2.5240413338456746,2.5240413338456746,1.0198955765262054,1.529843364789308,10.198955765262054,11.029404267430763,5.013365576104892,7.018711806546848
2023-10-01,4.063965943686742,8.635927630334328,4.571961686647584,5.079957429608427,4.571961686647584,15.209669292412372,0.25349448820687287,3.54892283489622,4.562594626303208,4.055639667825075,9.125189252606416,,,,11.53026558904211,5.380790608219651,45.35237798356563,12.668063657012926,6.080670555366204,4.560502916524653,2.0388920666608157,3.0583380999912237,17.330582566616933,2.5488651933851174,1.5293191160310704,9.175914696186423,2.511087122256846,1.5066522733541075,1.5066522733541075,3.021918266081884,2.5182652217349033,1.0073060886939613,1.003565062391546,3.010695187174638,2.007130124783092,0.5024393448451037,0.0,11.556104931437384,2.5240413338456746,2.5240413338456746,2.5240413338456746,1.0198955765262054,1.529843364789308,10.198955765262054,10.528067709820272,4.512029018494403,6.517375248936359
2023-10-08,4.063965943686742,8.635927630334328,4.571961686647584,5.079957429608427,4.571961686647584,14.702680315998625,0.25349448820687287,3.54892283489622,4.562594626303208,4.055639667825075,8.618234294128282,,,,11.53026558904211,5.380790608219651,55.34527482740212,13.174786203293444,6.080670555366204,4.560502916524653,2.0388920666608157,2.5486150833260193,17.840305583282138,2.0390921547080936,1.5293191160310704,8.666141657509398,3.013304546708215,1.0044348489027386,1.5066522733541075,3.021918266081884,3.021918266081884,1.0073060886939613,1.003565062391546,2.5089126559788646,2.007130124783092,0.5024393448451037,0.0,11.053665586592281,2.5240413338456746,2.5240413338456746,2.5240413338456746,1.0198955765262054,1.529843364789308,10.708903553525156,10.528067709820272,4.512029018494403,7.018711806546848
2023-10-15,3.5559702007258993,9.143923373295168,4.571961686647584,4.571961686647584,4.571961686647584,15.209669292412372,0.0,3.54892283489622,5.069549584781342,4.562594626303208,8.11127933565015,,,,11.53026558904211,5.380790608219651,68.41290916164985,12.161341110732408,5.5739480090856866,4.0537803702441355,2.0388920666608157,3.0583380999912237,18.859751616612545,2.5488651933851174,2.0390921547080936,9.175914696186423,2.511087122256846,1.0044348489027386,1.5066522733541075,3.021918266081884,3.021918266081884,1.0073060886939613,1.003565062391546,2.5089126559788646,2.007130124783092,0.5024393448451037,0.0,11.556104931437384,2.5240413338456746,2.5240413338456746,2.5240413338456746,1.0198955765262054,1.529843364789308,10.708903553525156,10.528067709820272,4.512029018494403,7.018711806546848
2023-10-22,4.063965943686742,8.635927630334328,4.571961686647584,5.079957429608427,5.587953172569271,16.223647245239864,0.0,4.055911811309966,5.069549584781342,4.055639667825075,8.11127933565015,,,,11.53026558904211,5.380790608219651,76.86843726028074,12.668063657012926,6.080670555366204,4.0537803702441355,2.0388920666608157,3.0583380999912237,19.369474633277747,2.5488651933851174,2.0390921547080936,10.19546077354047,2.511087122256846,1.0044348489027386,1.0044348489027386,3.021918266081884,2.5182652217349033,1.0073060886939613,1.003565062391546,2.5089126559788646,2.007130124783092,0.5024393448451037,0.0,12.05854427628249,3.028849600614809,2.5240413338456746,2.5240413338456746,1.0198955765262054,1.529843364789308,10.708903553525156,11.029404267430763,5.013365576104892,7.520048364157338
2023-10-29,3.5559702007258993,7.61993614441264,4.571961686647584,4.571961686647584,4.571961686647584,14.702680315998625,0.0,3.54892283489622,4.055639667825075,4.055639667825075,7.604324377172013,,,,12.298949961644917,5.380790608219651,63.032118553430195,12.161341110732408,5.5739480090856866,3.5470578239636192,2.0388920666608157,3.0583380999912237,16.82085954995173,2.5488651933851174,1.5293191160310704,8.666141657509398,3.013304546708215,1.0044348489027386,1.0044348489027386,2.5182652217349033,2.5182652217349033,1.0073060886939613,1.003565062391546,2.5089126559788646,2.007130124783092,0.5024393448451037,0.25121967242255183,11.556104931437384,2.5240413338456746,2.5240413338456746,2.5240413338456746,1.0198955765262054,1.529843364789308,10.708903553525156,10.026731152209784,5.013365576104892,7.018711806546848
2023-11-05,3.5559702007258993,8.127931887373483,5.079957429608427,5.079957429608427,4.571961686647584,14.702680315998625,0.0,3.54892283489622,4.562594626303208,4.055639667825075,9.125189252606416,,,,12.298949961644917,5.380790608219651,17.67974056986457,13.174786203293444,5.5739480090856866,3.5470578239636192,2.5486150833260193,2.5486150833260193,14.781967483290911,2.5488651933851174,2.0390921547080936,10.19546077354047,3.013304546708215,1.0044348489027386,1.5066522733541075,3.021918266081884,2.5182652217349033,1.0073060886939613,1.003565062391546,2.5089126559788646,2.007130124783092,0.5024393448451037,0.0,11.556104931437384,3.028849600614809,2.5240413338456746,2.0192330670765397,1.0198955765262054,1.529843364789308,11.218851341788259,10.528067709820272,5.013365576104892,7.018711806546848
2023-11-12,3.5559702007258993,9.143923373295168,5.079957429608427,4.571961686647584,4.571961686647584,16.223647245239864,0.0,3.54892283489622,5.069549584781342,4.055639667825075,8.618234294128282,,,,11.53026558904211,4.612106235616844,21.523162432878603,13.174786203293444,5.5739480090856866,4.0537803702441355,2.5486150833260193,2.5486150833260193,18.859751616612545,3.568411270739164,2.0390921547080936,11.215006850894515,3.013304546708215,1.0044348489027386,1.0044348489027386,3.021918266081884,2.5182652217349033,1.0073060886939613,1.003565062391546,2.5089126559788646,2.007130124783092,0.5024393448451037,0.0,11.556104931437384,3.533657867383944,2.0192330670765397,2.0192330670765397,1.0198955765262054,1.529843364789308,12.238746918314463,11.029404267430763,5.013365576104892,8.522721479378315
2023-11-19,3.5559702007258993,10.159914859216855,6.095948915530113,5.079957429608427,3.5559702007258993,18.75859212730859,0.0,3.041933858482474,6.5904144602157455,3.54868470934694,12.166919003475222,,,,13.067634334247725,4.612106235616844,41.508956120551595,15.708398934696026,5.5739480090856866,5.06722546280517,3.5680611166564273,2.5486150833260193,33.64171909990346,7.136822541478328,2.0390921547080936,13.763872044279633,4.519956820062322,1.0044348489027386,1.0044348489027386,2.5182652217349033,2.5182652217349033,1.0073060886939613,1.003565062391546,2.5089126559788646,2.007130124783092,0.5024393448451037,0.0,13.565862310817801,4.038466134153079,2.0192330670765397,2.5240413338456746,1.529843364789308,2.039791153052411,14.278538071366874,13.536087055483208,7.018711806546848,10.528067709820272
2023-11-26,3.5559702007258993,8.635927630334328,4.571961686647584,4.063965943686742,3.5559702007258993,14.702680315998625,0.0,3.041933858482474,4.562594626303208,3.54868470934694,7.604324377172013,,,,11.53026558904211,4.612106235616844,9.224212471233688,12.668063657012926,5.06722546280517,3.040335277683102,2.0388920666608157,2.5486150833260193,12.743075416630099,3.058638232062141,2.0390921547080936,10.705233812217491,3.013304546708215,1.0044348489027386,1.0044348489027386,2.5182652217349033,2.5182652217349033,1.0073060886939613,1.003565062391546,2.007130124783092,2.007130124783092,0.5024393448451037,0.0,11.053665586592281,3.028849600614809,2.0192330670765397,2.0192330670765397,1.0198955765262054,2.039791153052411,10.198955765262054,9.525394594599295,4.512029018494403,6.517375248936359
2023-12-03,3.0479744577650565,9.651919116256012,4.571961686647584,4.571961686647584,3.5559702007258993,15.209669292412372,0.25349448820687287,3.041933858482474,4.562594626303208,3.54868470934694,8.11127933565015,,,,13.067634334247725,5.380790608219651,6.918159353425265,12.668063657012926,5.06722546280517,3.040335277683102,2.0388920666608157,2.0388920666608157,13.252798433295302,2.0390921547080936,2.0390921547080936,11.215006850894515,3.013304546708215,1.0044348489027386,1.0044348489027386,2.5182652217349033,2.5182652217349033,1.0073060886939613,1.003565062391546,2.5089126559788646,1.505347593587319,0.5024393448451037,0.25121967242255183,11.556104931437384,2.5240413338456746,2.0192330670765397,2.0192330670765397,1.0198955765262054,1.529843364789308,10.198955765262054,10.026731152209784,5.013365576104892,6.517375248936359
2023-12-10,3.5559702007258993,9.143923373295168,5.079957429608427,4.571961686647584,4.063965943686742,13.688702363171133,0.25349448820687287,3.54892283489622,4.562594626303208,3.54868470934694,8.618234294128282,,,,13.83631870685053,5.380790608219651,6.918159353425265,13.174786203293444,6.080670555366204,3.5470578239636192,2.0388920666608157,2.5486150833260193,13.252798433295302,1.5293191160310704,2.0390921547080936,11.215006850894515,3.013304546708215,1.0044348489027386,1.0044348489027386,2.5182652217349033,2.5182652217349033,1.0073060886939613,1.003565062391546,2.5089126559788646,1.505347593587319,0.5024393448451037,0.0,12.05854427628249,3.028849600614809,2.0192330670765397,2.0192330670765397,1.0198955765262054,2.039791153052411,10.708903553525156,11.029404267430763,5.514702133715382,7.018711806546848
2023-12-17,3.0479744577650565,9.143923373295168,5.587953172569271,4.063965943686742,3.5559702007258993,13.688702363171133,0.0,3.54892283489622,5.069549584781342,3.54868470934694,9.632144211084551,,,,14.605003079453338,4.612106235616844,7.686843726028073,13.174786203293444,6.080670555366204,3.5470578239636192,2.0388920666608157,2.5486150833260193,15.291690499956117,0.5097730386770234,2.0390921547080936,12.234552928248563,3.5155219711595844,1.5066522733541075,1.0044348489027386,2.0146121773879226,2.5182652217349033,1.0073060886939613,1.505347593587319,2.5089126559788646,1.505347593587319,0.5024393448451037,0.25121967242255183,13.063422965972697,3.533657867383944,2.5240413338456746,2.0192330670765397,1.0198955765262054,2.039791153052411,11.218851341788259,11.530740825041251,8.522721479378315,8.021384921767826
2023-12-24,3.5559702007258993,9.651919116256012,6.095948915530113,4.571961686647584,3.0479744577650565,14.702680315998625,0.0,3.54892283489622,5.576504543259476,4.055639667825075,11.153009086518953,,,,11.53026558904211,5.380790608219651,6.918159353425265,15.708398934696026,7.600838194207755,3.5470578239636192,2.5486150833260193,2.5486150833260193,15.801413516621318,1.0195460773540468,2.0390921547080936,12.234552928248563,3.5155219711595844,1.0044348489027386,1.0044348489027386,2.5182652217349033,3.021918266081884,1.0073060886939613,2.007130124783092,2.5089126559788646,1.505347593587319,0.5024393448451037,0.0,13.063422965972697,3.028849600614809,2.0192330670765397,2.5240413338456746,1.529843364789308,2.039791153052411,12.238746918314463,13.034750497872718,7.018711806546848,8.021384921767826
2023-12-31,4.063965943686742,11.175906345138541,5.587953172569271,4.571961686647584,3.0479744577650565,14.19569133958488,0.0,4.055911811309966,5.069549584781342,5.576504543259476,9.632144211084551,,,,10.761581216439302,6.1494749808224585,5.380790608219651,14.694953842134993,13.681508749573958,3.5470578239636192,2.5486150833260193,2.5486150833260193,13.252798433295302,0.5097730386770234,2.0390921547080936,11.724779889571542,3.013304546708215,1.0044348489027386,1.0044348489027386,2.5182652217349033,3.021918266081884,1.0073060886939613,1.505347593587319,3.010695187174638,1.505347593587319,0.5024393448451037,0.0,13.063422965972697,3.028849600614809,2.5240413338456746,3.028849600614809,1.0198955765262054,1.529843364789308,12.238746918314463,12.533413940262228,6.016038691325869,8.021384921767826
2024-01-07,4.112636194509338,11.823829059214347,5.654874767450339,4.6267157188230055,3.5985566701956704,14.812724434910136,0.0,4.086268809630382,,,,1.01906320751259,2.547658018781475,15.795479716445145,11.534065370604505,6.15150153098907,4.613626148241803,13.866221856528169,5.649201497104069,3.5949464072480435,2.579854491906114,3.0958253902873367,12.89927245953057,0.5143655885750147,2.571827942875073,11.31604294865032,2.564912848083414,1.0259651392333655,1.0259651392333655,3.092134955569157,3.092134955569157,1.0307116518563857,1.034499978186027,3.1034999345580805,1.034499978186027,0.5131047239728274,0.0,11.801408651375027,2.5761478849159816,2.5761478849159816,2.5761478849159816,1.0356964173471395,1.553544626020709,11.910508799492103,11.28790592994867,5.1308663317948495,8.209386130871758
2024-01-14,4.112636194509338,13.880147156469015,6.683033816077674,4.6267157188230055,3.5985566701956704,14.301940833706338,0.0,4.59705241083418,,,,1.528594811268885,2.547658018781475,17.324074527714032,11.534065370604505,6.15150153098907,3.8446884568681687,13.866221856528169,5.649201497104069,3.081382634784038,2.579854491906114,3.0958253902873367,13.415243357911793,0.5143655885750147,2.0574623543000587,11.830408537225336,2.564912848083414,1.0259651392333655,1.0259651392333655,3.092134955569157,2.576779129640964,1.0307116518563857,1.034499978186027,3.1034999345580805,1.5517499672790402,0.5131047239728274,0.0,12.314513375347854,2.5761478849159816,2.5761478849159816,2.5761478849159816,1.0356964173471395,2.071392834694279,11.910508799492103,11.28790592994867,5.643952964974335,8.722472764051245
2024-01-21,4.112636194509338,14.394226680782682,6.683033816077674,4.112636194509338,3.5985566701956704,13.280373631298742,0.25539180060189887,4.59705241083418,,,,1.528594811268885,2.03812641502518,16.30501132020144,11.534065370604505,6.15150153098907,3.8446884568681687,13.352658084064164,5.649201497104069,3.081382634784038,2.579854491906114,3.0958253902873367,12.89927245953057,0.5143655885750147,2.0574623543000587,11.830408537225336,2.564912848083414,1.0259651392333655,1.0259651392333655,2.576779129640964,2.576779129640964,1.0307116518563857,1.034499978186027,3.620749923651094,1.5517499672790402,0.5131047239728274,0.0,12.314513375347854,2.5761478849159816,2.5761478849159816,2.5761478849159816,1.0356964173471395,1.553544626020709,11.392660590818533,10.774819296769184,5.643952964974335,8.209386130871758
2024-01-28,4.112636194509338,15.936465253723684,6.168954291764006,4.6267157188230055,3.5985566701956704,14.301940833706338,0.25539180060189887,4.59705241083418,,,,1.528594811268885,2.547658018781475,16.30501132020144,10.76512767923087,6.15150153098907,3.8446884568681687,12.839094311600155,5.649201497104069,3.5949464072480435,2.579854491906114,3.6117962886685597,12.383301561149347,0.5143655885750147,2.0574623543000587,10.287311771500292,2.564912848083414,1.0259651392333655,1.0259651392333655,2.576779129640964,2.576779129640964,1.0307116518563857,1.5517499672790402,3.620749923651094,1.5517499672790402,0.5131047239728274,0.0,12.314513375347854,3.091377461899177,2.5761478849159816,2.5761478849159816,1.0356964173471395,1.553544626020709,11.392660590818533,10.774819296769184,5.1308663317948495,7.696299497692274
2024-02-04,3.5985566701956704,18.506862875292022,6.168954291764006,4.6267157188230055,3.5985566701956704,14.301940833706338,0.25539180060189887,4.59705241083418,,,,1.528594811268885,2.547658018781475,17.324074527714032,11.534065370604505,6.920439222362703,3.8446884568681687,13.866221856528169,6.162765269568076,3.5949464072480435,2.579854491906114,3.0958253902873367,12.89927245953057,0.5143655885750147,2.0574623543000587,11.31604294865032,2.564912848083414,1.0259651392333655,1.5389477088500483,2.576779129640964,2.576779129640964,1.0307116518563857,2.068999956372054,3.1034999345580805,1.5517499672790402,0.5131047239728274,0.0,11.801408651375027,3.091377461899177,2.060918307932785,2.5761478849159816,1.0356964173471395,2.071392834694279,11.392660590818533,10.261732663589699,6.157039598153819,8.209386130871758
2024-02-11,3.5985566701956704,21.077260496860358,5.654874767450339,4.6267157188230055,3.5985566701956704,13.280373631298742,0.25539180060189887,4.086268809630382,,,,1.528594811268885,2.547658018781475,15.285948112688848,9.996189987857237,6.15150153098907,3.075750765494535,12.839094311600155,6.162765269568076,3.5949464072480435,2.579854491906114,3.0958253902873367,12.89927245953057,0.5143655885750147,2.0574623543000587,9.772946182925278,2.564912848083414,1.0259651392333655,1.0259651392333655,2.576779129640964,2.576779129640964,1.0307116518563857,2.068999956372054,3.1034999345580805,3.1034999345580805,0.5131047239728274,0.0,11.801408651375027,2.5761478849159816,2.060918307932785,2.5761478849159816,1.0356964173471395,1.553544626020709,11.392660590818533,10.261732663589699,5.643952964974335,7.183212864512789
2024-02-18,4.6267157188230055,24.675817167056024,7.197113340391341,4.6267157188230055,4.112636194509338,16.855858839725325,0.25539180060189887,4.59705241083418,,,,1.528594811268885,2.547658018781475,17.324074527714032,11.534065370604505,6.15150153098907,3.8446884568681687,13.352658084064164,5.649201497104069,3.5949464072480435,2.579854491906114,3.0958253902873367,14.447185154674239,0.5143655885750147,2.0574623543000587,10.801677360075308,2.564912848083414,1.0259651392333655,1.5389477088500483,3.092134955569157,2.576779129640964,1.0307116518563857,1.5517499672790402,3.1034999345580805,1.5517499672790402,0.5131047239728274,0.2565523619864137,13.853827547266336,2.5761478849159816,2.5761478849159816,2.5761478849159816,1.0356964173471395,2.071392834694279,11.910508799492103,10.774819296769184,5.1308663317948495,7.696299497692274
2024-02-25,4.6267157188230055,45.238998139602714,7.197113340391341,5.654874767450339,4.112636194509338,14.812724434910136,0.0,4.59705241083418,,,,1.528594811268885,2.547658018781475,17.833606131470326,10.76512767923087,6.15150153098907,3.8446884568681687,13.352658084064164,5.649201497104069,3.5949464072480435,2.579854491906114,3.6117962886685597,13.931214256293016,0.5143655885750147,2.571827942875073,10.287311771500292,2.564912848083414,1.0259651392333655,1.5389477088500483,3.092134955569157,3.092134955569157,1.0307116518563857,1.5517499672790402,3.1034999345580805,2.068999956372054,0.5131047239728274,0.0,13.853827547266336,2.5761478849159816,2.5761478849159816,2.5761478849159816,1.553544626020709,2.071392834694279,11.392660590818533,10.774819296769184,4.617779698615364,7.696299497692274
2024-03-03,4.6267157188230055,51.407952431366716,7.197113340391341,6.168954291764006,4.112636194509338,14.301940833706338,0.0,4.086268809630382,,,,1.528594811268885,2.547658018781475,16.30501132020144,9.996189987857237,6.920439222362703,3.8446884568681687,14.893349401456183,5.649201497104069,3.5949464072480435,2.063883593524891,3.0958253902873367,12.89927245953057,0.5143655885750147,2.571827942875073,10.801677360075308,2.564912848083414,1.0259651392333655,1.5389477088500483,3.092134955569157,2.576779129640964,1.0307116518563857,1.5517499672790402,3.1034999345580805,2.068999956372054,0.5131047239728274,0.0,13.853827547266336,2.5761478849159816,2.5761478849159816,2.5761478849159816,1.0356964173471395,2.071392834694279,10.874812382144963,10.261732663589699,4.617779698615364,7.183212864512789
2024-03-10,4.6267157188230055,22.10541954548769,7.197113340391341,6.683033816077674,4.112636194509338,14.301940833706338,0.0,3.5754852084265845,,,,1.528594811268885,2.547658018781475,16.30501132020144,9.996189987857237,6.15150153098907,3.8446884568681687,13.866221856528169,5.1356377246400635,4.1085101797120505,2.579854491906114,2.579854491906114,14.447185154674239,0.5143655885750147,2.571827942875073,11.830408537225336,2.564912848083414,1.0259651392333655,1.5389477088500483,3.092134955569157,2.0614233037127714,1.0307116518563857,1.034499978186027,2.5862499454650667,2.068999956372054,0.5131047239728274,0.0,12.827618099320683,2.5761478849159816,2.5761478849159816,2.5761478849159816,1.0356964173471395,2.071392834694279,10.356964173471395,10.261732663589699,4.104693065435879,6.670126231333304
2024-03-17,4.6267157188230055,14.908306205096348,7.7111928647050085,6.168954291764006,4.6267157188230055,15.323508036113934,0.0,4.086268809630382,,,,2.03812641502518,2.547658018781475,17.324074527714032,10.76512767923087,6.920439222362703,3.8446884568681687,14.379785628992174,5.649201497104069,3.5949464072480435,2.063883593524891,3.0958253902873367,15.99509784981791,0.5143655885750147,2.0574623543000587,11.31604294865032,2.564912848083414,1.0259651392333655,1.5389477088500483,3.092134955569157,2.576779129640964,1.0307116518563857,1.5517499672790402,3.1034999345580805,2.068999956372054,0.5131047239728274,0.0,13.34072282329351,2.5761478849159816,2.5761478849159816,2.5761478849159816,1.0356964173471395,2.071392834694279,10.874812382144963,10.261732663589699,5.1308663317948495,7.696299497692274
2024-03-24,5.140795243136672,13.366067632155348,8.225272389018675,6.683033816077674,4.6267157188230055,15.834291637317733,0.0,4.086268809630382,,,,2.03812641502518,2.547658018781475,17.324074527714032,10.76512767923087,6.15150153098907,3.075750765494535,14.893349401456183,6.162765269568076,4.1085101797120505,2.063883593524891,3.0958253902873367,14.447185154674239,0.5143655885750147,2.0574623543000587,11.31604294865032,2.564912848083414,1.0259651392333655,1.5389477088500483,3.092134955569157,2.576779129640964,1.0307116518563857,1.5517499672790402,3.1034999345580805,2.068999956372054,0.5131047239728274,0.0,15.393141719184815,2.5761478849159816,2.5761478849159816,2.5761478849159816,1.553544626020709,2.071392834694279,11.392660590818533,10.261732663589699,5.643952964974335,7.696299497692274
2024-03-31,5.140795243136672,11.309749534900678,9.253431437646011,6.683033816077674,4.6267157188230055,14.301940833706338,0.0,3.5754852084265845,,,,1.528594811268885,2.547658018781475,16.814542923957735,9.996189987857237,6.920439222362703,3.8446884568681687,13.866221856528169,5.1356377246400635,3.5949464072480435,2.063883593524891,3.0958253902873367,14.447185154674239,0.5143655885750147,1.5430967657250438,10.801677360075308,3.0778954177000966,1.0259651392333655,1.5389477088500483,3.092134955569157,2.576779129640964,2.576779129640964,1.5517499672790402,2.5862499454650667,2.068999956372054,0.5131047239728274,0.0,12.827618099320683,2.5761478849159816,2.5761478849159816,2.5761478849159816,1.0356964173471395,2.071392834694279,9.839115964797823,9.748646030410214,5.1308663317948495,7.696299497692274
2024-04-07,5.654874767450339,11.309749534900678,10.281590486273345,7.197113340391341,4.6267157188230055,15.323508036113934,0.25539180060189887,3.5754852084265845,,,,1.528594811268885,2.03812641502518,16.30501132020144,12.30300306197814,6.15150153098907,3.8446884568681687,13.352658084064164,6.162765269568076,4.1085101797120505,2.063883593524891,3.6117962886685597,14.963156053055464,0.5143655885750147,1.5430967657250438,10.801677360075308,3.0778954177000966,1.5389477088500483,1.5389477088500483,3.092134955569157,2.576779129640964,1.5460674777845784,1.5517499672790402,3.1034999345580805,2.068999956372054,0.5131047239728274,0.0,14.366932271239163,2.5761478849159816,2.5761478849159816,2.5761478849159816,1.0356964173471395,2.071392834694279,10.356964173471395,9.748646030410214,4.617779698615364,7.183212864512789
2024-04-14,5.140795243136672,11.309749534900678,11.309749534900678,7.7111928647050085,5.654874767450339,16.345075238521527,0.25539180060189887,4.086268809630382,,,,2.03812641502518,2.547658018781475,18.343137735226623,10.76512767923087,6.15150153098907,3.8446884568681687,13.866221856528169,6.676329042032082,4.1085101797120505,2.063883593524891,3.0958253902873367,18.058981443342798,0.5143655885750147,2.0574623543000587,11.31604294865032,3.0778954177000966,1.0259651392333655,1.5389477088500483,3.092134955569157,2.576779129640964,1.0307116518563857,2.068999956372054,2.5862499454650667,2.068999956372054,0.5131047239728274,0.0,14.88003699521199,2.5761478849159816,3.091377461899177,2.5761478849159816,1.553544626020709,2.5892410433678488,10.356964173471395,10.774819296769184,5.1308663317948495,7.183212864512789
2024-04-21,5.654874767450339,11.823829059214347,11.823829059214347,9.253431437646011,6.683033816077674,16.345075238521527,0.5107836012037977,3.5754852084265845,,,,2.03812641502518,3.05718962253777,17.833606131470326,9.996189987857237,6.920439222362703,3.075750765494535,14.379785628992174,6.676329042032082,4.6220739521760565,2.579854491906114,3.6117962886685597,15.99509784981791,0.5143655885750147,1.5430967657250438,10.287311771500292,3.0778954177000966,1.0259651392333655,1.5389477088500483,3.092134955569157,3.092134955569157,1.0307116518563857,2.068999956372054,2.5862499454650667,2.068999956372054,0.5131047239728274,0.0,14.88003699521199,2.5761478849159816,3.091377461899177,3.091377461899177,1.0356964173471395,2.071392834694279,10.356964173471395,10.261732663589699,5.1308663317948495,7.183212864512789
2024-04-28,5.654874767450339,11.823829059214347,10.795670010587012,8.739351913332342,7.7111928647050085,16.345075238521527,0.25539180060189887,4.086268809630382,,,,1.528594811268885,2.547658018781475,17.833606131470326,10.76512767923087,6.920439222362703,3.8446884568681687,13.866221856528169,6.162765269568076,4.6220739521760565,2.063883593524891,3.6117962886685597,15.99509784981791,0.5143655885750147,2.0574623543000587,10.287311771500292,2.564912848083414,1.0259651392333655,1.5389477088500483,3.6074907814973494,2.576779129640964,1.0307116518563857,2.5862499454650667,2.5862499454650667,2.068999956372054,0.5131047239728274,0.0,13.853827547266336,2.5761478849159816,3.091377461899177,2.5761478849159816,1.0356964173471395,4.660633878062128,10.356964173471395,10.261732663589699,4.617779698615364,6.670126231333304
2024-05-05,5.654874767450339,11.823829059214347,9.767510961959676,8.739351913332342,9.253431437646011,16.855858839725325,0.25539180060189887,3.5754852084265845,,,,2.03812641502518,3.05718962253777,16.30501132020144,10.76512767923087,6.920439222362703,3.075750765494535,14.379785628992174,5.649201497104069,5.649201497104069,2.063883593524891,3.0958253902873367,15.479126951436685,0.5143655885750147,2.0574623543000587,9.772946182925278,3.0778954177000966,1.0259651392333655,1.5389477088500483,3.092134955569157,2.576779129640964,1.0307116518563857,2.068999956372054,2.5862499454650667,2.068999956372054,0.5131047239728274,0.0,13.34072282329351,2.060918307932785,3.091377461899177,3.091377461899177,1.0356964173471395,2.5892410433678488,9.839115964797823,10.261732663589699,4.617779698615364,6.157039598153819
2024-05-12,5.140795243136672,11.823829059214347,8.225272389018675,8.225272389018675,9.253431437646011,15.323508036113934,0.25539180060189887,3.5754852084265845,,,,2.03812641502518,2.547658018781475,16.814542923957735,9.996189987857237,6.15150153098907,3.8446884568681687,14.379785628992174,5.649201497104069,5.649201497104069,2.063883593524891,3.0958253902873367,14.963156053055464,0.5143655885750147,1.5430967657250438,8.74421500577525,3.0778954177000966,1.0259651392333655,1.5389477088500483,3.6074907814973494,3.092134955569157,1.0307116518563857,2.068999956372054,2.5862499454650667,2.068999956372054,0.5131047239728274,0.2565523619864137,15.906246443157645,2.5761478849159816,3.091377461899177,2.5761478849159816,1.0356964173471395,2.071392834694279,9.839115964797823,10.261732663589699,4.617779698615364,6.157039598153819
2024-05-19,6.168954291764006,13.366067632155348,8.739351913332342,9.767510961959676,12.337908583528012,18.38820964333672,0.25539180060189887,4.086268809630382,,,,1.528594811268885,2.547658018781475,17.324074527714032,9.996189987857237,6.920439222362703,3.075750765494535,14.893349401456183,5.649201497104069,5.649201497104069,2.063883593524891,3.0958253902873367,17.027039646580352,0.5143655885750147,2.0574623543000587,9.772946182925278,2.564912848083414,1.0259651392333655,1.5389477088500483,3.092134955569157,2.576779129640964,1.0307116518563857,2.068999956372054,2.5862499454650667,2.068999956372054,0.5131047239728274,0.0,13.853827547266336,2.5761478849159816,3.091377461899177,3.091377461899177,1.0356964173471395,2.071392834694279,9.839115964797823,9.748646030410214,4.617779698615364,6.157039598153819
2024-05-26,6.168954291764006,12.851988107841679,8.739351913332342,10.795670010587012,14.908306205096348,16.345075238521527,0.25539180060189887,3.5754852084265845,,,,1.528594811268885,2.547658018781475,18.343137735226623,9.996189987857237,6.15150153098907,3.075750765494535,14.379785628992174,5.649201497104069,6.162765269568076,2.063883593524891,3.0958253902873367,20.122865036867687,0.5143655885750147,2.0574623543000587,10.287311771500292,2.564912848083414,1.0259651392333655,1.5389477088500483,3.6074907814973494,3.092134955569157,1.0307116518563857,2.068999956372054,2.5862499454650667,2.5862499454650667,0.5131047239728274,0.0,14.88003699521199,2.060918307932785,3.091377461899177,3.091377461899177,1.553544626020709,2.5892410433678488,10.356964173471395,9.748646030410214,4.617779698615364,6.157039598153819
2024-06-02,7.7111928647050085,11.823829059214347,8.739351913332342,12.337908583528012,12.337908583528012,16.345075238521527,0.25539180060189887,4.086268809630382,,,,1.528594811268885,2.547658018781475,16.814542923957735,10.76512767923087,6.15150153098907,3.075750765494535,13.866221856528169,6.162765269568076,6.162765269568076,2.063883593524891,3.0958253902873367,15.99509784981791,0.5143655885750147,1.5430967657250438,9.772946182925278,2.564912848083414,1.0259651392333655,1.5389477088500483,3.092134955569157,3.092134955569157,1.0307116518563857,2.068999956372054,2.5862499454650667,2.5862499454650667,0.5131047239728274,0.0,13.853827547266336,2.060918307932785,3.091377461899177,2.5761478849159816,1.0356964173471395,2.071392834694279,9.839115964797823,10.261732663589699,4.617779698615364,5.643952964974335
2024-06-09,5.654874767450339,12.337908583528012,8.225272389018675,12.851988107841679,11.309749534900678,17.87742604213292,0.25539180060189887,3.5754852084265845,,,,2.03812641502518,2.547658018781475,17.324074527714032,10.76512767923087,6.15150153098907,3.075750765494535,14.379785628992174,6.162765269568076,6.162765269568076,2.063883593524891,2.579854491906114,15.479126951436685,0.5143655885750147,1.5430967657250438,8.74421500577525,2.564912848083414,1.0259651392333655,1.5389477088500483,3.092134955569157,3.092134955569157,1.0307116518563857,2.068999956372054,2.5862499454650667,2.5862499454650667,0.5131047239728274,0.0,14.366932271239163,2.5761478849159816,3.091377461899177,2.5761478849159816,1.0356964173471395,2.071392834694279,9.839115964797823,9.748646030410214,4.617779698615364,6.157039598153819
2024-06-16,6.168954291764006,12.337908583528012,7.7111928647050085,14.394226680782682,11.309749534900678,15.834291637317733,0.0,3.5754852084265845,,,,1.528594811268885,2.547658018781475,16.814542923957735,9.996189987857237,6.920439222362703,3.8446884568681687,14.893349401456183,6.162765269568076,6.676329042032082,2.063883593524891,3.0958253902873367,17.027039646580352,0.5143655885750147,1.5430967657250438,9.258580594350263,3.0778954177000966,1.0259651392333655,1.5389477088500483,3.092134955569157,3.6074907814973494,1.0307116518563857,2.068999956372054,2.5862499454650667,2.5862499454650667,0.5131047239728274,0.0,14.366932271239163,2.060918307932785,3.091377461899177,2.5761478849159816,1.0356964173471395,2.071392834694279,9.839115964797823,10.261732663589699,4.104693065435879,5.643952964974335
2024-06-23,5.140795243136672,11.309749534900678,7.197113340391341,12.851988107841679,10.795670010587012,14.812724434910136,0.0,3.5754852084265845,,,,1.528594811268885,2.547658018781475,15.795479716445145,9.996189987857237,6.15150153098907,3.8446884568681687,13.352658084064164,6.162765269568076,6.676329042032082,2.063883593524891,3.0958253902873367,15.99509784981791,0.5143655885750147,1.5430967657250438,8.74421500577525,2.564912848083414,1.0259651392333655,2.051930278466731,3.092134955569157,3.092134955569157,1.0307116518563857,2.068999956372054,2.5862499454650667,2.068999956372054,0.5131047239728274,0.0,13.34072282329351,2.060918307932785,3.091377461899177,2.5761478849159816,1.0356964173471395,2.071392834694279,10.356964173471395,9.748646030410214,4.104693065435879,5.643952964974335
2024-06-30,5.654874767450339,14.908306205096348,8.739351913332342,12.851988107841679,14.908306205096348,17.366642440929123,0.0,3.5754852084265845,,,,1.528594811268885,2.547658018781475,17.833606131470326,9.996189987857237,6.920439222362703,3.8446884568681687,14.379785628992174,6.162765269568076,7.189892814496087,2.063883593524891,3.0958253902873367,19.606894138486467,0.5143655885750147,2.0574623543000587,8.74421500577525,2.564912848083414,1.0259651392333655,1.5389477088500483,3.092134955569157,2.576779129640964,1.0307116518563857,2.068999956372054,2.5862499454650667,3.1034999345580805,0.5131047239728274,0.0,14.88003699521199,2.060918307932785,3.091377461899177,2.5761478849159816,1.0356964173471395,2.071392834694279,10.874812382144963,9.748646030410214,4.617779698615364,6.157039598153819
2024-07-07,5.139334300787795,11.30653546173315,7.709001451181693,12.848335751969488,11.30653546173315,15.830723713457232,0.0,4.0853480550857375,,,,2.0379870741358697,2.547483842669837,18.341883667222827,10.672147960248266,6.860666545873885,5.336073980124133,14.38427865784118,5.650966615580464,7.705863566700632,1.5473526767734682,3.0947053535469364,15.473526767734684,0.5142187485010987,1.5426562455032964,8.741718724518678,2.5651666100176405,1.0260666440070563,1.5390999660105842,3.092136689314576,3.092136689314576,1.0307122297715254,1.5524957262735313,2.587492877122552,3.1049914525470625,0.5133213113578098,0.0,15.399639340734293,2.5761961689787487,3.091435402774499,2.5761961689787487,1.0363065636922166,2.0726131273844333,9.844912355076058,10.266503752589635,4.106601501035854,6.159902251553781
2024-07-14,5.139334300787795,10.79260203165437,6.681134591024134,11.82046889181193,9.250801741418032,15.830723713457232,0.0,4.0853480550857375,,,,2.0379870741358697,2.0379870741358697,16.303896593086957,10.672147960248266,6.860666545873885,5.336073980124133,13.87055442006114,6.164690853360506,7.19213932892059,2.0631369023646244,3.0947053535469364,14.957742542143526,0.5142187485010987,1.5426562455032964,4.11374998800879,2.5651666100176405,1.0260666440070563,1.5390999660105842,3.092136689314576,3.092136689314576,1.0307122297715254,1.5524957262735313,2.587492877122552,3.1049914525470625,0.5133213113578098,0.0,13.346354095303056,2.060956935182999,3.091435402774499,2.060956935182999,1.0363065636922166,2.0726131273844333,9.32675907322995,10.266503752589635,4.619926688665336,5.646577063924299
2024-07-21,5.139334300787795,10.79260203165437,7.195068021102913,10.79260203165437,9.76473517149681,15.830723713457232,0.2553342534428586,3.5746795482000198,,,,1.5284903056019021,2.547483842669837,16.813393361620925,10.672147960248266,6.098370262999009,5.336073980124133,13.87055442006114,6.678415091140549,6.678415091140549,2.0631369023646244,3.0947053535469364,15.473526767734684,0.5142187485010987,1.5426562455032964,7.1990624790153825,2.5651666100176405,1.0260666440070563,1.5390999660105842,3.607492804200339,3.092136689314576,1.0307122297715254,1.5524957262735313,2.587492877122552,3.1049914525470625,0.5133213113578098,0.0,20.532852454312394,2.5761961689787487,2.5761961689787487,2.5761961689787487,1.0363065636922166,2.0726131273844333,9.844912355076058,10.266503752589635,4.619926688665336,6.159902251553781
2024-07-28,5.139334300787795,10.27866860157559,6.681134591024134,9.76473517149681,8.222934881260473,15.320055206571517,0.5106685068857172,3.5746795482000198,,,,2.0379870741358697,2.547483842669837,16.813393361620925,10.672147960248266,6.860666545873885,6.860666545873885,13.87055442006114,6.164690853360506,6.164690853360506,2.0631369023646244,2.57892112795578,13.926174090961215,0.25710937425054936,1.5426562455032964,7.713281227516481,2.5651666100176405,1.0260666440070563,1.5390999660105842,3.092136689314576,2.5767805744288133,1.0307122297715254,1.034997150849021,2.587492877122552,2.587492877122552,0.5133213113578098,0.0,13.859675406660866,2.5761961689787487,3.091435402774499,2.5761961689787487,1.0363065636922166,2.0726131273844333,9.32675907322995,10.266503752589635,4.619926688665336,6.159902251553781
2024-08-04,5.139334300787795,10.27866860157559,7.195068021102913,8.222934881260473,7.709001451181693,15.830723713457232,0.2553342534428586,3.5746795482000198,,,,2.0379870741358697,2.547483842669837,16.813393361620925,9.90985167737339,6.860666545873885,9.147555394498514,12.843105944501055,6.164690853360506,5.650966615580464,2.0631369023646244,3.0947053535469364,13.410389865370057,0.5142187485010987,1.5426562455032964,7.713281227516481,2.5651666100176405,1.0260666440070563,1.5390999660105842,3.092136689314576,2.5767805744288133,1.0307122297715254,1.034997150849021,2.587492877122552,2.069994301698042,0.5133213113578098,0.0,13.346354095303056,2.5761961689787487,2.5761961689787487,2.5761961689787487,1.0363065636922166,2.0726131273844333,9.32675907322995,9.753178564960153,4.106601501035854,6.673227439183263
2024-08-11,7.195068021102913,9.76473517149681,7.195068021102913,7.195068021102913,7.195068021102913,16.34139222034295,0.2553342534428586,3.5746795482000198,,,,2.0379870741358697,2.547483842669837,16.813393361620925,10.672147960248266,6.860666545873885,10.672147960248266,13.87055442006114,6.678415091140549,6.164690853360506,2.0631369023646244,2.57892112795578,14.441958316552371,0.5142187485010987,1.5426562455032964,8.22749997601758,2.5651666100176405,1.0260666440070563,1.5390999660105842,3.092136689314576,3.092136689314576,1.0307122297715254,1.5524957262735313,2.069994301698042,2.069994301698042,0.5133213113578098,0.0,13.859675406660866,2.5761961689787487,2.5761961689787487,2.5761961689787487,1.0363065636922166,2.0726131273844333,9.844912355076058,10.266503752589635,4.619926688665336,7.186552626812745
2024-08-18,7.195068021102913,9.250801741418032,6.167201160945355,7.195068021102913,6.167201160945355,14.809386699685799,0.0,3.5746795482000198,,,,2.0379870741358697,2.0379870741358697,17.832386898688863,10.672147960248266,6.860666545873885,16.770518223247272,13.87055442006114,7.19213932892059,5.650966615580464,2.0631369023646244,3.0947053535469364,15.473526767734684,0.5142187485010987,1.5426562455032964,8.22749997601758,2.5651666100176405,1.0260666440070563,1.5390999660105842,3.607492804200339,3.092136689314576,1.0307122297715254,1.5524957262735313,2.587492877122552,2.069994301698042,0.5133213113578098,0.0,15.399639340734293,2.5761961689787487,3.091435402774499,2.5761961689787487,1.0363065636922166,2.0726131273844333,10.363065636922167,10.266503752589635,4.619926688665336,7.186552626812745
2024-08-25,6.681134591024134,8.736868311339252,5.653267730866575,6.681134591024134,6.681134591024134,15.830723713457232,0.2553342534428586,3.0640110413143025,,,,2.0379870741358697,2.547483842669837,17.832386898688863,10.672147960248266,6.860666545873885,16.770518223247272,13.87055442006114,7.19213932892059,5.137242377800422,2.0631369023646244,3.0947053535469364,15.473526767734684,0.5142187485010987,1.5426562455032964,7.713281227516481,2.5651666100176405,1.0260666440070563,1.5390999660105842,3.092136689314576,2.5767805744288133,1.0307122297715254,1.034997150849021,3.1049914525470625,2.069994301698042,0.5133213113578098,0.0,12.833032783945246,2.5761961689787487,2.5761961689787487,2.5761961689787487,1.0363065636922166,2.0726131273844333,10.363065636922167,10.266503752589635,4.619926688665336,6.673227439183263
2024-09-01,5.653267730866575,8.736868311339252,5.653267730866575,6.167201160945355,7.195068021102913,15.830723713457232,0.2553342534428586,3.5746795482000198,,,,2.0379870741358697,2.547483842669837,17.832386898688863,10.672147960248266,9.90985167737339,19.81970335474678,12.329381706721012,7.19213932892059,5.650966615580464,2.0631369023646244,3.0947053535469364,16.505095218916995,0.5142187485010987,1.5426562455032964,8.22749997601758,2.5651666100176405,1.0260666440070563,1.5390999660105842,3.092136689314576,2.5767805744288133,1.0307122297715254,1.034997150849021,2.587492877122552,2.069994301698042,0.5133213113578098,0.0,14.372996718018676,2.5761961689787487,2.5761961689787487,2.5761961689787487,1.0363065636922166,1.554459845538325,10.363065636922167,10.266503752589635,4.106601501035854,7.186552626812745
2024-09-08,5.653267730866575,8.736868311339252,5.139334300787795,5.653267730866575,5.139334300787795,14.298718192800079,0.0,3.5746795482000198,,,,2.0379870741358697,2.0379870741358697,15.28490305601902,10.672147960248266,12.196740525998019,20.581999637621657,12.843105944501055,6.678415091140549,4.62351814002038,2.0631369023646244,2.57892112795578,14.441958316552371,0.5142187485010987,1.5426562455032964,7.713281227516481,2.5651666100176405,1.0260666440070563,1.5390999660105842,3.092136689314576,2.5767805744288133,1.0307122297715254,1.034997150849021,2.587492877122552,2.069994301698042,0.5133213113578098,0.2566606556789049,12.319711472587437,2.5761961689787487,2.5761961689787487,2.060956935182999,1.0363065636922166,2.0726131273844333,9.844912355076058,9.753178564960153,4.619926688665336,6.673227439183263
2024-09-15,5.653267730866575,8.222934881260473,5.139334300787795,5.653267730866575,5.139334300787795,14.809386699685799,0.2553342534428586,4.0853480550857375,,,,1.5284903056019021,2.547483842669837,16.303896593086957,11.434444243123142,7.622962828748761,21.34429592049653,12.843105944501055,7.19213932892059,4.62351814002038,2.0631369023646244,3.0947053535469364,15.989310993325839,0.5142187485010987,1.5426562455032964,7.713281227516481,2.5651666100176405,1.0260666440070563,1.5390999660105842,3.092136689314576,2.5767805744288133,1.0307122297715254,1.034997150849021,2.587492877122552,2.069994301698042,0.5133213113578098,0.0,12.319711472587437,2.060956935182999,2.5761961689787487,2.5761961689787487,1.0363065636922166,1.554459845538325,10.363065636922167,9.753178564960153,4.619926688665336,6.673227439183263
2024-09-22,4.625400870709016,7.709001451181693,5.139334300787795,5.139334300787795,4.625400870709016,15.320055206571517,0.2553342534428586,4.0853480550857375,,,,1.5284903056019021,2.0379870741358697,16.813393361620925,9.90985167737339,6.860666545873885,25.155777334870912,12.329381706721012,6.678415091140549,4.109793902240337,2.0631369023646244,2.57892112795578,14.957742542143526,0.5142187485010987,1.5426562455032964,7.713281227516481,2.5651666100176405,1.0260666440070563,1.5390999660105842,3.092136689314576,2.5767805744288133,1.0307122297715254,1.034997150849021,2.587492877122552,2.069994301698042,0.5133213113578098,0.0,11.806390161229626,2.5761961689787487,2.060956935182999,2.060956935182999,1.0363065636922166,2.0726131273844333,10.363065636922167,9.753178564960153,4.106601501035854,6.673227439183263
2024-09-29,4.625400870709016,8.222934881260473,4.1114674406302365,5.653267730866575,4.1114674406302365,15.320055206571517,0.0,3.5746795482000198,,,,1.5284903056019021,2.547483842669837,16.813393361620925,9.90985167737339,6.098370262999009,35.82792529511918,11.81565746894097,6.164690853360506,3.596069664460295,2.0631369023646244,2.57892112795578,14.441958316552371,0.5142187485010987,1.5426562455032964,7.1990624790153825,2.0521332880141125,1.0260666440070563,1.0260666440070563,2.5767805744288133,2.5767805744288133,1.0307122297715254,1.034997150849021,2.587492877122552,1.5524957262735313,0.5133213113578098,0.2566606556789049,11.806390161229626,2.5761961689787487,2.5761961689787487,2.060956935182999,1.0363065636922166,1.554459845538325,9.844912355076058,9.239853377330672,4.106601501035854,6.673227439183263
2024-10-06,3.5975340105514566,7.195068021102913,4.1114674406302365,4.625400870709016,3.0836005804726776,13.277381179028644,0.0,3.0640110413143025,,,,1.0189935370679348,2.0379870741358697,16.303896593086957,9.90985167737339,4.573777697249257,32.77874016361967,10.274484755600843,5.137242377800422,3.082345426680253,1.5473526767734682,2.0631369023646244,13.926174090961215,0.5142187485010987,1.5426562455032964,6.1706249820131855,2.0521332880141125,1.0260666440070563,1.0260666440070563,2.061424459543051,2.061424459543051,0.5153561148857627,1.034997150849021,2.069994301698042,1.5524957262735313,0.5133213113578098,0.0,10.266426227156197,2.060956935182999,2.060956935182999,2.060956935182999,1.0363065636922166,1.554459845538325,8.290452509537733,8.213203002071708,3.0799511257768906,5.133251876294818
2024-10-13,4.625400870709016,8.222934881260473,4.625400870709016,5.653267730866575,3.5975340105514566,15.320055206571517,0.0,3.5746795482000198,,,,1.5284903056019021,2.0379870741358697,16.303896593086957,10.672147960248266,6.860666545873885,57.934517498490585,11.81565746894097,6.164690853360506,3.082345426680253,2.0631369023646244,2.57892112795578,17.020879444508154,0.5142187485010987,1.5426562455032964,8.22749997601758,2.5651666100176405,1.0260666440070563,1.5390999660105842,2.5767805744288133,2.061424459543051,1.0307122297715254,1.034997150849021,2.069994301698042,1.5524957262735313,0.5133213113578098,0.2566606556789049,11.806390161229626,2.5761961689787487,2.060956935182999,2.060956935182999,1.0363065636922166,1.554459845538325,9.844912355076058,10.266503752589635,4.106601501035854,6.159902251553781
2024-10-20,4.1114674406302365,8.222934881260473,4.625400870709016,5.139334300787795,3.5975340105514566,14.809386699685799,0.0,3.5746795482000198,,,,1.5284903056019021,2.0379870741358697,16.303896593086957,10.672147960248266,6.098370262999009,69.36896174161372,11.81565746894097,6.164690853360506,3.082345426680253,2.0631369023646244,3.0947053535469364,16.505095218916995,0.5142187485010987,1.5426562455032964,7.713281227516481,2.5651666100176405,1.0260666440070563,1.0260666440070563,2.5767805744288133,2.5767805744288133,1.0307122297715254,1.034997150849021,2.587492877122552,2.069994301698042,0.5133213113578098,0.0,11.806390161229626,2.5761961689787487,2.060956935182999,2.5761961689787487,1.0363065636922166,1.554459845538325,11.399372200614383,9.239853377330672,4.619926688665336,6.673227439183263
2024-10-27,4.1114674406302365,8.222934881260473,5.139334300787795,5.653267730866575,4.1114674406302365,15.830723713457232,0.0,3.5746795482000198,,,,2.0379870741358697,2.0379870741358697,17.322890130154892,14.483629374622646,5.336073980124133,76.22962828748761,12.329381706721012,6.164690853360506,3.082345426680253,2.0631369023646244,3.0947053535469364,17.020879444508154,0.5142187485010987,1.5426562455032964,8.741718724518678,2.0521332880141125,1.0260666440070563,1.0260666440070563,3.092136689314576,2.061424459543051,1.0307122297715254,1.034997150849021,2.587492877122552,1.5524957262735313,0.5133213113578098,0.2566606556789049,11.806390161229626,2.5761961689787487,2.060956935182999,2.060956935182999,1.0363065636922166,1.554459845538325,11.399372200614383,9.753178564960153,5.133251876294818,6.159902251553781
2024-11-03,3.5975340105514566,7.195068021102913,4.625400870709016,4.625400870709016,3.0836005804726776,12.766712672142928,0.2553342534428586,3.5746795482000198,,,,1.5284903056019021,1.5284903056019021,15.28490305601902,20.581999637621657,5.336073980124133,16.770518223247272,11.301933231160929,5.137242377800422,3.082345426680253,1.5473526767734682,2.57892112795578,13.926174090961215,0.5142187485010987,1.5426562455032964,7.713281227516481,2.0521332880141125,1.0260666440070563,1.0260666440070563,2.5767805744288133,2.5767805744288133,1.0307122297715254,1.034997150849021,2.069994301698042,1.5524957262735313,0.5133213113578098,0.0,10.779747538514007,2.5761961689787487,2.060956935182999,2.060956935182999,1.0363065636922166,1.554459845538325,10.363065636922167,9.239853377330672,4.619926688665336,6.673227439183263
2024-11-10,4.1114674406302365,8.222934881260473,5.653267730866575,5.653267730866575,3.5975340105514566,14.298718192800079,0.2553342534428586,3.5746795482000198,,,,1.5284903056019021,2.0379870741358697,15.79439982455299,12.196740525998019,5.336073980124133,15.245925657497523,12.843105944501055,5.650966615580464,3.082345426680253,2.0631369023646244,3.0947053535469364,14.957742542143526,0.25710937425054936,2.056874994004395,8.22749997601758,2.5651666100176405,1.0260666440070563,1.0260666440070563,2.5767805744288133,2.5767805744288133,1.0307122297715254,1.034997150849021,2.587492877122552,1.5524957262735313,0.5133213113578098,0.2566606556789049,11.806390161229626,2.5761961689787487,2.060956935182999,2.060956935182999,1.0363065636922166,2.0726131273844333,12.4356787643066,10.266503752589635,5.133251876294818,7.186552626812745
2024-11-17,4.1114674406302365,8.222934881260473,6.167201160945355,5.139334300787795,3.0836005804726776,15.830723713457232,0.2553342534428586,3.5746795482000198,,,,1.5284903056019021,2.0379870741358697,18.341883667222827,12.196740525998019,5.336073980124133,20.581999637621657,13.356830182281097,6.164690853360506,3.082345426680253,2.0631369023646244,2.57892112795578,18.052447895690467,0.5142187485010987,1.5426562455032964,9.255937473019777,2.5651666100176405,1.5390999660105842,1.0260666440070563,3.092136689314576,2.061424459543051,1.0307122297715254,1.034997150849021,2.587492877122552,2.069994301698042,0.5133213113578098,0.0,12.833032783945246,3.091435402774499,2.060956935182999,2.5761961689787487,1.0363065636922166,2.0726131273844333,12.953832046152709,10.779828940219117,5.646577063924299,8.213203002071708
2024-11-24,4.1114674406302365,9.250801741418032,7.195068021102913,5.653267730866575,3.0836005804726776,16.34139222034295,0.0,3.5746795482000198,,,,2.0379870741358697,2.0379870741358697,19.87037397282473,12.959036808872895,5.336073980124133,39.63940670949356,14.38427865784118,6.164690853360506,3.596069664460295,3.610489579138093,2.0631369023646244,32.494406212242836,1.0284374970021974,2.056874994004395,12.341249964026371,4.104266576028225,1.5390999660105842,1.0260666440070563,2.5767805744288133,2.5767805744288133,1.0307122297715254,1.5524957262735313,2.069994301698042,1.5524957262735313,0.5133213113578098,0.2566606556789049,13.859675406660866,4.121913870365998,2.060956935182999,2.060956935182999,1.554459845538325,2.0726131273844333,15.54459845538325,13.346454878366526,7.186552626812745,9.753178564960153
2024-12-01,5.139334300787795,8.222934881260473,5.653267730866575,4.625400870709016,2.5696671503938977,13.788049685914363,0.0,3.0640110413143025,,,,1.5284903056019021,2.0379870741358697,15.79439982455299,10.672147960248266,4.573777697249257,9.147555394498514,12.843105944501055,5.137242377800422,2.568621188900211,2.0631369023646244,2.57892112795578,12.894605639778902,0.25710937425054936,2.056874994004395,8.741718724518678,2.5651666100176405,1.0260666440070563,1.0260666440070563,2.061424459543051,2.061424459543051,1.0307122297715254,1.034997150849021,2.069994301698042,2.069994301698042,0.5133213113578098,0.0,11.293068849871815,3.091435402774499,2.060956935182999,2.060956935182999,1.0363065636922166,2.0726131273844333,10.363065636922167,9.753178564960153,4.106601501035854,6.159902251553781
2024-12-08,3.5975340105514566,9.76473517149681,5.139334300787795,5.139334300787795,3.0836005804726776,13.788049685914363,0.2553342534428586,3.0640110413143025,,,,1.5284903056019021,2.0379870741358697,15.28490305601902,12.196740525998019,4.573777697249257,6.860666545873885,13.356830182281097,5.650966615580464,3.082345426680253,2.0631369023646244,2.57892112795578,12.378821414187746,0.25710937425054936,1.5426562455032964,9.255937473019777,2.5651666100176405,1.0260666440070563,1.0260666440070563,2.061424459543051,2.5767805744288133,1.0307122297715254,1.034997150849021,2.587492877122552,2.069994301698042,0.5133213113578098,0.2566606556789049,12.319711472587437,3.091435402774499,2.060956935182999,2.060956935182999,1.0363065636922166,2.0726131273844333,10.881218918768274,10.266503752589635,5.133251876294818,6.159902251553781
2024-12-15,3.5975340105514566,8.736868311339252,6.167201160945355,5.139334300787795,3.0836005804726776,14.809386699685799,0.2553342534428586,3.5746795482000198,,,,1.5284903056019021,2.0379870741358697,15.79439982455299,13.72133309174777,5.336073980124133,6.098370262999009,13.356830182281097,6.164690853360506,3.082345426680253,2.0631369023646244,2.57892112795578,12.894605639778902,0.5142187485010987,2.056874994004395,10.798593718523074,3.0781999320211684,1.0260666440070563,1.0260666440070563,2.061424459543051,2.5767805744288133,1.0307122297715254,1.034997150849021,2.069994301698042,2.069994301698042,0.5133213113578098,0.2566606556789049,13.346354095303056,3.091435402774499,2.060956935182999,2.060956935182999,1.0363065636922166,2.0726131273844333,11.399372200614383,10.266503752589635,5.646577063924299,6.673227439183263
2024-12-22,4.1114674406302365,9.76473517149681,7.195068021102913,5.653267730866575,3.0836005804726776,16.852060727228668,1.0213370137714344,3.5746795482000198,,,,2.0379870741358697,2.0379870741358697,16.303896593086957,12.959036808872895,4.573777697249257,8.385259111623636,14.898002895621222,8.219587804480675,3.082345426680253,2.57892112795578,2.57892112795578,15.989310993325839,1.0284374970021974,2.056874994004395,12.855468712527468,3.5912332540246967,1.0260666440070563,1.0260666440070563,2.061424459543051,2.5767805744288133,1.0307122297715254,1.034997150849021,2.069994301698042,2.069994301698042,0.5133213113578098,0.0,14.372996718018676,3.6066746365702484,2.5761961689787487,2.5761961689787487,1.554459845538325,2.0726131273844333,13.471985327998818,13.859780065996008,7.699877814442226,7.699877814442226
2024-12-29,4.625400870709016,10.79260203165437,7.195068021102913,6.681134591024134,3.0836005804726776,16.852060727228668,0.5106685068857172,3.5746795482000198,,,,1.5284903056019021,2.0379870741358697,16.813393361620925,10.672147960248266,6.098370262999009,5.336073980124133,15.925451371181307,18.49407256008152,3.082345426680253,2.57892112795578,3.0947053535469364,13.926174090961215,0.5142187485010987,2.056874994004395,10.798593718523074,3.0781999320211684,1.0260666440070563,1.0260666440070563,2.5767805744288133,2.5767805744288133,1.0307122297715254,1.034997150849021,2.587492877122552,1.5524957262735313,0.5133213113578098,0.2566606556789049,13.859675406660866,3.091435402774499,2.5761961689787487,2.5761961689787487,1.554459845538325,2.0726131273844333,12.953832046152709,12.319804503107562,6.159902251553781,7.699877814442226
2025-01-05,4.906862840584955,11.323529632119126,7.549019754746083,5.661764816059563,3.3970588896357374,16.541666865946112,0.187973487113024,4.135416716486528,,,,1.4970194272324517,1.8712742840405647,17.215723413173194,11.437307223902275,6.862384334341365,4.57492288956091,14.685040913870797,6.40117168040522,3.388855595508646,2.6445523313055905,3.400138711678617,13.600554846714468,0.37871932968271277,2.2723159780962767,11.361579890481384,2.614155492194971,1.1203523537978444,1.1203523537978444,3.0078119412953983,2.631835448633473,1.1279294779857745,1.1323161019290884,3.0195096051442354,1.5097548025721177,0.3775327857474238,0.1887663928737119,13.213647501159834,3.0124713418337956,2.6359124241045713,2.6359124241045713,1.476357123395318,1.8454464042441476,14.39448195310435,12.011969989365113,5.255236870347236,8.258229367688514
2025-01-12,4.906862840584955,13.58823555854295,7.549019754746083,6.416666791534171,3.0196079018984334,15.413825943267966,0.187973487113024,3.75946974226048,,,,1.1227645704243387,2.2455291408486775,17.215723413173194,12.199794372162428,6.862384334341365,4.57492288956091,13.931961892646655,6.40117168040522,3.388855595508646,2.6445523313055905,3.400138711678617,14.356141227087493,0.37871932968271277,2.2723159780962767,10.982860560798668,2.614155492194971,1.1203523537978444,1.1203523537978444,3.0078119412953983,2.631835448633473,1.1279294779857745,1.1323161019290884,3.396948305787265,1.5097548025721177,0.7550655714948477,0.3775327857474238,12.836114715412412,2.6359124241045713,2.2593535063753465,2.6359124241045713,1.1072678425464884,1.8454464042441476,13.65630339140669,11.636595927197453,6.0059849946825565,8.258229367688514
2025-01-19,4.906862840584955,15.47549049722947,7.171568767008779,6.039215803796867,3.0196079018984334,17.29356081439821,0.0,3.75946974226048,,,,1.4970194272324517,2.6197839976567905,17.215723413173194,11.437307223902275,6.099897186081214,4.57492288956091,14.308501403258726,5.648092659181075,3.388855595508646,2.6445523313055905,3.022345521492104,13.222761656527954,0.37871932968271277,2.2723159780962767,10.604141231115957,2.2407047075956887,1.1203523537978444,1.1203523537978444,3.0078119412953983,2.255858955971549,1.1279294779857745,1.5097548025721177,3.0195096051442354,1.1323161019290884,0.7550655714948477,0.1887663928737119,13.213647501159834,3.0124713418337956,2.2593535063753465,3.0124713418337956,1.1072678425464884,1.8454464042441476,12.549035548860202,11.636595927197453,5.630610932514896,8.633603429856175
2025-01-26,4.906862840584955,15.47549049722947,6.794117779271475,6.416666791534171,3.3970588896357374,16.165719891720062,0.0,3.75946974226048,,,,1.4970194272324517,2.6197839976567905,17.58997826998131,11.437307223902275,6.862384334341365,4.57492288956091,14.685040913870797,6.024632169793148,3.7653951061207174,2.266759141119078,3.022345521492104,12.844968466341442,0.37871932968271277,2.2723159780962767,11.361579890481384,2.2407047075956887,1.1203523537978444,1.1203523537978444,2.631835448633473,2.631835448633473,1.1279294779857745,1.5097548025721177,3.0195096051442354,1.5097548025721177,0.3775327857474238,0.0,12.836114715412412,2.6359124241045713,2.2593535063753465,2.6359124241045713,1.1072678425464884,1.8454464042441476,11.441767706313714,11.636595927197453,5.255236870347236,8.258229367688514
2025-02-02,5.284313828322259,16.98529444817869,7.171568767008779,6.416666791534171,3.3970588896357374,16.541666865946112,0.187973487113024,4.135416716486528,,,,1.4970194272324517,2.6197839976567905,15.34444912913263,11.437307223902275,6.862384334341365,3.8124357413007584,16.567738466931154,6.40117168040522,3.7653951061207174,2.6445523313055905,3.022345521492104,13.978348036900979,0.37871932968271277,2.2723159780962767,10.604141231115957,2.614155492194971,1.1203523537978444,1.1203523537978444,2.631835448633473,2.631835448633473,1.1279294779857745,1.8871935032151472,3.0195096051442354,1.5097548025721177,0.3775327857474238,0.3775327857474238,13.213647501159834,2.6359124241045713,2.6359124241045713,2.6359124241045713,1.476357123395318,1.8454464042441476,11.810856987162545,11.261221865029793,5.255236870347236,9.759725616359153
2025-02-09,4.906862840584955,21.137255313289035,6.794117779271475,6.794117779271475,3.7745098773730414,16.917613840172162,0.187973487113024,3.75946974226048,,,,1.8712742840405647,2.2455291408486775,17.58997826998131,11.437307223902275,6.099897186081214,3.8124357413007584,14.308501403258726,6.024632169793148,3.7653951061207174,2.266759141119078,3.400138711678617,13.222761656527954,0.37871932968271277,2.2723159780962767,10.982860560798668,2.614155492194971,1.1203523537978444,1.1203523537978444,2.631835448633473,2.255858955971549,1.1279294779857745,1.8871935032151472,3.0195096051442354,1.8871935032151472,0.7550655714948477,0.1887663928737119,13.968713072654682,2.2593535063753465,2.2593535063753465,2.6359124241045713,1.1072678425464884,1.8454464042441476,11.441767706313714,10.885847802862132,5.630610932514896,7.507481243353196
2025-02-16,4.906862840584955,16.98529444817869,7.171568767008779,7.171568767008779,4.151960865110346,16.917613840172162,0.187973487113024,4.511363690712577,,,,1.8712742840405647,2.6197839976567905,17.58997826998131,10.674820075642124,6.862384334341365,3.8124357413007584,14.685040913870797,6.024632169793148,3.7653951061207174,2.6445523313055905,3.400138711678617,13.978348036900979,0.37871932968271277,2.2723159780962767,10.604141231115957,2.614155492194971,1.1203523537978444,1.4938031383971262,3.0078119412953983,2.631835448633473,1.1279294779857745,1.5097548025721177,3.0195096051442354,1.5097548025721177,0.7550655714948477,0.1887663928737119,14.346245858402105,3.0124713418337956,3.0124713418337956,2.6359124241045713,1.1072678425464884,1.8454464042441476,11.810856987162545,10.885847802862132,5.255236870347236,8.258229367688514
2025-02-23,5.284313828322259,31.328431982196246,6.794117779271475,7.549019754746083,4.529411852847651,16.541666865946112,0.187973487113024,4.511363690712577,,,,1.8712742840405647,2.6197839976567905,16.841468556365083,11.437307223902275,6.862384334341365,3.8124357413007584,14.685040913870797,6.40117168040522,3.7653951061207174,2.266759141119078,3.400138711678617,13.978348036900979,0.37871932968271277,2.651035307778989,10.225421901433245,2.614155492194971,1.1203523537978444,1.1203523537978444,3.0078119412953983,2.631835448633473,1.1279294779857745,1.8871935032151472,3.0195096051442354,1.8871935032151472,0.3775327857474238,0.1887663928737119,14.346245858402105,3.0124713418337956,2.6359124241045713,2.6359124241045713,1.1072678425464884,1.8454464042441476,12.179946268011374,10.135099678526814,5.630610932514896,7.507481243353196
2025-03-02,5.284313828322259,37.74509877373042,7.926470742483387,7.549019754746083,4.529411852847651,17.669507788624255,0.187973487113024,4.511363690712577,,,,1.8712742840405647,2.6197839976567905,16.841468556365083,10.674820075642124,6.862384334341365,3.8124357413007584,14.308501403258726,6.40117168040522,4.518474127344861,2.266759141119078,3.400138711678617,14.356141227087493,0.37871932968271277,2.651035307778989,9.846702571750532,2.614155492194971,1.1203523537978444,1.1203523537978444,3.0078119412953983,2.631835448633473,1.1279294779857745,1.8871935032151472,3.0195096051442354,1.8871935032151472,0.3775327857474238,0.1887663928737119,13.591180286907257,2.2593535063753465,2.6359124241045713,2.6359124241045713,1.1072678425464884,2.2145356850929767,12.179946268011374,10.510473740694472,4.879862808179577,7.507481243353196
2025-03-09,5.284313828322259,18.117647411390603,7.549019754746083,7.549019754746083,4.529411852847651,16.917613840172162,0.0,4.511363690712577,,,,1.8712742840405647,2.6197839976567905,17.58997826998131,11.437307223902275,6.099897186081214,3.8124357413007584,15.43811993509494,6.40117168040522,4.141934616732788,2.266759141119078,3.400138711678617,14.733934417274007,0.18935966484135638,2.2723159780962767,10.982860560798668,2.614155492194971,1.1203523537978444,1.1203523537978444,3.0078119412953983,2.631835448633473,1.1279294779857745,1.5097548025721177,2.642070904501206,1.8871935032151472,0.3775327857474238,0.1887663928737119,15.101311429896954,2.2593535063753465,2.6359124241045713,3.0124713418337956,1.1072678425464884,2.2145356850929767,12.179946268011374,10.885847802862132,4.879862808179577,7.132107181185535
2025-03-16,5.661764816059563,15.47549049722947,7.926470742483387,8.681372717957995,4.906862840584955,17.29356081439821,0.187973487113024,4.511363690712577,,,,1.8712742840405647,2.6197839976567905,18.712742840405646,11.437307223902275,6.862384334341365,3.8124357413007584,15.06158042448287,6.777711191017292,4.518474127344861,2.266759141119078,3.400138711678617,16.24510717802006,0.37871932968271277,2.651035307778989,10.604141231115957,2.9876062767942524,1.1203523537978444,1.4938031383971262,3.0078119412953983,5.6396473899288715,1.1279294779857745,1.8871935032151472,2.642070904501206,1.8871935032151472,0.3775327857474238,0.1887663928737119,14.346245858402105,2.6359124241045713,2.6359124241045713,3.0124713418337956,1.1072678425464884,2.2145356850929767,11.810856987162545,10.510473740694472,5.255236870347236,7.882855305520855
2025-03-23,6.039215803796867,13.965686546280253,8.681372717957995,8.681372717957995,4.529411852847651,16.917613840172162,0.0,4.887310664938624,,,,2.2455291408486775,2.6197839976567905,17.96423312678942,11.437307223902275,7.624871482601517,3.8124357413007584,15.43811993509494,6.777711191017292,4.518474127344861,2.266759141119078,3.400138711678617,15.489520797647032,0.37871932968271277,2.2723159780962767,10.982860560798668,2.614155492194971,1.1203523537978444,1.4938031383971262,3.0078119412953983,2.631835448633473,1.1279294779857745,1.5097548025721177,2.642070904501206,1.8871935032151472,0.7550655714948477,0.1887663928737119,14.723778644149528,2.6359124241045713,2.6359124241045713,3.0124713418337956,1.1072678425464884,2.2145356850929767,11.441767706313714,10.510473740694472,5.255236870347236,7.132107181185535
2025-03-30,5.661764816059563,12.833333583068342,8.681372717957995,8.681372717957995,4.529411852847651,16.917613840172162,0.0,4.511363690712577,,,,2.2455291408486775,2.6197839976567905,18.712742840405646,11.437307223902275,6.862384334341365,3.8124357413007584,15.43811993509494,6.777711191017292,4.141934616732788,2.266759141119078,3.400138711678617,15.867313987833546,0.37871932968271277,1.893596648413564,10.225421901433245,2.614155492194971,1.1203523537978444,1.4938031383971262,3.0078119412953983,2.631835448633473,1.1279294779857745,1.8871935032151472,2.642070904501206,1.8871935032151472,0.3775327857474238,0.1887663928737119,15.101311429896954,2.6359124241045713,3.0124713418337956,3.0124713418337956,1.1072678425464884,2.2145356850929767,11.441767706313714,10.885847802862132,5.255236870347236,7.507481243353196
2025-04-06,6.416666791534171,11.700980619856429,9.436274693432605,9.81372568116991,6.039215803796867,16.541666865946112,0.0,4.511363690712577,,,,1.8712742840405647,2.6197839976567905,18.33848798359753,11.437307223902275,6.862384334341365,3.8124357413007584,15.06158042448287,6.777711191017292,4.518474127344861,2.266759141119078,3.400138711678617,15.11172760746052,0.37871932968271277,1.893596648413564,10.225421901433245,2.614155492194971,1.1203523537978444,1.1203523537978444,3.0078119412953983,3.0078119412953983,1.1279294779857745,1.8871935032151472,2.642070904501206,1.8871935032151472,0.7550655714948477,0.1887663928737119,14.346245858402105,3.0124713418337956,3.0124713418337956,3.0124713418337956,1.1072678425464884,2.2145356850929767,11.810856987162545,10.885847802862132,4.879862808179577,6.756733119017876
2025-04-13,6.039215803796867,13.210784570805645,9.81372568116991,9.436274693432605,6.039215803796867,17.29356081439821,0.187973487113024,4.887310664938624,,,,1.8712742840405647,2.9940388544649035,18.712742840405646,11.437307223902275,6.862384334341365,3.8124357413007584,16.944277977543226,6.777711191017292,4.895013637956933,2.266759141119078,3.77793190186513,15.867313987833546,0.37871932968271277,1.893596648413564,11.361579890481384,2.614155492194971,1.1203523537978444,1.4938031383971262,3.3837884339573234,2.631835448633473,1.1279294779857745,1.8871935032151472,2.2646322038581768,2.2646322038581768,0.7550655714948477,0.1887663928737119,15.478844215644376,3.0124713418337956,3.0124713418337956,2.6359124241045713,1.1072678425464884,2.2145356850929767,11.441767706313714,10.510473740694472,5.255236870347236,7.507481243353196
2025-04-20,6.039215803796867,12.078431607593734,10.191176668907213,9.436274693432605,6.794117779271475,16.917613840172162,0.187973487113024,4.135416716486528,,,,2.2455291408486775,2.6197839976567905,17.96423312678942,11.437307223902275,6.099897186081214,3.8124357413007584,16.567738466931154,6.777711191017292,4.518474127344861,2.266759141119078,4.91131147242467,14.733934417274007,0.37871932968271277,1.893596648413564,10.225421901433245,2.9876062767942524,1.1203523537978444,1.4938031383971262,3.3837884339573234,2.631835448633473,1.1279294779857745,1.8871935032151472,2.642070904501206,1.8871935032151472,0.7550655714948477,0.1887663928737119,13.968713072654682,2.6359124241045713,3.0124713418337956,2.6359124241045713,1.1072678425464884,2.5836249659418065,11.072678425464884,10.510473740694472,5.255236870347236,7.132107181185535
2025-04-27,7.171568767008779,12.455882595331037,10.191176668907213,10.568627656644518,7.926470742483387,18.421401737076355,0.187973487113024,4.511363690712577,,,,1.8712742840405647,2.9940388544649035,18.33848798359753,10.674820075642124,6.862384334341365,4.57492288956091,15.06158042448287,7.154250701629363,5.271553148569005,2.266759141119078,3.400138711678617,15.11172760746052,0.18935966484135638,1.893596648413564,9.846702571750532,2.9876062767942524,1.1203523537978444,1.4938031383971262,3.3837884339573234,3.0078119412953983,1.1279294779857745,2.2646322038581768,2.2646322038581768,2.2646322038581768,0.3775327857474238,0.1887663928737119,14.346245858402105,2.6359124241045713,3.3890302595630204,3.0124713418337956,1.476357123395318,5.536339212732442,11.072678425464884,10.135099678526814,4.879862808179577,7.132107181185535
2025-05-04,6.416666791534171,13.58823555854295,9.81372568116991,10.568627656644518,8.303921730220692,18.04545476285031,0.187973487113024,4.135416716486528,,,,2.2455291408486775,2.6197839976567905,17.96423312678942,10.674820075642124,6.862384334341365,4.57492288956091,16.944277977543226,6.024632169793148,5.271553148569005,2.266759141119078,3.400138711678617,15.489520797647032,0.18935966484135638,1.893596648413564,9.467983242067818,2.614155492194971,1.1203523537978444,1.4938031383971262,3.3837884339573234,3.0078119412953983,1.1279294779857745,2.2646322038581768,2.2646322038581768,2.2646322038581768,0.3775327857474238,0.1887663928737119,14.723778644149528,2.6359124241045713,3.3890302595630204,3.0124713418337956,1.1072678425464884,2.952714246790636,11.072678425464884,10.510473740694472,4.879862808179577,6.381359056850216
2025-05-11,6.794117779271475,12.078431607593734,8.681372717957995,12.078431607593734,9.058823705695302,18.421401737076355,0.0,4.887310664938624,,,,2.2455291408486775,2.6197839976567905,19.08699769721376,11.437307223902275,6.862384334341365,3.8124357413007584,16.191198956319084,6.777711191017292,5.648092659181075,1.888965950932565,3.400138711678617,15.11172760746052,0.18935966484135638,1.893596648413564,9.846702571750532,2.614155492194971,1.1203523537978444,1.4938031383971262,3.7597649266192477,2.631835448633473,1.1279294779857745,2.2646322038581768,2.2646322038581768,1.8871935032151472,0.7550655714948477,0.1887663928737119,15.478844215644376,2.6359124241045713,3.3890302595630204,3.0124713418337956,1.1072678425464884,2.5836249659418065,10.703589144616055,10.510473740694472,4.879862808179577,7.132107181185535
2025-05-18,8.681372717957995,11.323529632119126,9.058823705695302,13.58823555854295,12.078431607593734,18.04545476285031,0.0,4.135416716486528,,,,1.8712742840405647,2.6197839976567905,17.215723413173194,11.437307223902275,6.862384334341365,3.8124357413007584,15.43811993509494,6.40117168040522,6.40117168040522,2.266759141119078,3.400138711678617,16.24510717802006,0.18935966484135638,1.893596648413564,9.846702571750532,2.614155492194971,1.1203523537978444,1.4938031383971262,3.3837884339573234,2.631835448633473,1.1279294779857745,1.8871935032151472,2.642070904501206,2.2646322038581768,0.3775327857474238,0.0,15.478844215644376,2.6359124241045713,3.3890302595630204,2.6359124241045713,1.1072678425464884,2.5836249659418065,10.703589144616055,10.510473740694472,4.879862808179577,7.132107181185535
2025-05-25,7.926470742483387,12.455882595331037,8.303921730220692,16.607843460441384,14.343137534017558,18.04545476285031,0.187973487113024,3.75946974226048,,,,2.2455291408486775,2.6197839976567905,18.712742840405646,11.437307223902275,6.862384334341365,4.57492288956091,15.43811993509494,6.40117168040522,7.154250701629363,1.888965950932565,3.022345521492104,18.134073128952625,0.18935966484135638,1.893596648413564,9.467983242067818,2.9876062767942524,1.1203523537978444,1.8672539229964076,3.7597649266192477,3.0078119412953983,1.1279294779857745,1.8871935032151472,2.2646322038581768,2.642070904501206,0.3775327857474238,0.1887663928737119,15.8563770013918,2.6359124241045713,3.3890302595630204,3.0124713418337956,1.1072678425464884,2.2145356850929767,11.441767706313714,10.885847802862132,4.879862808179577,6.381359056850216
2025-06-01,7.171568767008779,12.078431607593734,8.681372717957995,15.098039509492166,11.700980619856429,20.677083582432644,0.0,4.511363690712577,,,,2.2455291408486775,2.6197839976567905,18.712742840405646,11.437307223902275,6.862384334341365,3.8124357413007584,15.43811993509494,6.40117168040522,7.154250701629363,1.888965950932565,3.022345521492104,15.867313987833546,0.18935966484135638,1.514877318730851,8.710544582702394,2.614155492194971,1.1203523537978444,1.8672539229964076,3.3837884339573234,3.0078119412953983,1.1279294779857745,1.8871935032151472,2.642070904501206,2.642070904501206,0.3775327857474238,0.1887663928737119,15.101311429896954,2.2593535063753465,3.3890302595630204,2.6359124241045713,1.476357123395318,2.2145356850929767,11.441767706313714,10.510473740694472,4.879862808179577,6.381359056850216
2025-06-08,6.794117779271475,13.965686546280253,8.303921730220692,15.47549049722947,12.078431607593734,17.669507788624255,0.0,4.135416716486528,,,,1.8712742840405647,2.6197839976567905,17.58997826998131,11.437307223902275,6.862384334341365,4.57492288956091,16.191198956319084,6.40117168040522,7.530790212241435,1.888965950932565,3.400138711678617,16.24510717802006,0.18935966484135638,1.893596648413564,7.9531059233369685,2.614155492194971,1.1203523537978444,1.8672539229964076,3.3837884339573234,3.0078119412953983,1.1279294779857745,1.8871935032151472,2.2646322038581768,2.2646322038581768,0.3775327857474238,0.0,16.98897535863407,2.6359124241045713,3.3890302595630204,2.6359124241045713,1.1072678425464884,2.2145356850929767,11.072678425464884,10.510473740694472,4.879862808179577,6.0059849946825565
2025-06-15,6.794117779271475,11.700980619856429,8.303921730220692,15.098039509492166,13.58823555854295,17.669507788624255,0.0,4.135416716486528,,,,1.8712742840405647,2.6197839976567905,18.33848798359753,11.437307223902275,6.862384334341365,4.57492288956091,16.191198956319084,6.777711191017292,7.530790212241435,1.888965950932565,3.022345521492104,16.62290036820657,0.18935966484135638,1.893596648413564,9.467983242067818,2.614155492194971,1.1203523537978444,1.4938031383971262,3.3837884339573234,3.0078119412953983,0.7519529853238496,1.8871935032151472,2.2646322038581768,2.2646322038581768,0.7550655714948477,0.1887663928737119,15.101311429896954,2.6359124241045713,3.3890302595630204,2.6359124241045713,1.1072678425464884,2.2145356850929767,10.334499863767226,10.510473740694472,4.504488746011917,6.381359056850216
2025-06-22,6.794117779271475,11.700980619856429,8.303921730220692,16.607843460441384,12.455882595331037,19.549242659754498,0.0,4.511363690712577,,,,1.8712742840405647,2.6197839976567905,18.712742840405646,12.199794372162428,6.862384334341365,4.57492288956091,18.073896509379445,6.777711191017292,7.530790212241435,1.888965950932565,3.022345521492104,16.24510717802006,0.0,1.893596648413564,9.089263912385107,2.614155492194971,1.1203523537978444,2.2407047075956887,3.3837884339573234,3.0078119412953983,1.1279294779857745,1.8871935032151472,2.2646322038581768,2.642070904501206,0.7550655714948477,0.1887663928737119,15.478844215644376,2.6359124241045713,3.3890302595630204,2.6359124241045713,1.1072678425464884,2.5836249659418065,11.441767706313714,11.261221865029793,4.879862808179577,6.0059849946825565
2025-06-29,6.794117779271475,12.455882595331037,10.568627656644518,16.98529444817869,14.720588521754863,18.7973487113024,0.187973487113024,4.135416716486528,,,,1.8712742840405647,2.9940388544649035,19.08699769721376,12.199794372162428,6.862384334341365,5.337410037821062,15.814659445707013,6.777711191017292,9.036948254689722,2.266759141119078,3.400138711678617,20.4008322700717,0.18935966484135638,1.893596648413564,8.710544582702394,2.614155492194971,0.7469015691985631,1.8672539229964076,3.7597649266192477,3.0078119412953983,0.7519529853238496,1.8871935032151472,2.2646322038581768,3.0195096051442354,0.7550655714948477,0.1887663928737119,16.233909787139226,3.0124713418337956,3.3890302595630204,3.0124713418337956,1.476357123395318,2.5836249659418065,12.549035548860202,11.636595927197453,4.879862808179577,6.756733119017876
2025-07-06,6.79367058786189,11.322784313103151,9.058227450482521,15.474471894574307,13.209915031953676,21.425114950583986,0.0,3.7587920965936816,,,,2.2450239828866065,6.360901284845386,21.327727837422767,12.318234050632718,7.390940430379629,5.748509223628601,16.189005015863625,6.400304308597248,8.659235241043334,1.8888640952509546,3.399955371451718,16.622004038208402,0.3785685706119004,1.8928428530595025,9.08564569468561,2.9859587263689513,1.1197345223883566,1.8662242039805943,3.758971211601135,3.3830740904410215,0.7517942423202271,1.5096355970970199,2.6418622949197847,3.3966800934682944,0.7550773534464019,0.18876933836160048,15.101547068928038,2.6358394431485355,3.3889364269052598,3.0123879350268976,1.1497739792987833,2.6828059516971607,12.26425577918702,11.635754519419965,5.254856879738048,7.131591479644495
2025-07-13,6.416244444091785,10.945358169333046,9.058227450482521,15.474471894574307,11.700210456873256,18.418081273309042,0.0,3.7587920965936816,,,,1.8708533190721728,5.238389293402083,18.708533190721724,12.318234050632718,7.390940430379629,5.748509223628601,16.941981993345657,6.400304308597248,8.28274675230232,1.8888640952509546,3.777728190501909,16.244231219158213,0.1892842853059502,1.8928428530595025,9.464214265297512,2.6127138855728322,2.239469044776713,1.8662242039805943,3.758971211601135,3.0071769692809083,1.1276913634803405,1.1322266978227649,2.6418622949197847,3.0192711941940398,0.37753867672320096,0.0,15.47908574565124,2.6358394431485355,3.3889364269052598,3.0123879350268976,1.1497739792987833,2.2995479585975667,11.497739792987831,12.011101439401253,4.879509959756759,7.131591479644495
2025-07-20,6.416244444091785,11.700210456873256,7.925949019172205,13.58734117572378,10.567932025562941,21.049235740924615,0.18793960482968408,3.7587920965936816,,,,2.2450239828866065,2.9933653105154763,20.5793865097939,12.318234050632718,7.390940430379629,7.390940430379629,16.941981993345657,6.776792797338262,7.906258263561306,2.266636914301146,4.1555010095521006,16.999776857258592,0.1892842853059502,2.2714114236714025,8.70707712407371,2.9859587263689513,1.8662242039805943,1.8662242039805943,3.758971211601135,3.0071769692809083,1.1276913634803405,1.5096355970970199,2.6418622949197847,3.3966800934682944,0.7550773534464019,0.0,16.234163099097643,3.0123879350268976,3.3889364269052598,2.6358394431485355,1.1497739792987833,2.6828059516971607,11.880997786087427,12.011101439401253,5.254856879738048,6.3808976396819155
2025-07-27,6.416244444091785,13.964767319493886,8.680801306712416,11.700210456873256,10.190505881792836,19.169839692627775,0.18793960482968408,3.7587920965936816,,,,2.2450239828866065,2.9933653105154763,19.831045182165028,12.318234050632718,7.390940430379629,9.03337163713066,15.812516527122613,7.529769774820292,7.1532812860792765,1.8888640952509546,3.399955371451718,16.999776857258592,0.1892842853059502,1.8928428530595025,9.08564569468561,2.9859587263689513,1.1197345223883566,1.8662242039805943,3.758971211601135,3.0071769692809083,1.1276913634803405,1.5096355970970199,2.6418622949197847,3.0192711941940398,0.7550773534464019,0.18876933836160048,16.611701775820844,3.0123879350268976,3.3889364269052598,3.0123879350268976,1.1497739792987833,2.2995479585975667,11.880997786087427,12.011101439401253,4.879509959756759,7.131591479644495
2025-08-03,5.6613921565515755,12.455062744413466,8.30337516294231,10.190505881792836,10.190505881792836,17.6663228539903,0.0,3.7587920965936816,,,,2.2450239828866065,2.6191946467010414,17.586021199278424,12.318234050632718,6.569724827004116,9.854587240506174,18.447935948309713,7.1532812860792765,7.1532812860792765,2.266636914301146,3.0221825524015276,15.110912762007636,0.1892842853059502,1.8928428530595025,8.32850855346181,2.9859587263689513,1.1197345223883566,1.8662242039805943,3.758971211601135,2.631279848120794,1.1276913634803405,1.5096355970970199,2.2644533956455297,2.2644533956455297,0.7550773534464019,0.18876933836160048,14.346469715481637,2.6358394431485355,3.3889364269052598,2.6358394431485355,1.1497739792987833,2.2995479585975667,11.880997786087427,11.635754519419965,4.879509959756759,6.756244559663204
2025-08-10,5.2839660127814705,12.455062744413466,7.925949019172205,9.435653594252626,7.925949019172205,16.914564434671565,0.0,3.3829128869343137,,,,2.2450239828866065,2.6191946467010414,19.08270385453616,11.497018447257203,6.569724827004116,11.497018447257203,15.436028038381597,7.1532812860792765,6.776792797338262,1.8888640952509546,3.399955371451718,14.733139942957447,0.1892842853059502,1.5142742824476016,8.32850855346181,2.6127138855728322,1.1197345223883566,1.8662242039805943,3.3830740904410215,2.631279848120794,1.1276913634803405,1.1322266978227649,2.2644533956455297,2.6418622949197847,0.7550773534464019,0.18876933836160048,14.346469715481637,3.0123879350268976,3.0123879350268976,2.6358394431485355,1.1497739792987833,1.9162899654979721,11.497739792987831,10.885060679457386,4.879509959756759,7.131591479644495
2025-08-17,5.2839660127814705,11.322784313103151,7.5485228754021,8.30337516294231,7.925949019172205,16.5386852250122,0.0,3.7587920965936816,,,,2.2450239828866065,2.2450239828866065,19.456874518350595,12.318234050632718,7.390940430379629,14.781880860759259,14.683051060899565,7.529769774820292,6.400304308597248,2.266636914301146,3.0221825524015276,14.355367123907255,0.3785685706119004,1.5142742824476016,9.08564569468561,2.6127138855728322,1.1197345223883566,1.4929793631844757,3.758971211601135,2.631279848120794,1.1276913634803405,1.5096355970970199,2.6418622949197847,2.2644533956455297,0.7550773534464019,0.0,13.591392362035235,2.6358394431485355,3.3889364269052598,2.6358394431485355,1.1497739792987833,1.9162899654979721,11.497739792987831,11.260407599438675,5.254856879738048,7.506938399625782
2025-08-24,5.2839660127814705,10.945358169333046,6.79367058786189,8.30337516294231,7.5485228754021,15.786926805693462,0.18793960482968408,3.7587920965936816,,,,2.2450239828866065,2.9933653105154763,19.831045182165028,12.318234050632718,6.569724827004116,18.887958877636834,15.059539549640585,7.529769774820292,6.023815819856233,1.8888640952509546,3.0221825524015276,14.733139942957447,0.3785685706119004,1.5142742824476016,8.70707712407371,2.6127138855728322,1.1197345223883566,1.4929793631844757,3.3830740904410215,2.631279848120794,1.1276913634803405,1.1322266978227649,2.6418622949197847,2.2644533956455297,0.37753867672320096,0.18876933836160048,13.968931038758436,2.6358394431485355,3.0123879350268976,2.6358394431485355,1.1497739792987833,1.9162899654979721,11.880997786087427,11.260407599438675,4.879509959756759,7.131591479644495
2025-08-31,5.2839660127814705,10.945358169333046,6.79367058786189,7.5485228754021,7.5485228754021,15.786926805693462,0.0,3.3829128869343137,,,,1.8708533190721728,2.6191946467010414,20.95355717360833,12.318234050632718,6.569724827004116,21.351605687763374,14.683051060899565,7.906258263561306,5.647327331115218,2.266636914301146,3.0221825524015276,15.488685581057828,0.3785685706119004,1.5142742824476016,9.464214265297512,2.6127138855728322,1.1197345223883566,1.4929793631844757,3.0071769692809083,2.631279848120794,1.1276913634803405,1.5096355970970199,2.6418622949197847,2.2644533956455297,0.7550773534464019,0.0,13.968931038758436,2.6358394431485355,3.0123879350268976,2.6358394431485355,1.1497739792987833,2.2995479585975667,11.880997786087427,12.011101439401253,4.879509959756759,6.756244559663204
2025-09-07,4.5291137252412605,10.567932025562941,6.79367058786189,7.171096731631995,5.6613921565515755,14.65928917671536,0.0,3.3829128869343137,,,,1.8708533190721728,2.2450239828866065,20.205215845979463,11.497018447257203,6.569724827004116,20.53039008438786,13.553585594676523,7.1532812860792765,5.270838842374204,1.8888640952509546,3.0221825524015276,15.866458400108021,0.1892842853059502,1.5142742824476016,8.32850855346181,2.239469044776713,1.1197345223883566,1.4929793631844757,3.0071769692809083,2.631279848120794,1.1276913634803405,1.5096355970970199,2.2644533956455297,2.2644533956455297,0.37753867672320096,0.0,12.458776331865632,2.6358394431485355,3.0123879350268976,2.2592909512701733,1.1497739792987833,1.9162899654979721,11.497739792987831,10.885060679457386,4.879509959756759,7.131591479644495
2025-09-14,4.9065398690113655,10.190505881792836,7.171096731631995,6.79367058786189,5.2839660127814705,14.65928917671536,0.0,3.3829128869343137,,,,1.8708533190721728,2.2450239828866065,19.831045182165028,11.497018447257203,5.748509223628601,24.636468101265436,14.306562572158553,7.529769774820292,5.270838842374204,1.8888640952509546,3.0221825524015276,15.110912762007636,0.3785685706119004,1.8928428530595025,8.70707712407371,2.6127138855728322,1.1197345223883566,1.4929793631844757,3.3830740904410215,2.255382726960681,1.1276913634803405,1.5096355970970199,2.2644533956455297,2.2644533956455297,0.7550773534464019,0.18876933836160048,12.08123765514243,3.0123879350268976,3.0123879350268976,2.2592909512701733,1.1497739792987833,2.2995479585975667,11.114481799888237,10.509713759476096,4.50416303977547,6.756244559663204
2025-09-21,4.9065398690113655,9.813079738022731,6.03881830032168,6.416244444091785,4.9065398690113655,15.035168386374727,0.18793960482968408,3.3829128869343137,,,,1.8708533190721728,2.6191946467010414,19.456874518350595,11.497018447257203,5.748509223628601,27.10011491139198,15.059539549640585,7.529769774820292,5.270838842374204,2.266636914301146,3.0221825524015276,14.733139942957447,0.3785685706119004,1.5142742824476016,9.08564569468561,2.6127138855728322,1.1197345223883566,1.4929793631844757,3.0071769692809083,2.631279848120794,0.7517942423202271,1.5096355970970199,2.6418622949197847,2.2644533956455297,0.37753867672320096,0.18876933836160048,12.836315008588832,2.6358394431485355,2.6358394431485355,2.6358394431485355,1.1497739792987833,2.2995479585975667,12.26425577918702,11.260407599438675,4.879509959756759,7.131591479644495
2025-09-28,4.151687581471155,9.813079738022731,6.79367058786189,6.416244444091785,4.5291137252412605,16.5386852250122,0.18793960482968408,3.3829128869343137,,,,1.8708533190721728,2.6191946467010414,19.456874518350595,11.497018447257203,6.569724827004116,38.59713335864918,13.177097105935509,7.529769774820292,4.517861864892175,2.266636914301146,3.0221825524015276,18.133095314409168,0.3785685706119004,1.5142742824476016,9.08564569468561,2.6127138855728322,1.1197345223883566,1.4929793631844757,3.0071769692809083,2.631279848120794,1.1276913634803405,1.5096355970970199,2.6418622949197847,2.2644533956455297,0.37753867672320096,0.18876933836160048,13.213853685312035,3.0123879350268976,3.0123879350268976,2.2592909512701733,1.1497739792987833,2.2995479585975667,11.880997786087427,11.260407599438675,4.879509959756759,7.131591479644495
2025-10-05,4.5291137252412605,9.813079738022731,6.03881830032168,6.03881830032168,3.77426143770105,16.16280601535283,0.0,4.13467130625305,,,,1.8708533190721728,2.2450239828866065,21.7018985012372,11.497018447257203,5.748509223628601,48.45172059915536,13.553585594676523,6.776792797338262,4.14137337615116,2.266636914301146,3.0221825524015276,16.999776857258592,0.3785685706119004,1.5142742824476016,9.08564569468561,2.6127138855728322,1.1197345223883566,1.1197345223883566,3.0071769692809083,2.631279848120794,1.1276913634803405,1.1322266978227649,2.2644533956455297,2.2644533956455297,0.37753867672320096,0.18876933836160048,12.836315008588832,3.0123879350268976,2.6358394431485355,2.6358394431485355,1.1497739792987833,1.9162899654979721,11.880997786087427,11.260407599438675,5.254856879738048,6.756244559663204
2025-10-12,4.9065398690113655,9.813079738022731,6.416244444091785,6.79367058786189,3.77426143770105,16.16280601535283,0.18793960482968408,3.7587920965936816,,,,1.8708533190721728,2.2450239828866065,25.069434475567114,12.318234050632718,5.748509223628601,63.23360145991462,14.306562572158553,7.1532812860792765,4.14137337615116,2.266636914301146,3.0221825524015276,19.266413771559737,0.3785685706119004,1.5142742824476016,9.842782835909412,2.6127138855728322,1.1197345223883566,1.4929793631844757,3.3830740904410215,3.0071769692809083,1.1276913634803405,1.1322266978227649,1.8870444963712747,1.8870444963712747,0.37753867672320096,0.0,13.591392362035235,3.0123879350268976,2.6358394431485355,2.2592909512701733,1.1497739792987833,2.2995479585975667,11.880997786087427,11.635754519419965,5.630203799719338,7.506938399625782
2025-10-19,4.151687581471155,10.567932025562941,6.03881830032168,6.03881830032168,4.151687581471155,15.035168386374727,0.18793960482968408,3.7587920965936816,,,,1.8708533190721728,2.2450239828866065,20.205215845979463,12.318234050632718,5.748509223628601,69.80332628691873,14.683051060899565,6.400304308597248,3.764884887410146,2.266636914301146,3.0221825524015276,19.266413771559737,0.3785685706119004,1.5142742824476016,9.08564569468561,2.6127138855728322,1.4929793631844757,1.4929793631844757,3.0071769692809083,2.631279848120794,1.1276913634803405,1.1322266978227649,2.2644533956455297,1.8870444963712747,0.37753867672320096,0.18876933836160048,12.836315008588832,3.0123879350268976,2.6358394431485355,2.6358394431485355,1.1497739792987833,2.2995479585975667,11.497739792987831,11.260407599438675,5.254856879738048,7.131591479644495
2025-10-26,4.151687581471155,9.813079738022731,6.416244444091785,6.03881830032168,3.77426143770105,15.786926805693462,0.18793960482968408,4.13467130625305,,,,1.8708533190721728,2.2450239828866065,19.08270385453616,13.139449654008232,5.748509223628601,82.12156033755144,13.553585594676523,6.400304308597248,3.764884887410146,1.8888640952509546,3.0221825524015276,17.755322495358975,0.3785685706119004,1.8928428530595025,9.08564569468561,2.6127138855728322,1.4929793631844757,1.4929793631844757,3.0071769692809083,2.631279848120794,1.1276913634803405,1.1322266978227649,2.2644533956455297,2.2644533956455297,0.37753867672320096,0.18876933836160048,12.08123765514243,3.0123879350268976,2.6358394431485355,2.6358394431485355,1.1497739792987833,2.2995479585975667,12.647513772286615,10.885060679457386,5.254856879738048,6.756244559663204
2025-11-02,4.151687581471155,9.058227450482521,6.03881830032168,6.416244444091785,3.77426143770105,16.16280601535283,0.18793960482968408,4.13467130625305,,,,1.4966826552577381,2.6191946467010414,19.08270385453616,13.960665257383747,6.569724827004116,24.636468101265436,13.930074083417537,6.400304308597248,3.764884887410146,2.266636914301146,3.0221825524015276,16.244231219158213,0.3785685706119004,1.8928428530595025,9.842782835909412,2.6127138855728322,1.4929793631844757,1.1197345223883566,3.0071769692809083,2.631279848120794,1.1276913634803405,1.1322266978227649,2.6418622949197847,1.8870444963712747,0.37753867672320096,0.18876933836160048,12.836315008588832,3.0123879350268976,2.6358394431485355,2.6358394431485355,1.1497739792987833,2.2995479585975667,13.03077176538621,11.635754519419965,5.254856879738048,7.131591479644495
2025-11-09,4.151687581471155,9.813079738022731,6.79367058786189,6.79367058786189,3.396835293930945,16.914564434671565,0.18793960482968408,3.7587920965936816,,,,1.8708533190721728,2.6191946467010414,21.327727837422767,13.960665257383747,5.748509223628601,18.887958877636834,15.812516527122613,6.023815819856233,4.14137337615116,2.266636914301146,3.0221825524015276,15.866458400108021,0.3785685706119004,1.8928428530595025,10.221351406521311,2.9859587263689513,1.4929793631844757,1.1197345223883566,3.0071769692809083,2.631279848120794,1.1276913634803405,1.1322266978227649,2.2644533956455297,1.8870444963712747,0.37753867672320096,0.18876933836160048,13.213853685312035,3.0123879350268976,2.6358394431485355,2.2592909512701733,1.1497739792987833,2.2995479585975667,13.414029758485803,11.635754519419965,5.254856879738048,7.506938399625782
2025-11-16,3.77426143770105,10.567932025562941,6.79367058786189,6.416244444091785,3.396835293930945,15.411047596034093,0.37587920965936816,3.7587920965936816,,,,1.8708533190721728,2.2450239828866065,19.831045182165028,13.139449654008232,5.748509223628601,20.53039008438786,14.306562572158553,6.400304308597248,4.14137337615116,2.6444097333513366,3.0221825524015276,19.266413771559737,0.3785685706119004,1.8928428530595025,10.978488547745112,2.9859587263689513,1.4929793631844757,1.4929793631844757,3.0071769692809083,2.631279848120794,1.1276913634803405,1.1322266978227649,2.2644533956455297,2.2644533956455297,4.530464120678411,0.18876933836160048,13.213853685312035,3.765484918783622,2.2592909512701733,2.2592909512701733,1.1497739792987833,2.2995479585975667,13.414029758485803,12.011101439401253,5.630203799719338,8.25763223958836
2025-11-23,3.77426143770105,11.322784313103151,7.925949019172205,6.416244444091785,3.396835293930945,16.16280601535283,0.7517584193187363,3.0070336772749453,,,,1.8708533190721728,2.2450239828866065,24.695263811752675,14.781880860759259,5.748509223628601,40.239564565400215,18.447935948309713,6.400304308597248,5.270838842374204,3.777728190501909,2.6444097333513366,37.777281905019095,1.8928428530595025,1.8928428530595025,14.007037112640317,4.478938089553426,1.8662242039805943,1.1197345223883566,2.631279848120794,2.255382726960681,1.1276913634803405,1.1322266978227649,2.2644533956455297,1.8870444963712747,2.6427707370624067,0.37753867672320096,15.101547068928038,4.518581902540347,2.2592909512701733,2.2592909512701733,1.9162899654979721,1.9162899654979721,16.863351696382153,14.26318295928899,7.131591479644495,9.00832607955094
2025-11-30,3.77426143770105,9.435653594252626,6.79367058786189,5.2839660127814705,3.01940915016084,15.786926805693462,0.37587920965936816,3.0070336772749453,,,,1.4966826552577381,2.2450239828866065,19.08270385453616,12.318234050632718,5.748509223628601,9.854587240506174,13.930074083417537,6.400304308597248,3.388396398669131,2.266636914301146,3.0221825524015276,13.222048666756683,0.3785685706119004,1.8928428530595025,11.735625688968915,2.9859587263689513,1.4929793631844757,1.1197345223883566,2.631279848120794,1.8794856058005676,1.1276913634803405,1.1322266978227649,1.8870444963712747,1.5096355970970199,0.37753867672320096,0.18876933836160048,12.836315008588832,3.3889364269052598,2.2592909512701733,2.2592909512701733,1.1497739792987833,2.2995479585975667,11.880997786087427,11.260407599438675,4.879509959756759,6.756244559663204
2025-12-07,4.151687581471155,11.322784313103151,6.79367058786189,6.416244444091785,3.77426143770105,16.16280601535283,0.37587920965936816,3.3829128869343137,,,,1.8708533190721728,2.2450239828866065,18.708533190721724,14.781880860759259,4.927293620253087,7.390940430379629,14.683051060899565,6.023815819856233,3.388396398669131,2.266636914301146,3.0221825524015276,14.355367123907255,0.7571371412238008,1.8928428530595025,11.735625688968915,2.9859587263689513,1.1197345223883566,1.1197345223883566,2.255382726960681,2.255382726960681,1.1276913634803405,1.1322266978227649,1.8870444963712747,1.8870444963712747,0.37753867672320096,0.37753867672320096,13.213853685312035,3.3889364269052598,1.882742459391811,2.2592909512701733,1.1497739792987833,2.6828059516971607,12.647513772286615,12.011101439401253,5.254856879738048,7.131591479644495
2025-12-14,3.396835293930945,10.567932025562941,6.416244444091785,6.416244444091785,3.396835293930945,15.411047596034093,0.18793960482968408,3.0070336772749453,,,,1.8708533190721728,2.2450239828866065,19.831045182165028,14.781880860759259,4.927293620253087,7.390940430379629,13.930074083417537,6.023815819856233,3.764884887410146,1.8888640952509546,2.6444097333513366,14.355367123907255,1.1357057118357012,1.8928428530595025,11.735625688968915,2.9859587263689513,1.4929793631844757,1.1197345223883566,2.255382726960681,2.631279848120794,1.1276913634803405,1.5096355970970199,2.2644533956455297,1.8870444963712747,0.37753867672320096,0.18876933836160048,13.968931038758436,3.765484918783622,2.2592909512701733,2.2592909512701733,1.1497739792987833,2.6828059516971607,12.647513772286615,12.011101439401253,6.005550719700627,7.131591479644495
2025-12-21,3.77426143770105,10.945358169333046,7.5485228754021,6.79367058786189,3.01940915016084,18.418081273309042,0.18793960482968408,3.7587920965936816,,,,2.2450239828866065,2.6191946467010414,20.5793865097939,15.603096464134776,5.748509223628601,9.854587240506174,16.189005015863625,7.529769774820292,4.517861864892175,2.266636914301146,2.6444097333513366,19.266413771559737,2.649979994283303,2.2714114236714025,14.007037112640317,4.105693248757308,1.4929793631844757,1.4929793631844757,2.255382726960681,3.0071769692809083,1.1276913634803405,1.1322266978227649,2.2644533956455297,2.2644533956455297,0.37753867672320096,0.37753867672320096,16.234163099097643,4.142033410661984,2.2592909512701733,2.6358394431485355,1.5330319723983774,2.6828059516971607,15.713577717083371,15.013876799251564,8.63297915956965,8.25763223958836
2025-12-28,4.9065398690113655,11.700210456873256,6.79367058786189,7.5485228754021,3.396835293930945,18.418081273309042,0.18793960482968408,3.7587920965936816,,,,1.8708533190721728,2.6191946467010414,18.708533190721724,12.318234050632718,6.569724827004116,6.569724827004116,16.189005015863625,16.941981993345657,4.14137337615116,2.6444097333513366,3.0221825524015276,14.733139942957447,1.1357057118357012,2.2714114236714025,11.735625688968915,3.35920356716507,1.4929793631844757,1.1197345223883566,2.255382726960681,2.255382726960681,1.1276913634803405,1.5096355970970199,2.6418622949197847,1.8870444963712747,0.37753867672320096,0.18876933836160048,15.101547068928038,3.3889364269052598,2.6358394431485355,2.6358394431485355,1.1497739792987833,2.2995479585975667,14.563803737784587,13.8878360393077,6.756244559663204,7.882285319607072
