Date,TMAX,TMIN,PRCP
2016-01-01,80.56172839506173,65.29012345679013,3.2040219378427772
2016-01-02,74.64150943396227,60.15432098765432,1.8600544464609794
2016-01-03,67.78125,55.9,4.294003565062386
2016-01-04,65.82098765432099,49.9940119760479,7.9275413153456995
2016-01-05,65.45121951219512,47.91515151515152,0.1251985815602812
2016-01-06,66.76047904191617,51.90419161676647,1.790031578947368
2016-01-07,68.52409638554217,53.66867469879518,3.618840830449825
2016-01-08,71.48780487804878,57.64634146341464,5.977949664429531
2016-01-09,73.71779141104294,60.17791411042945,2.337257657657657
2016-01-10,73.25766871165644,57.59509202453988,10.539704081632651
2016-01-11,66.33939393939394,45.18787878787879,0.9960428571428568
2016-01-12,63.660606060606064,43.32121212121212,1.1309156193895868
2016-01-13,64.09036144578313,45.3433734939759,0.24952028218694655
2016-01-14,64.98809523809524,47.35928143712575,0.3643554757630139
2016-01-15,70.93413173652695,54.12048192771084,10.45836301369863
2016-01-16,74.51829268292683,53.65243902439025,19.94886824324324
2016-01-17,72.80606060606061,52.47272727272728,22.040725490196074
2016-01-18,65.76219512195122,44.35365853658536,0.9016999999999998
2016-01-19,60.04242424242424,41.61818181818182,0.030127737226277016
2016-01-20,62.897590361445786,39.4478527607362,0.0023049001814882033
2016-01-21,68.6566265060241,44.57831325301205,1.0731950354609905
2016-01-22,69.9030303030303,51.644171779141104,8.182180887372013
2016-01-23,63.49375,46.3875,13.323844594594595
2016-01-24,57.100628930817614,35.901234567901234,0.079461121157323
2016-01-25,63.732919254658384,36.98136645962733,0.042255941499085896
2016-01-26,72.39634146341463,47.51234567901235,0.43968592057761674
2016-01-27,73.38216560509554,58.0,21.255337837837835
2016-01-28,69.14634146341463,58.876543209876544,22.580262458471758
2016-01-29,67.06172839506173,49.20496894409938,15.71374342105263
2016-01-30,68.15853658536585,45.17901234567901,0.06396014492753405
2016-01-31,71.29813664596273,49.89375,0.042877064220183156
2016-02-01,75.85093167701864,56.48148148148148,1.7117978723404255
2016-02-02,79.8170731707317,60.95679012345679,1.1196110154905312
2016-02-03,80.47878787878788,65.35802469135803,1.1578091872791507
2016-02-04,78.24698795180723,61.75301204819277,10.850932642487047
2016-02-05,70.28915662650603,47.19879518072289,20.106755267423015
2016-02-06,65.04878048780488,47.64848484848485,1.3654751773049632
2016-02-07,64.41717791411043,44.82208588957055,10.375338788870703
2016-02-08,63.5521472392638,40.406060606060606,0.09954657293497257
2016-02-09,63.295180722891565,44.873493975903614,0.1334955908289219
2016-02-10,59.89506172839506,41.329268292682926,0.005823633156964899
2016-02-11,63.74850299401198,37.946107784431135,0.00578283712784338
2016-02-12,70.77245508982035,44.5609756097561,0.00587544483985644
2016-02-13,71.66666666666667,48.04347826086956,0.00462659380692088
2016-02-14,69.46913580246914,45.20245398773006,0.00560294117647014
2016-02-15,71.55828220858896,51.95151515151515,0.9468505338078271
2016-02-16,73.85365853658537,56.06707317073171,17.10414263074485
2016-02-17,74.47239263803681,51.30246913580247,2.2544191829484888
2016-02-18,72.91411042944786,48.987730061349694,0.00857193605683782
2016-02-19,73.0920245398773,51.56707317073171,0.0050707803992723595
2016-02-20,73.9746835443038,53.67924528301887,0.00469500924214206
2016-02-21,76.1842105263158,54.66,0.005242026266414179
2016-02-22,77.28484848484848,57.5521472392638,0.1470286738351249
2016-02-23,78.7361963190184,61.42944785276074,2.1529523809523794
2016-02-24,78.95092024539878,61.95705521472393,8.057798994974874
2016-02-25,72.63414634146342,51.01219512195122,8.603239530988274
2016-02-26,66.15384615384616,45.61111111111112,0.0128607594936696
2016-02-27,66.31210191082802,41.65605095541401,0.00752592592592348
2016-02-28,69.63291139240506,43.462025316455694,0.0009477611940298507
2016-02-29,74.45061728395062,49.73456790123457,0.006069852941174079
2016-03-01,77.46625766871166,52.8159509202454,0.0023049001814882033
2016-03-02,78.38787878787879,55.49693251533742,0.010564195298371819
2016-03-03,78.07361963190183,53.59509202453988,0.12607636363636202
2016-03-04,76.42331288343559,55.61963190184049,2.9810883882149035
2016-03-05,74.4113924050633,51.53164556962025,0.02496786389413932
2016-03-06,74.84905660377359,51.70625,0.0208507462686552
2016-03-07,75.72121212121212,51.24848484848485,0.0009253187613843351
2016-03-08,77.39506172839506,56.91358024691358,0.00644202898550478
2016-03-09,79.16463414634147,61.18292682926829,0.0120510948905103
2016-03-10,81.3719512195122,63.94545454545455,0.01079852125693004
2016-03-11,81.97546012269939,64.11585365853658,0.29664575645756214
2016-03-12,81.99375,64.35849056603773,0.88756766917293
2016-03-13,82.03184713375796,65.57142857142857,0.6373518518518495
2016-03-14,83.9875,66.50625,2.780234265734264
2016-03-15,85.24050632911393,66.88607594936708,0.41205474452554547
2016-03-16,85.86335403726709,66.6,0.047684014869887215
2016-03-17,84.17391304347827,66.1375,0.6434666666666659
2016-03-18,81.86792452830188,63.94303797468354,7.112905525846702
2016-03-19,80.74050632911393,65.19108280254777,3.463885098743267
2016-03-20,79.0886075949367,63.6687898089172,7.621727891156461
2016-03-21,73.35625,50.225,0.8371397459165143
2016-03-22,69.925,44.869565217391305,0.01817614678899008
2016-03-23,76.82278481012658,50.30573248407644,0.017339483394832277
2016-03-24,80.51552795031056,57.7,1.9056965265082242
2016-03-25,80.50943396226415,63.12658227848101,17.91488562091503
2016-03-26,81.51592356687898,66.88461538461539,8.662040336134453
2016-03-27,82.48407643312102,68.79617834394904,7.364220665499123
2016-03-28,83.03658536585365,68.59146341463415,8.466073555166373
2016-03-29,81.79012345679013,65.06172839506173,2.4194955908289217
2016-03-30,80.920245398773,62.96319018404908,9.118851485148515
2016-03-31,82.67283950617283,66.1304347826087,3.3801195079086117
2016-04-01,85.80745341614907,68.90683229813665,1.5914336283185824
2016-04-02,84.31847133757962,68.14649681528662,18.89097770154374
2016-04-03,80.0125786163522,59.87261146496815,6.657612456747404
2016-04-04,79.42944785276073,58.3719512195122,0.41792907801418294
2016-04-05,81.55828220858896,56.98159509202454,0.434722123893805
2016-04-06,80.46341463414635,58.707317073170735,0.1397
2016-04-07,80.5609756097561,62.01829268292683,2.542178387650084
2016-04-08,82.1840490797546,59.623456790123456,1.0273392857142838
2016-04-09,80.07643312101911,55.87898089171974,0.00697802197802008
2016-04-10,78.54545454545455,53.74193548387097,0.0033048327137529003
2016-04-11,80.1219512195122,57.58024691358025,0.047567272727270876
2016-04-12,81.57668711656441,60.11801242236025,0.35824014336917437
2016-04-13,82.08484848484848,62.38650306748466,1.5913691756272388
2016-04-14,80.90062111801242,64.56521739130434,7.783034602076126
2016-04-15,80.11180124223603,65.02453987730061,5.178136363636362
2016-04-16,80.47798742138365,65.62893081761007,4.706093693693692
2016-04-17,79.88957055214723,63.10493827160494,1.5049963503649622
2016-04-18,80.11515151515151,58.06666666666667,0.15126901669758708
2016-04-19,80.87951807228916,57.463855421686745,0.0601457194899816
2016-04-20,81.46625766871166,58.75460122699386,0.007003676470587039
2016-04-21,82.44099378881988,62.61875,0.19248073394495294
2016-04-22,82.98757763975155,64.9125,2.0860623853210987
2016-04-23,84.30379746835443,65.71069182389937,7.877546247818498
2016-04-24,85.50632911392405,62.67088607594937,0.30087758945385884
2016-04-25,84.83333333333333,65.25925925925925,0.25071955719556976
2016-04-26,84.48765432098766,64.54320987654322,1.1226799999999975
2016-04-27,85.11111111111111,65.58641975308642,0.26064672897196123
2016-04-28,86.35625,67.2875,0.8375390334572469
2016-04-29,88.22360248447205,68.31875,0.6837736549165108
2016-04-30,87.80625,68.9119496855346,0.5595711574952537
2016-05-01,87.4875,69.9119496855346,0.13836952380952258
2016-05-02,88.15432098765432,70.57142857142857,0.415464684014868
2016-05-03,88.59638554216868,71.16969696969697,4.597444639718803
2016-05-04,84.51533742331289,67.7639751552795,12.007233390119248
2016-05-05,80.25,60.6566265060241,28.68631051752921
2016-05-06,79.50920245398773,56.35757575757576,0.2315469613259665
2016-05-07,80.0875,54.59375,0.04687758945385888
2016-05-08,83.20496894409938,56.42857142857143,0.0019242424242424242
2016-05-09,85.02439024390245,59.282208588957054,0.0
2016-05-10,85.61212121212121,64.95757575757575,0.07797426470588055
2016-05-11,86.5060975609756,67.17073170731707,0.0710056285178214
2016-05-12,87.1144578313253,66.96385542168674,0.01602226345083446
2016-05-13,87.6319018404908,67.03067484662577,0.3108656716417897
2016-05-14,88.72670807453416,67.11180124223603,0.8401902985074621
2016-05-15,88.52173913043478,65.1863354037267,0.581451492537313
2016-05-16,88.55828220858896,67.17682926829268,0.23847777777777554
2016-05-17,87.96273291925466,71.6583850931677,6.74940250447227
2016-05-18,88.1717791411043,70.83435582822086,38.48162356792144
2016-05-19,88.20731707317073,70.85889570552148,12.355996592844974
2016-05-20,87.31288343558282,70.33333333333333,11.354415224913494
2016-05-21,88.17901234567901,70.61490683229813,9.243038655462183
2016-05-22,88.45341614906832,69.76875,0.7239232175502729
2016-05-23,87.68711656441718,66.8136645962733,0.28755596330274996
2016-05-24,88.04907975460122,66.19135802469135,0.5988807339449529
2016-05-25,88.39024390243902,68.23780487804878,1.5352265193370154
2016-05-26,87.44848484848485,66.58895705521472,0.04862825278810306
2016-05-27,87.15625,67.56603773584905,0.27291992551210276
2016-05-28,87.77848101265823,69.27564102564102,2.085325966850827
2016-05-29,89.5732484076433,69.83974358974359,2.3569847908745234
2016-05-30,90.47169811320757,69.9873417721519,4.919677064220183
2016-05-31,90.72727272727272,70.09146341463415,4.008451499118166
2016-06-01,90.86746987951808,70.66060606060606,3.0340637168141584
2016-06-02,91.5,70.95731707317073,3.4556884057970993
2016-06-03,91.97575757575756,72.98181818181818,1.4412044198895027
2016-06-04,91.7560975609756,74.10909090909091,5.653128205128203
2016-06-05,90.4753086419753,74.61111111111111,4.931362962962962
2016-06-06,87.59638554216868,74.76363636363637,17.63654485049834
2016-06-07,87.86746987951807,75.10365853658537,48.52817862838916
2016-06-08,90.01818181818182,74.4,8.553549738219893
2016-06-09,89.21084337349397,73.4,13.905729636048527
2016-06-10,89.15151515151516,73.52121212121212,12.128950354609929
2016-06-11,89.48170731707317,73.76829268292683,8.779978609625665
2016-06-12,90.37575757575758,73.66666666666667,3.9528462929475587
2016-06-13,92.20359281437126,74.55421686746988,3.279792349726776
2016-06-14,93.1144578313253,75.46987951807229,2.5867285974499077
2016-06-15,92.67073170731707,75.97560975609755,2.439051282051281
2016-06-16,91.86144578313252,75.89156626506023,4.1605657657657655
2016-06-17,91.01818181818182,74.9451219512195,7.41278947368421
2016-06-18,91.20245398773008,73.59876543209876,5.52635401459854
2016-06-19,90.07317073170732,72.3680981595092,12.005971830985917
2016-06-20,87.91017964071857,71.0,2.535019607843136
2016-06-21,87.38323353293413,68.72289156626506,0.9044649446494443
2016-06-22,89.58083832335329,70.09580838323353,3.0424480874316933
2016-06-23,91.61818181818182,72.91515151515152,1.2737490774907734
2016-06-24,92.6060606060606,74.7090909090909,2.0073582089552224
2016-06-25,93.6121212121212,75.6280487804878,1.9156235741444854
2016-06-26,93.12121212121212,74.9090909090909,3.2062138836772966
2016-06-27,91.88484848484848,73.24848484848485,6.050642857142857
2016-06-28,91.95757575757575,73.8109756097561,2.8114359925788492
2016-06-29,92.04819277108432,74.41566265060241,4.918994535519124
2016-06-30,90.73333333333332,74.49090909090908,7.7143428571428565
2016-07-01,90.46666666666668,74.73493975903614,8.727350877192983
2016-07-02,91.41104294478528,75.1358024691358,7.735752767527675
2016-07-03,92.3625,76.03726708074534,7.627375680580762
2016-07-04,93.36363636363636,76.65454545454546,4.637869402985073
2016-07-05,94.05988023952096,76.77245508982035,1.2136091081593905
2016-07-06,94.52409638554217,77.43373493975903,0.7938093457943918
2016-07-07,94.874251497006,76.92215568862275,1.5988434622467766
2016-07-08,95.22424242424242,76.64848484848486,0.9911261770244815
2016-07-09,95.04294478527608,76.67484662576688,1.4516312849162007
2016-07-10,94.61111111111111,76.50920245398773,1.3491380597014913
2016-07-11,94.125748502994,75.80838323353294,1.9012919708029186
2016-07-12,94.1939393939394,75.65853658536585,3.4783888888888876
2016-07-13,93.93333333333334,74.35151515151514,8.323763668430335
2016-07-14,93.23952095808384,74.41317365269461,5.109935714285713
2016-07-15,92.79518072289156,74.71515151515152,4.343035842293904
2016-07-16,92.60122699386504,74.04320987654322,7.0941259259259235
2016-07-17,92.76543209876544,75.18518518518519,5.849003676470587
2016-07-18,92.83636363636364,75.38787878787879,4.937210810810808
2016-07-19,92.52121212121212,75.12121212121212,3.606526881720429
2016-07-20,93.04878048780488,75.36585365853658,3.9561061946902645
2016-07-21,92.9880239520958,75.7710843373494,2.0523570127504547
2016-07-22,92.25149700598804,74.68263473053892,4.943160360360359
2016-07-23,92.079754601227,73.22560975609755,8.26926703499079
2016-07-24,91.85,73.65625,5.722188679245282
2016-07-25,91.98795180722892,73.59036144578313,5.150245421245419
2016-07-26,92.57317073170732,75.11585365853658,3.9794823943661966
2016-07-27,93.4320987654321,75.19018404907976,3.8798155515370683
2016-07-28,93.9390243902439,75.7439024390244,2.071185873605947
2016-07-29,93.90963855421688,76.03012048192771,2.650947955390333
2016-07-30,93.71779141104294,75.42331288343559,5.913025925925923
2016-07-31,93.62345679012346,75.27160493827161,4.544144981412638
2016-08-01,93.01219512195122,74.85975609756098,4.642581352833637
2016-08-02,92.47560975609755,74.04907975460122,8.103361552028218
2016-08-03,92.22560975609755,73.92682926829268,11.470152753108346
2016-08-04,91.159509202454,75.20987654320987,8.336964539007091
2016-08-05,91.0920245398773,75.61349693251533,9.329821052631578
2016-08-06,90.83229813664596,75.63354037267081,6.320089719626166
2016-08-07,90.25625,75.08125,9.440569832402234
2016-08-08,88.71165644171779,74.70552147239263,16.64240425531915
2016-08-09,87.91358024691358,74.8780487804878,18.20158762886598
2016-08-10,89.7888198757764,74.59627329192547,15.018925925925926
2016-08-11,90.7391304347826,74.95625,12.524963730569947
2016-08-12,91.08695652173913,74.64814814814815,8.950325
2016-08-13,91.78616352201256,74.42767295597484,5.191684601113173
2016-08-14,91.82608695652172,75.01863354037268,3.452154696132595
2016-08-15,91.8136645962733,75.85625,4.666291296625221
2016-08-16,92.1963190184049,76.56441717791411,1.9786231884057948
2016-08-17,92.00625,75.69375,4.593241992882561
2016-08-18,92.06134969325151,75.33128834355828,3.755474060822896
2016-08-19,92.59036144578312,74.72289156626506,1.9975285714285702
2016-08-20,93.00625,75.0125,2.2164301470588232
2016-08-21,93.525,75.40625,1.5378198874296416
2016-08-22,94.19753086419752,75.48148148148148,2.322153284671531
2016-08-23,94.7560975609756,76.45121951219512,1.246575045207956
2016-08-24,93.21818181818182,76.58181818181818,4.251877917414721
2016-08-25,91.76363636363637,75.54878048780488,4.242118067978531
2016-08-26,91.87272727272727,74.93373493975903,3.2258
2016-08-27,91.60493827160494,75.12345679012346,4.913457875457874
2016-08-28,91.56875,76.45,4.28216225749559
2016-08-29,90.88343558282207,75.23926380368098,4.510301418439716
2016-08-30,88.9079754601227,74.31901840490798,11.677993243243243
2016-08-31,86.87654320987654,74.09876543209876,21.058870151770655
2016-09-01,86.40625,74.5625,25.831757877280264
2016-09-02,87.9496855345912,76.0880503144654,32.95240661157025
2016-09-03,89.05696202531645,75.43037974683544,10.648804920913884
2016-09-04,89.82389937106919,75.01886792452831,14.050305506216695
2016-09-05,90.04430379746836,74.5253164556962,13.033996441281138
2016-09-06,88.97546012269939,71.82208588957056,6.877538461538462
2016-09-07,89.02453987730061,71.94478527607362,3.21493992932862
2016-09-08,89.87730061349693,71.57668711656441,1.5953945945945942
2016-09-09,90.57407407407408,72.67901234567901,1.2736350626118058
2016-09-10,91.0448717948718,74.17307692307692,0.7596524953789277
2016-09-11,91.0886075949367,74.76582278481013,1.7384275362318828
2016-09-12,90.679012345679,74.80246913580247,3.266035398230089
2016-09-13,89.14814814814815,74.87654320987654,7.592770519262982
2016-09-14,88.5375,73.80503144654088,11.161912605042016
2016-09-15,90.29113924050633,74.31847133757962,4.206045296167247
2016-09-16,90.72327044025155,74.75471698113208,2.9447252747252737
2016-09-17,90.6751592356688,75.48407643312102,3.6898841121495303
2016-09-18,91.06410256410255,75.3974358974359,3.86660299625468
2016-09-19,91.41875,75.18125,4.622708633093524
2016-09-20,91.4,74.24375,10.473996551724136
2016-09-21,91.15625,74.26875,3.7545492957746474
2016-09-22,91.17948717948718,73.8258064516129,2.604544789762339
2016-09-23,91.40625,72.93125,3.8447430683918644
2016-09-24,91.512987012987,73.18300653594771,3.1160874524714823
2016-09-25,91.03846153846152,72.76774193548387,5.23090036900369
2016-09-26,89.4113924050633,72.43312101910828,4.644050269299821
2016-09-27,88.91082802547771,71.1923076923077,6.211001782531194
2016-09-28,89.31847133757962,71.31410256410257,6.4379575971731455
2016-09-29,89.30188679245283,71.73417721518987,5.783075571177503
2016-09-30,89.0375,69.9375,5.342991150442476
2016-10-01,88.49044585987261,68.14012738853503,7.248554128440366
2016-10-02,88.53548387096774,69.45161290322581,4.934791288566241
2016-10-03,88.6086956521739,70.54037267080746,8.534399999999998
2016-10-04,88.65189873417721,71.90445859872611,11.908424657534246
2016-10-05,88.5031055900621,72.50931677018633,4.023964973730296
2016-10-06,86.57046979865771,73.87919463087249,6.267974311926604
2016-10-07,84.96644295302013,74.4496644295302,24.95585474860335
2016-10-08,87.50675675675676,73.99324324324324,15.68389292543021
2016-10-09,88.15032679738562,69.74509803921569,0.07326923076922862
2016-10-10,84.75483870967741,65.08441558441558,0.13875925925925767
2016-10-11,83.08333333333333,66.0,0.061182481751822504
2016-10-12,83.84713375796179,66.73248407643312,0.4869477477477459
2016-10-13,85.4493670886076,67.70886075949367,1.0971705565529615
2016-10-14,86.13548387096775,67.72903225806452,0.32267407407407395
2016-10-15,85.9483870967742,69.47402597402598,1.8601764705882335
2016-10-16,86.2948717948718,71.0576923076923,6.016762564991334
2016-10-17,86.31012658227849,69.86708860759494,2.1485678571428566
2016-10-18,86.67088607594937,68.5506329113924,0.3261847246891646
2016-10-19,86.44303797468355,67.55696202531645,0.30406509945750276
2016-10-20,85.67295597484276,66.62264150943396,0.417515370705244
2016-10-21,84.84810126582279,64.59872611464968,1.128531645569619
2016-10-22,80.58709677419355,57.34193548387097,0.00843542435424328
2016-10-23,78.42857142857143,53.07643312101911,0.0027861060329050598
2016-10-24,80.22151898734177,55.76100628930818,0.0013680430879712746
2016-10-25,81.60126582278481,58.17088607594937,0.01854014598539968
2016-10-26,82.93125,62.41875,0.09610810810810598
2016-10-27,82.84905660377359,66.0125,1.5249071428571406
2016-10-28,82.72327044025157,67.13924050632912,1.6326581352833633
2016-10-29,83.11538461538461,67.48717948717949,0.2188014981273401
2016-10-30,83.91082802547771,67.37579617834395,1.0939318181818176
2016-10-31,84.58227848101266,64.45911949685535,0.5122177121771216
2016-11-01,84.55555555555556,63.54037267080745,0.2669228070175423
2016-11-02,84.575,66.16770186335404,0.4363245149911805
2016-11-03,83.84472049689441,65.98765432098766,0.4112591304347804
2016-11-04,84.05095541401273,63.72611464968153,0.4726967509025271
2016-11-05,82.1474358974359,62.8,0.9380257352941168
2016-11-06,80.6875,61.59375,1.0029981718464338
2016-11-07,80.6583850931677,63.97530864197531,0.1919507908611582
2016-11-08,79.58385093167702,61.93827160493827,0.07124390243902216
2016-11-09,78.95625,61.1875,0.35423928571428387
2016-11-10,79.0920245398773,57.50306748466258,0.13837992831541154
2016-11-11,78.86708860759494,54.063291139240505,0.004156363636362019
2016-11-12,79.171974522293,55.0,0.0013905109489051092
2016-11-13,78.87341772151899,57.19620253164557,0.0032623853210989595
2016-11-14,77.37654320987654,58.38271604938272,0.012159574468084619
2016-11-15,75.78260869565217,55.91975308641975,0.2099027777777755
2016-11-16,76.66459627329192,53.36645962732919,0.6240246913580246
2016-11-17,78.225,51.66875,0.01609859154929556
2016-11-18,79.29375,54.325,0.0004543828264758497
2016-11-19,78.78807947019868,55.271523178807946,0.0013956043956043958
2016-11-20,74.0,48.27450980392157,0.0027861060329050598
2016-11-21,71.28205128205128,42.691823899371066,0.0
2016-11-22,74.22151898734177,43.82389937106918,0.0004568345323741007
2016-11-23,77.75471698113208,51.05,0.009542039355992338
2016-11-24,80.52258064516128,58.03225806451613,0.1434409005628499
2016-11-25,81.53503184713375,59.05095541401274,0.02848598130841112
2016-11-26,78.89171974522293,56.86624203821656,0.04696603773584689
2016-11-27,77.24683544303798,52.87341772151899,0.00846666666666582
2016-11-28,78.19496855345912,56.25949367088607,0.35360784313725285
2016-11-29,80.7639751552795,64.45,0.7269964664310934
2016-11-30,82.35849056603773,66.1875,0.9264826388888877
2016-12-01,80.86163522012579,62.65408805031446,2.601613861386138
2016-12-02,77.62337662337663,56.92857142857143,1.7902620689655158
2016-12-03,76.14935064935065,56.70779220779221,0.1700892857142839
2016-12-04,79.08609271523179,60.73684210526316,1.0727495495495485
2016-12-05,81.56410256410257,65.48076923076923,6.61479931972789
2016-12-06,82.50632911392405,67.6258064516129,18.68582119205298
2016-12-07,79.52866242038216,61.59235668789809,7.207983498349833
2016-12-08,75.05194805194805,57.38709677419355,0.8592859618717485
2016-12-09,69.07096774193549,52.61935483870968,1.5379896729776237
2016-12-10,67.87581699346406,49.6258064516129,1.4603864042933792
2016-12-11,73.36774193548388,54.422077922077925,1.9237978339350161
2016-12-12,78.91082802547771,60.98726114649681,2.131676419965575
2016-12-13,82.06410256410257,62.49032258064516,0.9357202072538843
2016-12-14,80.99371069182389,62.76100628930818,3.580737391304346
2016-12-15,76.78205128205128,58.47770700636943,0.8801711229946524
2016-12-16,75.67307692307692,52.42307692307692,0.01094434470376872
2016-12-17,79.53246753246754,58.62987012987013,0.13165201465201254
2016-12-18,82.83660130718954,64.74342105263158,0.8506473779385166
2016-12-19,80.44585987261146,64.17088607594937,4.6216474694589875
2016-12-20,75.5379746835443,60.89937106918239,2.5194526678141114
2016-12-21,71.06962025316456,56.64556962025316,0.38570370370370155
2016-12-22,74.0828025477707,54.14556962025316,0.2046886446886432
2016-12-23,77.38216560509554,57.08860759493671,0.7217951582867759
2016-12-24,79.8525641025641,59.89102564102564,0.35751698113207525
2016-12-25,81.57142857142857,62.25490196078432,0.371790076335876
2016-12-26,81.62179487179488,65.01282051282051,0.778142056074764
2016-12-27,81.0886075949367,63.9493670886076,0.520436911487758
2016-12-28,80.9873417721519,62.87341772151899,0.2944090909090886
2016-12-29,80.63461538461539,59.61538461538461,0.3683714821763597
2016-12-30,71.91823899371069,47.069182389937104,1.6182632541133457
2016-12-31,68.59868421052632,42.148387096774194,0.12139347408829142
2017-01-01,77.34868421052632,51.69736842105263,4.344487895716944
2017-01-02,81.32679738562092,62.37908496732026,3.4078333333333313
2017-01-03,81.89171974522293,65.17948717948718,12.975532871972316
2017-01-04,79.10126582278481,61.86075949367088,4.521891156462583
2017-01-05,75.87261146496816,53.21794871794872,1.2073943661971822
2017-01-06,75.74683544303798,51.82802547770701,0.9227308377896601
2017-01-07,73.51298701298701,47.2875816993464,16.939350253807106
2017-01-08,62.51948051948052,36.72077922077922,3.5072570422535194
2017-01-09,61.721518987341774,38.318471337579616,0.15058571428571355
2017-01-10,68.54777070063695,44.90445859872612,0.13103886925795016
2017-01-11,73.29299363057325,51.80891719745223,0.8215241502683346
2017-01-12,77.05590062111801,55.2375,0.16597111913357232
2017-01-13,78.42405063291139,57.6687898089172,0.40558064516128844
2017-01-14,78.01935483870967,59.24675324675325,0.5824881602914384
2017-01-15,77.85897435897436,58.45806451612904,0.196675229357797
2017-01-16,78.62420382165605,59.43589743589744,0.07776449275362189
2017-01-17,79.37106918238993,58.75316455696203,0.10279854809437221
2017-01-18,80.05660377358491,57.94303797468354,0.03447142857142712
2017-01-19,80.0880503144654,57.80379746835443,0.24212230215827274
2017-01-20,80.4875,59.23270440251572,1.7300419580419577
2017-01-21,81.36305732484077,61.0,2.4881913357400705
2017-01-22,81.77564102564102,63.67948717948718,9.19453403141361
2017-01-23,77.8875,60.0,15.734226475279106
2017-01-24,72.89032258064516,53.23566878980892,0.4727222222222219
2017-01-25,76.22641509433963,47.96835443037975,0.02379819819819726
2017-01-26,78.43396226415095,54.29746835443038,0.28546499102333883
2017-01-27,74.40764331210191,54.12101910828026,0.4546970802919708
2017-01-28,66.14193548387097,46.69230769230769,0.07889393939393924
2017-01-29,61.80128205128205,45.64102564102564,3.676147482014388
2017-01-30,63.03164556962025,43.57232704402516,2.7245611510791363
2017-01-31,69.35220125786164,41.87341772151899,0.00406761565836176
2017-02-01,74.06211180124224,45.2360248447205,0.01135957066189528
2017-02-02,76.77160493827161,49.401234567901234,0.009474245115452059
2017-02-03,77.94375,53.03125,0.004104129263912
2017-02-04,75.88679245283019,53.38993710691824,0.0156733212341178
2017-02-05,74.64331210191082,53.06369426751592,0.022924187725629878
2017-02-06,77.58125,53.57861635220126,0.02697345132743192
2017-02-07,79.71518987341773,57.67924528301887,1.1133816254416935
2017-02-08,81.0,60.41772151898734,13.167098228663445
2017-02-09,80.61635220125787,59.74683544303797,0.44581379310344743
2017-02-10,76.48101265822785,49.80891719745223,0.23709712230215776
2017-02-11,76.35031847133757,50.33544303797469,0.0032210144927511198
2017-02-12,79.57961783439491,54.87898089171974,0.0023132969034608377
2017-02-13,79.61635220125787,56.64779874213836,0.0045276292335093
2017-02-14,79.54088050314465,55.67924528301887,0.047255813953486596
2017-02-15,80.3125,58.31875,0.25309608540925266
2017-02-16,76.525,53.00621118012423,1.103940246045694
2017-02-17,73.95061728395062,44.117283950617285,0.00553176043557054
2017-02-18,76.5632911392405,50.77987421383648,0.590938775510202
2017-02-19,80.49056603773585,57.918238993710695,1.886535460992906
2017-02-20,81.65217391304348,56.15625,0.08006521739130235
2017-02-21,79.05555555555556,59.0925925925926,1.3351046931407926
2017-02-22,75.82716049382717,61.55555555555556,7.740453608247422
2017-02-23,75.775,59.96875,18.891402889245587
2017-02-24,79.63803680981596,60.52147239263804,0.9780104347826073
2017-02-25,81.50632911392405,60.221518987341774,0.0737116451016626
2017-02-26,79.86792452830188,54.76729559748428,0.01878003696857586
2017-02-27,80.26543209876543,56.73456790123457,0.06568173598553123
2017-02-28,83.37037037037037,63.06172839506173,1.6230780141843957
2017-03-01,84.22839506172839,64.5925925925926,0.5731507798960129
2017-03-02,82.1375,62.15,1.5754205933682366
2017-03-03,78.12345679012346,55.858024691358025,1.6630223752151454
2017-03-04,75.01935483870967,52.1025641025641,0.15031729055258242
2017-03-05,74.78343949044586,56.23566878980892,0.07205673758865214
2017-03-06,75.73291925465838,58.58385093167702,0.02882269503545984
2017-03-07,77.65822784810126,58.83647798742138,0.24741968911916978
2017-03-08,79.31055900621118,60.00621118012423,1.1263407155025549
2017-03-09,81.04968944099379,57.962732919254655,0.06497674418604597
2017-03-10,82.36645962732919,58.62732919254658,0.030898032200357594
2017-03-11,82.22784810126582,57.09493670886076,0.027816876122080097
2017-03-12,79.21518987341773,59.20754716981132,0.521200716845877
2017-03-13,75.72839506172839,58.41975308641975,4.093392055267702
2017-03-14,71.36645962732919,54.50310559006211,13.667772151898735
2017-03-15,66.32716049382717,45.0679012345679,0.13433975481611
2017-03-16,64.225,39.43125,0.02179684763572478
2017-03-17,69.41975308641975,41.60493827160494,0.00482556131260712
2017-03-18,75.22292993630573,46.64556962025316,0.0009023090586145648
2017-03-19,78.15094339622641,51.58490566037736,0.00044639718804920914
2017-03-20,78.16875,48.88125,0.006131034482757919
2017-03-21,79.33333333333333,51.51851851851852,0.0
2017-03-22,82.95,56.35,0.0025786802030433
2017-03-23,82.76875,60.23270440251572,0.7241609589041085
2017-03-24,79.39622641509433,60.31446540880504,4.6751875
2017-03-25,80.03821656050955,60.955414012738856,0.6894285714285703
2017-03-26,81.3974358974359,61.13461538461539,1.7947569444444436
2017-03-27,82.19496855345912,60.03125,0.1484923076923065
2017-03-28,83.57407407407408,59.93167701863354,0.04269269949066088
2017-03-29,84.9753086419753,60.833333333333336,0.012569965870304997
2017-03-30,85.53416149068323,60.975,0.35116778523489683
2017-03-31,85.00628930817611,64.30817610062893,1.6936174496644274
2017-04-01,86.04458598726114,62.08974358974359,0.2637366666666658
2017-04-02,86.9423076923077,62.1474358974359,0.2518510998307934
2017-04-03,86.99378881987577,67.41614906832298,2.316365105008076
2017-04-04,86.04402515723271,68.34810126582279,18.953585326953746
2017-04-05,86.31012658227849,68.09493670886076,11.81200315955766
2017-04-06,84.42767295597484,64.23417721518987,7.730728124999999
2017-04-07,78.59493670886076,53.45569620253165,2.568451298701297
2017-04-08,75.8896103896104,48.76129032258064,0.0021273031825795644
2017-04-09,78.79746835443038,50.57324840764331,0.0008509212730318258
2017-04-10,81.29375,56.40251572327044,0.07968627450980177
2017-04-11,82.17721518987342,59.265822784810126,0.04472425249169203
2017-04-12,82.39240506329114,60.48101265822785,0.27899032258064427
2017-04-13,82.37106918238993,61.93037974683544,2.165942122186495
2017-04-14,82.73584905660377,60.918238993710695,0.1846895424836586
2017-04-15,83.13815789473684,63.71895424836601,0.2107570247933878
2017-04-16,83.17532467532467,63.36363636363637,0.0967820299500818
2017-04-17,83.13836477987421,62.13924050632912,0.187309562398701
2017-04-18,84.30573248407643,63.39490445859872,0.4454323001631302
2017-04-19,84.66455696202532,64.87974683544304,0.3716077170417993
2017-04-20,84.59235668789809,64.54140127388536,0.31812052117263817
2017-04-21,84.67088607594937,61.96835443037975,0.12348943089430692
2017-04-22,84.63157894736842,64.50993377483444,0.4406546644844507
2017-04-23,84.03921568627452,65.61437908496733,7.991637820512821
2017-04-24,81.37179487179488,62.98076923076923,9.134078125
2017-04-25,81.99358974358974,58.254777070063696,0.1564343598055086
2017-04-26,83.87662337662337,58.12258064516129,0.01215511551154916
2017-04-27,87.46835443037975,65.10191082802548,0.00420529801324288
2017-04-28,90.12987012987011,70.18831168831169,0.06602317880794521
2017-04-29,89.66666666666667,72.49673202614379,0.009935374149658999
2017-04-30,88.37908496732027,72.81168831168831,0.23938747884940606
2017-05-01,87.62893081761007,70.78616352201257,1.4893269841269832
2017-05-02,87.28481012658227,66.9620253164557,3.9904939393939394
2017-05-03,88.02547770700637,63.91139240506329,5.312408037094281
2017-05-04,86.62179487179488,66.2051282051282,4.2397828200972425
2017-05-05,82.56050955414013,64.07643312101911,9.942175757575756
2017-05-06,80.01948051948052,57.541935483870965,2.257089430894307
2017-05-07,82.63225806451612,55.30065359477124,0.05649093904447964
2017-05-08,85.4620253164557,58.37341772151899,0.00291954022988424
2017-05-09,87.48717948717949,59.84615384615385,0.0
2017-05-10,89.34810126582279,62.06962025316456,0.0
2017-05-11,90.54088050314463,63.893081761006286,0.01569430894308718
2017-05-12,89.73584905660377,65.86792452830188,0.4015777414075286
2017-05-13,87.78571428571429,68.18181818181819,3.099135313531353
2017-05-14,87.30573248407643,67.57961783439491,7.117990566037734
2017-05-15,88.88235294117646,66.41558441558442,0.6391100323624588
2017-05-16,90.03184713375796,67.11464968152866,0.23366339869280897
2017-05-17,90.14556962025316,69.79746835443038,0.4404294871794848
2017-05-18,89.84516129032258,71.26451612903226,1.4381121794871783
2017-05-19,89.5875,72.425,1.9219609120521162
2017-05-20,90.50657894736842,73.8157894736842,4.568336538461538
2017-05-21,89.3076923076923,71.58064516129032,9.300882352941175
2017-05-22,88.90506329113924,71.0126582278481,4.368157977883094
2017-05-23,88.84905660377359,72.20125786163523,5.881197530864197
2017-05-24,87.63522012578616,71.53459119496856,7.397199999999999
2017-05-25,86.0503144654088,67.91823899371069,16.85066765140325
2017-05-26,86.9620253164557,64.20253164556962,3.4711999999999987
2017-05-27,89.86928104575163,65.3921568627451,0.36255775577557564
2017-05-28,92.14285714285714,68.00641025641026,0.12908881578947207
2017-05-29,92.61290322580643,71.58709677419355,0.7590852459016382
2017-05-30,92.02564102564102,73.12101910828025,0.4912032258064502
2017-05-31,91.55625,73.17391304347827,3.9744461778471134
2017-06-01,90.9874213836478,72.66666666666667,3.1993534072900145
2017-06-02,88.937106918239,72.98113207547169,8.107123287671232
2017-06-03,87.02597402597402,72.0,15.425330261136713
2017-06-04,86.09554140127389,72.40127388535032,9.268239130434782
2017-06-05,85.27950310559007,73.38509316770187,7.513052631578946
2017-06-06,84.30434782608695,73.06211180124224,20.19261861861862
2017-06-07,83.527950310559,71.33333333333333,50.461711309523814
2017-06-08,84.39622641509433,70.63125,33.53940718562874
2017-06-09,86.46583850931677,69.46875,5.0439938366718025
2017-06-10,87.99363057324841,71.45222929936305,3.951156704361874
2017-06-11,87.65408805031447,73.9874213836478,9.22745714285714
2017-06-12,87.51552795031056,74.63354037267081,9.304215384615384
2017-06-13,87.16149068322981,73.95652173913044,8.469182763744426
2017-06-14,87.63125,72.65,11.253826219512193
2017-06-15,87.6875,72.175,11.398394537177541
2017-06-16,88.1304347826087,71.6125,12.812241590214066
2017-06-17,88.7843137254902,72.65131578947368,11.346124610591898
2017-06-18,89.65161290322581,73.2516129032258,6.985201267828843
2017-06-19,88.32075471698113,73.86792452830188,8.86243410852713
2017-06-20,86.7051282051282,75.0828025477707,13.243628959276016
2017-06-21,88.50943396226415,76.59748427672956,11.450458966565348
2017-06-22,90.0880503144654,76.15723270440252,10.02022256097561
2017-06-23,90.8616352201258,75.5031847133758,3.253924290220819
2017-06-24,91.487012987013,76.05882352941177,0.8301163166397408
2017-06-25,91.62820512820512,76.00641025641026,2.552558213716108
2017-06-26,91.12738853503184,74.94267515923566,6.483875796178344
2017-06-27,90.475,74.45911949685535,11.028742331288344
2017-06-28,90.04430379746836,73.79113924050633,12.534381240544628
2017-06-29,89.85987261146497,75.07692307692308,6.077885271317828
2017-06-30,90.98717948717947,75.73076923076923,8.479234374999999
2017-07-01,91.90967741935484,75.80645161290323,6.401518867924527
2017-07-02,92.40131578947368,75.33986928104575,4.647833065810593
2017-07-03,92.89677419354838,75.83333333333333,2.624529220779219
2017-07-04,92.93589743589745,75.1592356687898,3.547806451612903
2017-07-05,93.27564102564102,75.5031847133758,1.8326324237560185
2017-07-06,93.23899371069184,75.50625,1.9420161030595813
2017-07-07,93.01290322580644,75.32692307692308,2.2157886178861768
2017-07-08,91.86451612903224,75.20779220779221,3.0625261437908495
2017-07-09,91.31410256410255,74.01282051282051,8.04889827856025
2017-07-10,91.17088607594935,74.19496855345912,8.638760869565216
2017-07-11,90.8375,73.67924528301887,12.438786248131537
2017-07-12,91.14465408805032,74.20754716981132,6.822056603773583
2017-07-13,90.61875,74.45911949685535,13.465495412844035
2017-07-14,90.72327044025155,76.20125786163523,4.96949608763693
2017-07-15,91.21290322580646,75.52564102564102,3.8170097402597394
2017-07-16,91.2484076433121,74.98726114649682,3.3314192495921677
2017-07-17,90.56875,74.89375,7.251434991974317
2017-07-18,90.25625,74.2125,10.293827956989245
2017-07-19,90.80503144654088,74.39622641509433,9.232012158054708
2017-07-20,91.69811320754717,74.9622641509434,9.110290123456789
2017-07-21,91.29375,74.25,7.892479876160988
2017-07-22,90.44736842105264,73.99342105263158,8.763811501597445
2017-07-23,88.9551282051282,75.01923076923077,10.327980830670924
2017-07-24,89.86708860759494,75.70886075949367,5.851451162790696
2017-07-25,92.28205128205128,76.23076923076923,2.1916911076443037
2017-07-26,93.12101910828024,76.35443037974683,1.9568903020667727
2017-07-27,93.188679245283,76.16455696202532,3.9938210361067474
2017-07-28,93.2,76.41025641025641,2.6451311216429696
2017-07-29,92.359477124183,76.94117647058823,3.22490734824281
2017-07-30,90.10967741935484,75.86274509803921,8.944229199372057
2017-07-31,87.07643312101911,73.4113924050633,20.626605873261205
2017-08-01,87.69811320754717,71.8993710691824,17.18771644042232
2017-08-02,89.91823899371069,72.86075949367088,8.07098761609907
2017-08-03,89.05660377358491,74.85443037974683,11.841089230769228
2017-08-04,90.3987341772152,75.63291139240506,10.617041990668739
2017-08-05,91.39354838709676,76.7483870967742,6.39595799676898
2017-08-06,92.11764705882354,76.0909090909091,3.5312297520661144
2017-08-07,92.24050632911391,76.68987341772151,2.7106751188589526
2017-08-08,92.55128205128206,76.56410256410257,5.158093167701861
2017-08-09,92.78481012658229,76.39240506329114,4.469917721518986
2017-08-10,91.75641025641026,76.00641025641026,3.920574132492113
2017-08-11,90.8397435897436,75.43589743589743,7.822399999999998
2017-08-12,91.73717948717947,75.5,9.334499999999998
2017-08-13,92.26623376623375,75.70322580645161,6.101395424836599
2017-08-14,92.70700636942676,76.17721518987342,6.199212698412697
2017-08-15,92.65584415584416,76.50322580645161,4.797154574132491
2017-08-16,93.01948051948052,76.46753246753246,5.2453858520900285
2017-08-17,93.46103896103897,76.6,5.177033707865168
2017-08-18,93.39354838709676,76.10897435897436,5.9265311999999994
2017-08-19,93.3202614379085,74.63636363636364,8.005261744966441
2017-08-20,92.54666666666668,75.66225165562913,2.5764674457429027
2017-08-21,91.15384615384616,76.24203821656052,4.594633663366334
2017-08-22,92.01910828025478,75.828025477707,3.1808104575163383
2017-08-23,92.4904458598726,75.46153846153847,2.210049019607842
2017-08-24,91.23717948717947,75.15584415584415,7.025750778816199
2017-08-25,89.57142857142857,74.4640522875817,14.935279251170048
2017-08-26,88.1456953642384,75.10135135135135,15.799688394276627
2017-08-27,87.9407894736842,75.24503311258277,16.166306249999998
2017-08-28,87.94805194805195,74.92207792207792,14.819923076923077
2017-08-29,89.0326797385621,74.26143790849673,13.343388632872504
2017-08-30,91.3741935483871,74.66883116883118,10.505378048780486
2017-08-31,92.5359477124183,76.26143790849673,4.407309677419353
2017-09-01,92.6,75.5657894736842,7.984383177570091
2017-09-02,90.40816326530611,73.75167785234899,11.836480252764613
2017-09-03,89.51006711409396,73.91891891891892,6.698119741100321
2017-09-04,90.2185430463576,74.34666666666666,1.7433256578947358
2017-09-05,90.84868421052632,74.82,3.0912340425531895
2017-09-06,89.39597315436242,74.64864864864865,3.4551410048622366
2017-09-07,89.3082191780822,72.71724137931035,6.6310933333333315
2017-09-08,89.97222222222223,73.9103448275862,4.368531690140845
2017-09-09,87.78030303030303,73.51908396946565,8.109254612546122
2017-09-10,82.02564102564102,71.4695652173913,40.81905742574257
2017-09-11,80.69724770642202,71.73394495412845,142.58911255411255
2017-09-12,86.43697478991596,71.21666666666667,6.848890295358648
2017-09-13,88.78125,69.93023255813954,1.221668016194331
2017-09-14,89.81060606060606,72.66666666666667,1.64157421875
2017-09-15,90.39097744360902,74.51851851851852,3.8287258979206027
2017-09-16,90.54477611940298,75.17910447761194,2.1545561694290964
2017-09-17,90.07352941176472,73.95555555555555,0.835030741410488
2017-09-18,89.83941605839416,72.05797101449275,0.6157711267605616
2017-09-19,89.75172413793103,72.39041095890411,3.352626916524702
2017-09-20,90.5374149659864,72.80405405405405,1.278249572649572
2017-09-21,90.35862068965515,73.17808219178082,2.080795883361919
2017-09-22,89.85135135135135,72.89261744966443,2.4145196581196564
2017-09-23,89.5,73.66666666666667,4.743912013536377
2017-09-24,89.07692307692308,74.2937062937063,4.784094276094274
2017-09-25,89.84931506849315,74.04761904761905,2.2651945392491455
2017-09-26,90.72602739726028,72.99319727891157,1.5774736842105253
2017-09-27,91.18243243243244,73.04026845637584,2.0172123287671213
2017-09-28,91.67785234899328,72.24324324324324,0.9418618307426575
2017-09-29,90.44295302013424,72.67567567567568,3.2390354131534562
2017-09-30,88.65306122448979,73.50340136054422,13.186096185737975
2017-10-01,86.9054054054054,73.5,11.317389162561575
2017-10-02,85.90789473684211,73.38709677419355,19.327389337641357
2017-10-03,85.8476821192053,73.0657894736842,2.7495709570957083
2017-10-04,85.62745098039215,72.17532467532467,6.162278768233387
2017-10-05,84.52631578947368,71.71895424836602,9.253496794871793
2017-10-06,86.21232876712328,73.6027397260274,9.727425361155696
2017-10-07,89.1958041958042,76.55172413793103,1.6730590219224266
2017-10-08,89.57241379310345,77.23287671232876,8.56294876033058
2017-10-09,89.95270270270271,76.32885906040268,6.278358974358975
2017-10-10,89.91891891891892,75.91891891891892,1.9412561174551386
2017-10-11,89.60666666666667,74.43708609271523,0.9337006578947359
2017-10-12,88.17333333333333,72.26666666666667,2.094341625207295
2017-10-13,87.76158940397352,72.62913907284768,3.752591869918697
2017-10-14,87.87755102040816,73.79054054054055,4.169798347107437
2017-10-15,88.22972972972973,73.14093959731544,2.7484318936877057
2017-10-16,88.35526315789474,71.83766233766234,2.580622895622896
2017-10-17,85.12418300653594,68.98701298701299,7.842548589341692
2017-10-18,83.13422818791946,67.28947368421052,3.8141100323624584
2017-10-19,84.81879194630872,68.58,3.2379803600654666
2017-10-20,85.78666666666666,70.05960264900662,2.0904570502431103
2017-10-21,85.51369863013699,71.1156462585034,1.228174957118353
2017-10-22,86.54054054054055,72.89189189189189,1.7994165261382793
2017-10-23,86.18791946308725,71.98657718120805,8.582944078947367
2017-10-24,83.34210526315789,66.76470588235294,11.598018633540372
2017-10-25,77.43046357615894,57.79605263157895,6.466848287112558
2017-10-26,73.24,51.52287581699346,0.11657621440535988
2017-10-27,77.06622516556291,54.05228758169935,0.15736026936026692
2017-10-28,79.27210884353741,59.12162162162162,5.165249569707401
2017-10-29,74.85333333333334,55.85333333333333,26.77630670926517
2017-10-30,70.35761589403974,46.947712418300654,0.05790016638934926
2017-10-31,73.00653594771242,47.72077922077922,0.014563237774030078
2017-11-01,78.13725490196079,53.30769230769231,0.01621276595744616
2017-11-02,81.14838709677419,58.6474358974359,0.0125328947368401
2017-11-03,82.15384615384616,61.083333333333336,0.1898834951456309
2017-11-04,82.84210526315789,62.82236842105263,0.6888914473684188
2017-11-05,83.23841059602648,63.54666666666667,0.2364974789915941
2017-11-06,83.25490196078431,65.18181818181819,0.7857733990147782
2017-11-07,83.6470588235294,64.92207792207792,0.24408780487804682
2017-11-08,83.58064516129032,64.99350649350649,0.06942389525368185
2017-11-09,82.12418300653594,65.14285714285714,0.2636085526315787
2017-11-10,79.74496644295301,63.44,0.39639393939393924
2017-11-11,79.46938775510205,62.60135135135136,1.708182124789207
2017-11-12,79.90666666666667,66.39333333333333,2.259219110378912
2017-11-13,80.0909090909091,65.84415584415585,4.7484236453201945
2017-11-14,79.0909090909091,63.276315789473685,1.391442463533223
2017-11-15,76.96153846153847,58.43870967741936,1.5231897926634759
2017-11-16,76.00657894736842,57.07236842105263,2.0770443349753687
2017-11-17,76.64285714285714,55.88311688311688,0.7386819672131133
2017-11-18,78.78807947019868,56.18543046357616,0.01900680272108612
2017-11-19,78.08609271523179,55.72185430463576,0.3131096121416518
2017-11-20,76.45454545454545,51.24516129032258,0.4617430894308921
2017-11-21,76.81818181818181,57.77272727272727,4.782774716369528
2017-11-22,78.41025641025641,60.94838709677419,6.611721599999999
2017-11-23,77.5945945945946,63.54054054054054,9.37602329450915
2017-11-24,75.11920529801324,59.75657894736842,14.181388157894737
2017-11-25,74.2875816993464,54.65359477124183,0.6581913043478242
2017-11-26,75.32236842105263,55.3046357615894,0.0435805892547635
2017-11-27,75.65806451612903,53.70063694267516,0.040418760469010294
2017-11-28,78.73885350318471,57.54140127388535,0.6953143812709022
2017-11-29,81.05128205128206,62.47435897435897,4.955895765472313
2017-11-30,80.6842105263158,62.209150326797385,0.6488774834437075
2017-12-01,80.32467532467533,60.31612903225806,0.18238032786885094
2017-12-02,80.28666666666666,60.266666666666666,0.21619732441471498
2017-12-03,79.44,59.311258278145694,0.01662080536912542
2017-12-04,78.5359477124183,60.48051948051948,0.13696494156928196
2017-12-05,80.02597402597402,61.642857142857146,0.8802843137254892
2017-12-06,80.07006369426752,60.72611464968153,1.4207479674796724
2017-12-07,75.61146496815287,58.75796178343949,2.540806349206348
2017-12-08,72.4746835443038,59.348101265822784,6.559129337539431
2017-12-09,71.16129032258064,51.406451612903226,19.82770324574961
2017-12-10,61.69127516778524,39.604026845637584,3.989343185550082
2017-12-11,62.01298701298701,38.265822784810126,0.09968144499178876
2017-12-12,68.1656050955414,41.06410256410256,0.0037722772277215396
2017-12-13,67.09032258064516,41.7483870967742,0.0016765676567656762
2017-12-14,68.13725490196079,41.97385620915033,0.0054668874172167595
2017-12-15,72.00641025641026,48.354838709677416,0.05316279069767305
2017-12-16,73.00649350649351,50.26623376623377,0.027321008403360318
2017-12-17,75.84967320261438,53.16556291390729,0.15713559322033893
2017-12-18,80.02547770700637,58.82165605095541,0.8105403624382198
2017-12-19,81.16129032258064,62.188311688311686,0.8578253706754514
2017-12-20,80.38562091503267,61.824675324675326,0.12550588235294027
2017-12-21,80.05844155844156,61.05844155844156,0.3170766666666658
2017-12-22,78.89542483660131,59.95454545454545,0.07269360269360112
2017-12-23,79.44370860927152,60.32666666666667,0.07481128747795383
2017-12-24,79.33557046979865,59.45637583892618,0.20275044247787477
2017-12-25,74.63265306122449,53.979729729729726,0.3850531914893615
2017-12-26,73.78911564625851,51.053691275167786,0.41702836879432476
2017-12-27,73.47019867549669,55.19736842105263,0.2737409326424855
2017-12-28,70.84,57.04,1.0056326530612223
2017-12-29,67.09210526315789,52.47058823529412,1.235699145299144
2017-12-30,64.98675496688742,48.30718954248366,0.046099644128111794
2017-12-31,66.1027397260274,45.630872483221474,0.1404154929577463
2018-01-01,64.86713286713287,44.46853146853147,1.643529411764704
2018-01-02,59.51020408163265,42.891891891891895,2.8472111292962357
2018-01-03,56.4551724137931,42.38775510204081,10.934984025559105
2018-01-04,55.34013605442177,33.261744966442954,7.019302250803857
2018-01-05,55.25170068027211,33.229729729729726,0.046143333333331635
2018-01-06,58.0,35.951388888888886,0.01943877551020206
2018-01-07,62.90344827586207,39.59027777777778,0.040674616695059077
2018-01-08,68.4931506849315,47.02739726027397,0.7464403973509921
2018-01-09,73.3445945945946,57.60958904109589,5.521220657276994
2018-01-10,75.29530201342281,61.62162162162162,5.359521531100477
2018-01-11,76.5608108108108,62.82312925170068,2.2307295999999996
2018-01-12,77.54109589041096,61.3448275862069,3.178364238410595
2018-01-13,70.29655172413793,49.04895104895105,4.346407894736842
2018-01-14,62.91549295774648,39.58450704225352,0.04362925170067945
2018-01-15,64.47552447552448,42.11188811188811,0.0137529610829103
2018-01-16,68.39455782312925,44.17006802721088,0.1107508417508402
2018-01-17,66.421768707483,43.04081632653061,0.07590317195325341
2018-01-18,59.36,30.613333333333333,0.06594639865996405
2018-01-19,60.73648648648648,34.07382550335571,0.00566380789022288
2018-01-20,67.5068493150685,41.888888888888886,0.033781144781144024
2018-01-21,72.97278911564626,51.10884353741496,0.0476515912897815
2018-01-22,77.03311258278146,55.92,0.40234276206322717
2018-01-23,77.7,58.63758389261745,4.880627943485086
2018-01-24,74.21088435374149,52.141891891891895,1.4056590909090887
2018-01-25,70.38095238095238,50.93877551020408,0.21061359867329876
2018-01-26,72.08053691275168,52.64,0.0072449664429515195
2018-01-27,74.93793103448276,59.33793103448276,0.20119243986254257
2018-01-28,75.99319727891157,62.55102040816327,5.086328903654484
2018-01-29,74.96644295302013,59.852348993288594,29.019214392803594
2018-01-30,68.64864864864865,47.317567567567565,1.1037003257328966
2018-01-31,66.3,43.053691275167786,0.02141652613827938
2018-02-01,71.55704697986577,47.26845637583892,0.015189368770762279
2018-02-02,73.55704697986577,51.42281879194631,0.18893596059113052
2018-02-03,71.96598639455782,52.326530612244895,0.3306233333333316
2018-02-04,74.01360544217687,57.50340136054422,2.930801313628898
2018-02-05,76.12666666666667,56.328859060402685,13.125902883156296
2018-02-06,76.74496644295301,54.46979865771812,0.07582707993474688
2018-02-07,79.62162162162163,60.328859060402685,0.5396459016393427
2018-02-08,79.04,61.395973154362416,2.763702614379083
2018-02-09,78.89795918367346,61.58783783783784,0.5256622516556266
2018-02-10,80.69444444444444,64.2,0.6479152542372859
2018-02-11,81.57534246575342,66.55862068965517,8.178284263959391
2018-02-12,81.21621621621621,66.94520547945206,12.792591133004926
2018-02-13,80.86206896551724,65.34246575342466,1.9834230145867076
2018-02-14,78.58783783783784,63.02013422818792,1.2305355371900817
2018-02-15,79.45945945945945,62.03333333333333,0.05156073211314284
2018-02-16,81.08904109589041,60.93197278911565,0.020525252525252318
2018-02-17,82.05555555555556,60.62758620689655,0.00769696969696962
2018-02-18,82.65277777777777,60.55555555555556,0.012569965870304997
2018-02-19,82.85714285714286,63.6554054054054,0.06307094594594574
2018-02-20,83.20945945945945,67.03401360544218,0.41088235294117403
2018-02-21,83.87162162162163,68.63513513513513,0.1154545454545443
2018-02-22,83.51724137931035,66.28275862068965,0.18472727272727085
2018-02-23,83.27397260273973,65.29251700680273,0.3233895446880245
2018-02-24,83.2,64.98630136986301,0.44981880341880315
2018-02-25,83.36301369863014,64.8972602739726,0.44598662207357737
2018-02-26,83.69127516778524,64.89261744966443,1.8077100494233915
2018-02-27,82.37162162162163,63.08108108108108,1.9538776167471794
2018-02-28,81.50340136054422,61.93918918918919,0.31016080402010027
2018-03-01,83.25342465753425,63.7027027027027,0.07263071895424819
2018-03-02,82.74149659863946,60.93197278911565,0.24492857142857033
2018-03-03,78.38620689655173,51.0958904109589,0.11284193011647073
2018-03-04,74.09027777777777,47.0551724137931,0.00042333333333333334
2018-03-05,74.32413793103449,47.62585034013605,0.007446254071660699
2018-03-06,75.89115646258503,49.59863945578231,0.4269361702127641
2018-03-07,75.41095890410959,53.5578231292517,4.334880989180834
2018-03-08,70.18881118881119,46.57931034482758,0.6633388429752054
2018-03-09,68.19727891156462,42.285714285714285,0.01169736842105076
2018-03-10,71.88028169014085,45.59440559440559,0.27867671691792284
2018-03-11,77.8896551724138,55.602739726027394,2.503831715210354
2018-03-12,76.45333333333333,55.48,3.6777753164556946
2018-03-13,69.86577181208054,43.222972972972975,1.7755259740259737
2018-03-14,68.14685314685315,43.48965517241379,0.01067226890756072
2018-03-15,69.95302013422818,39.92567567567568,0.0004219269102990033
2018-03-16,74.3061224489796,41.43537414965986,0.02455333333333164
2018-03-17,79.18055555555556,48.77464788732394,0.10953480475381824
2018-03-18,82.6896551724138,56.0551724137931,0.30566837606837516
2018-03-19,82.42567567567568,61.63945578231292,8.309902120717782
2018-03-20,81.93243243243244,63.270270270270274,12.991880690737833
2018-03-21,77.3445945945946,55.51351351351352,7.846995377503852
2018-03-22,70.76027397260275,47.12925170068027,0.01217520661157008
2018-03-23,71.87586206896552,44.21621621621622,0.0004240400667779633
2018-03-24,75.81944444444444,47.48965517241379,0.0050715474209641195
2018-03-25,79.6993006993007,54.38461538461539,0.16612520593080576
2018-03-26,79.3445945945946,58.02702702702703,1.6122229402261694
2018-03-27,77.97222222222223,60.17687074829932,0.42554323001631067
2018-03-28,79.0,59.03424657534247,0.0033366174055809
2018-03-29,81.10884353741497,61.71917808219178,0.09781877022653614
2018-03-30,81.51020408163265,62.42857142857143,1.5524051863857364
2018-03-31,80.27272727272727,61.25174825174825,2.2925232744783295
2018-04-01,80.70422535211267,60.72727272727273,0.4052491909385112
2018-04-02,83.18367346938776,61.82432432432432,1.5020544
2018-04-03,84.48993288590604,64.01342281879195,0.8461399688957987
2018-04-04,83.64827586206897,62.55862068965517,1.1633280507131518
2018-04-05,82.21232876712328,58.52739726027397,0.9950311526479741
2018-04-06,82.50344827586207,58.61643835616438,0.2300988835725672
2018-04-07,83.25352112676056,62.31468531468531,1.6765623003194878
2018-04-08,81.13475177304964,63.255319148936174,7.140346549192363
2018-04-09,82.57931034482759,64.96575342465754,4.606498507462686
2018-04-10,82.54421768707483,64.45270270270271,20.215833580980682
2018-04-11,79.90344827586208,59.50684931506849,18.23341547277937
2018-04-12,80.22695035460993,56.53793103448276,0.0771142410015626
2018-04-13,82.32638888888889,60.85416666666666,0.017435257410294277
2018-04-14,84.67832167832168,64.24305555555556,0.3371999999999999
2018-04-15,84.47552447552448,64.46853146853147,5.786834375
2018-04-16,78.62585034013605,55.02040816326531,13.759756302521009
2018-04-17,77.1917808219178,50.53061224489796,0.009784283513095638
2018-04-18,82.0625,52.451388888888886,0.0
2018-04-19,84.39041095890411,57.10958904109589,0.0269875
2018-04-20,83.3103448275862,59.179310344827584,0.0
2018-04-21,83.44366197183099,63.54929577464789,0.6267480190174316
2018-04-22,83.48226950354609,68.62411347517731,3.3917388632872507
2018-04-23,83.70547945205479,68.0,10.025551319648093
2018-04-24,83.92361111111111,65.45517241379311,8.875014749262535
2018-04-25,83.02083333333333,61.013888888888886,2.334982892690511
2018-04-26,82.88111888111888,58.77777777777778,0.041599999999998694
2018-04-27,82.96527777777777,61.30555555555556,0.5524904458598701
2018-04-28,83.81428571428572,60.24285714285714,4.803576243980738
2018-04-29,84.81560283687944,60.659574468085104,0.00492407108238932
2018-04-30,84.5,61.79166666666666,0.01263884430176554
2018-05-01,84.27586206896552,62.31506849315068,0.027228177641653657
2018-05-02,84.46206896551725,62.965753424657535,0.14764723926380313
2018-05-03,84.66891891891892,64.28378378378379,0.20437230769230652
2018-05-04,85.75,64.47619047619048,0.3207999999999995
2018-05-05,86.08843537414965,65.63013698630137,1.1050391236306727
2018-05-06,85.84246575342466,67.97945205479452,3.957173978819968
2018-05-07,87.57718120805369,65.82191780821918,6.3140456621004555
2018-05-08,87.95918367346938,63.8843537414966,0.8580339506172823
2018-05-09,87.38095238095238,63.65753424657535,0.35251401869158633
2018-05-10,87.28767123287672,63.95205479452055,0.00911388455538214
2018-05-11,88.78911564625851,65.07482993197279,0.002415213946117274
2018-05-12,87.0979020979021,67.4055944055944,0.08425764895330079
2018-05-13,84.3986013986014,68.0,2.0566447574334874
2018-05-14,82.0204081632653,69.28767123287672,20.71138593974175
2018-05-15,83.51369863013699,69.54794520547945,23.507790070921985
2018-05-16,85.27397260273973,69.26027397260275,15.878228813559321
2018-05-17,84.61805555555556,70.27272727272727,15.463490593342982
2018-05-18,85.42657342657343,69.72027972027972,13.679662374821172
2018-05-19,85.48571428571428,70.10714285714286,9.254366718027734
2018-05-20,81.63636363636364,69.85314685314685,25.291034379671153
2018-05-21,81.29166666666667,70.45454545454545,21.819201183431954
2018-05-22,82.85314685314685,71.32394366197182,15.705421965317917
2018-05-23,85.63194444444444,70.34027777777777,7.042456808199121
2018-05-24,87.67586206896551,70.97222222222223,2.8629970149253716
2018-05-25,86.46896551724137,71.41666666666667,5.240879284649774
2018-05-26,83.18181818181819,70.65492957746478,10.814392215568862
2018-05-27,82.27857142857142,71.55395683453237,15.486882005899703
2018-05-28,83.21830985915493,73.68794326241135,15.999745562130176
2018-05-29,85.02097902097903,73.61971830985915,10.71052148148148
2018-05-30,85.2605633802817,73.60992907801419,11.167582132564839
2018-05-31,86.66206896551724,73.11805555555556,17.200161616161612
2018-06-01,88.18881118881119,72.09722222222223,8.740653958944279
2018-06-02,88.90140845070422,72.82978723404256,4.429173252279634
2018-06-03,90.33103448275862,73.90344827586208,4.690684523809522
2018-06-04,91.37837837837836,74.96621621621621,2.8836470588235272
2018-06-05,90.17687074829932,73.43537414965986,1.8803470588235274
2018-06-06,88.54421768707483,72.51700680272108,4.176555391432791
2018-06-07,88.73648648648648,71.10135135135135,8.14500727802038
2018-06-08,89.31292517006803,70.65306122448979,10.83160588235294
2018-06-09,88.93706293706293,70.46853146853147,9.01344624447717
2018-06-10,88.88111888111888,71.16783216783217,5.0197811550151945
2018-06-11,88.43835616438356,71.33561643835617,4.014826219512194
2018-06-12,88.46206896551725,71.23448275862069,7.15272886297376
2018-06-13,89.31972789115646,72.0,5.813528023598819
2018-06-14,89.35810810810811,72.47972972972973,7.409139092240117
2018-06-15,89.34013605442176,73.0,6.623022026431718
2018-06-16,89.78472222222223,72.9090909090909,6.900961424332343
2018-06-17,90.8881118881119,73.63636363636364,6.054106983655273
2018-06-18,91.22972972972973,74.41095890410959,1.5445022421524643
2018-06-19,91.56756756756756,73.71140939597315,1.275283803863298
2018-06-20,91.96644295302012,74.3758389261745,3.0042598187311165
2018-06-21,92.18120805369128,75.6891891891892,5.4914030303030295
2018-06-22,92.55704697986576,76.16216216216216,9.134675477239352
2018-06-23,92.82068965517242,75.90972222222223,5.44269018404908
2018-06-24,92.6013986013986,74.74647887323944,5.421436137071651
2018-06-25,92.00671140939598,74.10666666666667,8.96600902255639
2018-06-26,91.57534246575342,74.4931506849315,4.053870014771047
2018-06-27,91.75862068965516,73.97916666666667,7.303985380116957
2018-06-28,92.1448275862069,74.02758620689656,5.538113943028485
2018-06-29,90.7448275862069,73.95862068965518,13.159885462555064
2018-06-30,89.53424657534246,74.47586206896551,10.488931921331313
2018-07-01,89.45833333333333,74.13194444444444,13.196282738095238
2018-07-02,90.69127516778524,74.27333333333333,5.997137724550897
2018-07-03,91.59333333333332,74.49333333333334,4.389757847533631
2018-07-04,90.25675675675676,73.41891891891892,6.4690625
2018-07-05,89.84563758389261,72.80536912751678,8.81860946745562
2018-07-06,89.9054054054054,73.3108108108108,9.400281437125747
2018-07-07,89.92361111111111,72.66666666666667,9.483432880844642
2018-07-08,90.0,72.9931506849315,5.0283584337349385
2018-07-09,90.6158940397351,74.19333333333333,2.7745787106446755
2018-07-10,91.12582781456952,74.41059602649007,2.9025307346326836
2018-07-11,91.92666666666666,73.82666666666667,4.050983894582722
2018-07-12,91.90666666666668,73.66,4.613189189189188
2018-07-13,92.51677852348992,74.21621621621621,2.806757990867579
2018-07-14,92.5,74.53103448275863,3.9101308980213085
2018-07-15,92.15862068965517,74.84027777777777,3.833800307219661
2018-07-16,92.513698630137,75.86301369863014,3.3300090634441077
2018-07-17,92.07333333333334,76.08666666666667,4.256412650602408
2018-07-18,91.87755102040816,76.48979591836735,5.690437781109443
2018-07-19,91.3020134228188,76.5,6.682997023809522
2018-07-20,90.67567567567568,76.42953020134229,6.459786144578313
2018-07-21,91.4,76.33793103448276,8.511344615384616
2018-07-22,92.33566433566432,75.72916666666667,6.689055045871559
2018-07-23,92.0738255033557,73.18120805369128,25.555617083946984
2018-07-24,90.81756756756756,74.20270270270271,5.267521936459908
2018-07-25,90.9054054054054,75.36241610738254,8.243212574850297
2018-07-26,91.68666666666668,76.04635761589404,6.288216216216214
2018-07-27,91.96644295302012,75.67333333333333,5.306896341463412
2018-07-28,92.1448275862069,74.87671232876713,9.186596273291922
2018-07-29,90.47183098591547,74.52112676056338,9.020764430577222
2018-07-30,89.17123287671232,74.14285714285714,10.546339339339339
2018-07-31,89.04861111111111,74.45833333333333,13.01430215827338
2018-08-01,88.73611111111111,74.96551724137932,11.894372634643375
2018-08-02,89.30555555555556,74.80555555555556,13.505510980966324
2018-08-03,90.27397260273972,74.55479452054794,14.559790251107827
2018-08-04,91.1048951048951,75.26573426573427,2.7176825885978406
2018-08-05,91.59027777777776,75.6993006993007,1.1040158227848096
2018-08-06,91.85616438356163,75.17123287671232,2.4641555209953343
2018-08-07,91.56944444444444,74.9448275862069,2.9877223880597015
2018-08-08,92.36054421768708,75.10204081632654,1.7577259036144561
2018-08-09,92.62162162162164,74.7687074829932,2.94064318529862
2018-08-10,91.98657718120803,74.39455782312925,5.299926829268291
2018-08-11,90.57638888888889,73.96527777777777,8.412247328244275
2018-08-12,90.66206896551724,74.48965517241379,8.533775729646697
2018-08-13,91.19594594594597,74.27027027027027,10.7272921686747
2018-08-14,91.21088435374148,74.19727891156462,5.115381231671553
2018-08-15,90.89189189189187,74.25675675675676,5.086773333333332
2018-08-16,91.33561643835615,74.9931506849315,5.072892488954344
2018-08-17,91.61904761904762,75.63945578231292,4.660099099099097
2018-08-18,91.62676056338027,75.08450704225352,3.209493827160493
2018-08-19,91.22222222222224,74.60416666666667,4.06831172839506
2018-08-20,91.3445945945946,74.08108108108108,7.756329835082459
2018-08-21,90.92567567567568,74.58108108108108,5.4230309278350495
2018-08-22,91.38356164383562,75.14285714285714,5.429483113069016
2018-08-23,91.35810810810813,74.47972972972973,6.472748180494905
2018-08-24,91.24489795918367,74.35374149659864,6.522673748103185
2018-08-25,90.88732394366195,74.57042253521126,7.9301913303437965
2018-08-26,90.73758865248227,73.87943262411348,9.572149700598802
2018-08-27,91.01360544217688,74.82312925170068,2.904145061728394
2018-08-28,90.79591836734694,74.10884353741497,4.615858858858858
2018-08-29,89.578231292517,73.70748299319727,11.684
2018-08-30,88.85714285714286,73.29251700680273,12.4079738372093
2018-08-31,89.22068965517241,74.4,7.742444763271162
2018-09-01,90.354609929078,74.88732394366197,6.857999999999997
2018-09-02,89.77083333333333,74.32638888888889,3.3941331114808655
2018-09-03,86.91549295774648,74.16312056737588,11.691224550898204
2018-09-04,86.91095890410959,74.5958904109589,16.983546897546894
2018-09-05,89.00680272108843,76.06122448979592,8.902236496350364
2018-09-06,89.83783783783784,75.3061224489796,4.903107142857141
2018-09-07,89.1875,73.79310344827586,5.827664254703328
2018-09-08,88.61805555555556,73.07638888888889,4.639987969924811
2018-09-09,88.92413793103448,73.09655172413792,4.604861491628615
2018-09-10,89.6510067114094,73.87919463087249,3.8917645305514146
2018-09-11,90.26845637583892,74.58389261744966,3.735730994152045
2018-09-12,91.45945945945944,75.1554054054054,1.5454171597633113
2018-09-13,91.82993197278913,75.36734693877551,3.8244824561403505
2018-09-14,92.22297297297295,74.85135135135135,5.000767164179102
2018-09-15,92.82638888888889,76.46527777777777,1.1338432601880857
2018-09-16,93.10416666666669,76.88275862068966,1.6519937402190914
2018-09-17,92.83783783783784,76.64189189189189,1.3115493827160494
2018-09-18,92.51700680272108,76.14189189189189,3.0388742514970044
2018-09-19,92.88590604026844,75.39597315436242,2.776638930163446
2018-09-20,92.77027027027027,74.66891891891892,3.7135635276532133
2018-09-21,91.67114093959732,74.71812080536913,4.982771513353115
2018-09-22,90.32867132867132,74.42068965517241,3.9326882716049365
2018-09-23,90.06293706293707,73.8881118881119,2.0258424242424224
2018-09-24,90.24137931034484,74.59310344827587,2.593473684210525
2018-09-25,90.82068965517242,75.19310344827586,5.512277858176555
2018-09-26,91.58333333333331,75.02083333333333,2.9648385185185178
2018-09-27,91.86111111111111,75.4375,4.707138599105812
2018-09-28,91.68493150684932,74.97241379310344,3.2389745889387145
2018-09-29,91.48571428571428,74.77697841726619,3.4489101978691004
2018-09-30,90.95,75.10791366906474,1.218325508607198
2018-10-01,90.05442176870748,74.72972972972973,3.318856711915533
2018-10-02,89.58904109589041,74.81506849315069,3.4535684523809524
2018-10-03,89.25170068027211,73.15646258503402,1.7635075075075066
2018-10-04,89.22222222222223,72.62068965517241,1.1958366111951564
2018-10-05,89.65306122448979,72.38513513513513,1.738480362537764
2018-10-06,89.4,72.15602836879432,0.40067605633802705
2018-10-07,88.88888888888889,72.42361111111111,1.016
2018-10-08,87.40136054421768,73.70748299319727,3.272005979073242
2018-10-09,87.75524475524476,75.79020979020979,5.001704775687409
2018-10-10,87.55797101449275,77.51449275362319,6.430957703927493
2018-10-11,88.79710144927536,75.73913043478261,11.53478923766816
2018-10-12,87.89208633093526,70.9,3.244131498470948
2018-10-13,87.76296296296296,67.08823529411765,1.3610031847133732
2018-10-14,88.77372262773723,69.23357664233576,0.16512038523274228
2018-10-15,90.35251798561151,72.8273381294964,0.35277777777777547
2018-10-16,90.53571428571428,74.26950354609929,0.2184479004665612
2018-10-17,90.48226950354608,73.86524822695036,0.40084375
2018-10-18,89.86013986013987,72.47552447552448,0.5359164086687296
2018-10-19,88.80281690140845,72.33098591549296,0.9747789799072623
2018-10-20,88.85,70.16428571428571,1.2724037854889572
2018-10-21,85.82857142857142,67.72142857142858,0.5442857142857136
2018-10-22,83.67586206896551,64.58904109589041,0.2972681388012608
2018-10-23,82.51369863013699,65.57534246575342,0.35395370370370155
2018-10-24,83.84137931034483,67.28965517241379,0.7369848484848481
2018-10-25,83.41666666666667,66.44137931034483,1.7725626911314976
2018-10-26,84.20138888888889,67.90972222222223,9.92270553064275
2018-10-27,82.11971830985915,64.16901408450704,2.172804347826085
2018-10-28,79.29861111111111,56.9375,0.057110062893079856
2018-10-29,80.68055555555556,56.1986301369863,0.01594976452119202
2018-10-30,82.84353741496598,57.86986301369863,0.041030769230768836
2018-10-31,83.6993006993007,60.28169014084507,0.0019781931464174455
2018-11-01,83.73287671232876,63.2108843537415,0.4221574074074056
2018-11-02,83.46896551724137,63.9448275862069,3.0953624060150364
2018-11-03,79.2867132867133,59.10489510489511,10.488223201174742
2018-11-04,79.40714285714286,61.96551724137931,2.7527055214723912
2018-11-05,83.8639455782313,67.57534246575342,6.035070464767615
2018-11-06,85.34246575342466,69.578231292517,0.9402660550458711
2018-11-07,86.05442176870748,69.72789115646259,2.9319185520361972
2018-11-08,85.74657534246575,69.24489795918367,4.348753363228697
2018-11-09,85.86111111111111,68.45138888888889,2.739185410334346
2018-11-10,82.95804195804196,65.39160839160839,2.628604651162789
2018-11-11,81.92361111111111,63.04137931034483,1.708399999999999
2018-11-12,83.54545454545455,67.35416666666667,1.569631160572335
2018-11-13,84.0945945945946,67.8108108108108,6.770349486049925
2018-11-14,81.94520547945206,66.65986394557824,3.5503722304283576
2018-11-15,77.1360544217687,59.29054054054054,10.719378917378917
2018-11-16,70.86986301369863,48.17006802721088,0.7592604006163319
2018-11-17,72.22377622377623,49.333333333333336,0.027114599686026176
2018-11-18,77.99300699300699,55.471830985915496,0.0658962264150941
2018-11-19,80.10204081632654,60.30612244897959,0.41215838509316616
2018-11-20,79.52739726027397,61.74829931972789,0.7841044303797452
2018-11-21,77.23448275862069,57.44897959183673,1.935859813084111
2018-11-22,74.56338028169014,55.88111888111888,0.11162520729684781
2018-11-23,76.6923076923077,58.59440559440559,1.7466623376623358
2018-11-24,79.8881118881119,61.895833333333336,2.2916624203821647
2018-11-25,79.6923076923077,61.76223776223776,0.6148831999999974
2018-11-26,80.08108108108108,59.59183673469388,4.440661490683229
2018-11-27,72.69655172413793,50.90972222222222,4.9388069666182846
2018-11-28,62.64335664335665,39.95862068965517,0.03018209876543028
2018-11-29,63.87586206896552,41.25342465753425,0.00355520995334286
2018-11-30,72.6,49.0,0.020839009287925498
2018-12-01,78.31914893617021,60.83802816901409,4.159007633587784
2018-12-02,82.33333333333333,68.19444444444444,11.932684603886399
2018-12-03,83.29251700680273,67.4625850340136,8.337445277361317
2018-12-04,79.75862068965517,61.602739726027394,8.215413258110011
2018-12-05,71.02083333333333,49.26206896551725,1.3510398818316087
2018-12-06,66.45517241379311,42.67808219178082,0.004226928895612219
2018-12-07,71.74305555555556,47.29861111111112,0.015707390648567097
2018-12-08,75.875,54.598591549295776,0.37487713841368514
2018-12-09,76.04195804195804,59.90845070422535,8.915286775631499
2018-12-10,68.55102040816327,52.26027397260274,12.750437142857141
2018-12-11,61.62068965517241,43.54109589041096,0.04881681681681626
2018-12-12,64.04794520547945,39.820689655172416,0.00502587519025644
2018-12-13,71.52112676056338,49.08510638297872,0.42565296803652947
2018-12-14,75.59154929577464,61.41843971631206,8.195001490312965
2018-12-15,74.91549295774648,61.34507042253521,36.03068926553672
2018-12-16,72.70921985815603,56.84507042253521,2.4540882352941167
2018-12-17,70.21527777777777,49.95862068965517,0.10841463414634071
2018-12-18,69.80851063829788,46.60416666666666,0.015707390648567097
2018-12-19,72.17482517482517,49.62237762237762,0.7370674846625751
2018-12-20,73.70212765957447,57.5886524822695,23.106965014577263
2018-12-21,70.05714285714286,55.431654676258994,33.3048095909732
2018-12-22,65.02985074626865,46.27941176470589,2.5196799999999997
2018-12-23,67.2074074074074,42.86029411764706,0.22672756410256278
2018-12-24,70.48175182481752,46.48175182481752,0.0053258064516119195
2018-12-25,72.57777777777778,50.20149253731344,0.010755700325731839
2018-12-26,73.89208633093526,55.23571428571429,0.01564343598055086
2018-12-27,76.7463768115942,61.471014492753625,0.07963022508038448
2018-12-28,79.94117647058823,67.1470588235294,2.0805878693623625
2018-12-29,80.61313868613139,66.5912408759124,8.830694316436253
2018-12-30,81.22627737226277,65.68840579710145,3.2315957120980086
2018-12-31,81.49640287769785,65.56115107913669,0.3504806201550387
2019-01-01,81.5,64.36619718309859,0.4285770392749234
2019-01-02,81.1360544217687,63.52413793103448,0.27994207317073083
2019-01-03,80.91724137931034,64.37241379310345,0.4563455657492351
2019-01-04,80.65068493150685,63.273972602739725,3.776588938714499
2019-01-05,75.38461538461539,56.47552447552447,8.48850432276657
2019-01-06,72.96428571428571,48.11267605633803,0.0837659574468077
2019-01-07,75.55862068965517,50.18367346938776,0.0073010590015104
2019-01-08,77.95205479452055,53.89041095890411,0.001548780487804878
2019-01-09,74.54421768707483,53.863945578231295,0.01200304878048638
2019-01-10,67.40277777777777,43.358620689655176,0.00038897396630934144
2019-01-11,67.07692307692308,42.636986301369866,0.0
2019-01-12,74.09859154929578,51.04929577464789,0.05941287284144364
2019-01-13,77.17605633802818,55.94285714285714,0.704097264437689
2019-01-14,72.1103448275862,52.90344827586207,0.28403892215568805
2019-01-15,64.02068965517242,47.71724137931034,0.010144393241165318
2019-01-16,62.91836734693877,42.802721088435376,0.027324242424240495
2019-01-17,68.63945578231292,42.40816326530612,0.03440791476407856
2019-01-18,73.97278911564626,48.16326530612245,0.11513629402756352
2019-01-19,76.49305555555556,52.02797202797203,0.49014062499999744
2019-01-20,72.41134751773049,48.94285714285714,11.068731638418079
2019-01-21,64.46853146853147,38.183098591549296,0.8488641221374026
2019-01-22,69.0958904109589,43.68027210884354,0.16392085235920678
2019-01-23,75.34931506849315,57.2054794520548,0.9113212121212101
2019-01-24,74.83673469387755,57.33561643835616,17.421474719101123
2019-01-25,68.14965986394557,46.802721088435376,5.559941860465115
2019-01-26,62.436619718309856,46.11188811188811,2.173154198473281
2019-01-27,62.02112676056338,48.76056338028169,15.880884902840057
2019-01-28,61.38095238095238,43.82993197278912,35.0400427960057
2019-01-29,62.22602739726028,41.69655172413793,0.8968905325443771
2019-01-30,63.08108108108108,43.2972972972973,0.7068325791855194
2019-01-31,65.01369863013699,44.85616438356164,0.1351809815950907
2019-02-01,70.31506849315069,52.62068965517241,2.621861445783131
2019-02-02,74.81818181818181,59.61971830985915,3.1056587537091986
2019-02-03,75.01398601398601,59.232394366197184,2.5727987987987966
2019-02-04,74.31756756756756,58.25170068027211,0.5095606758832546
2019-02-05,74.94520547945206,55.08108108108108,0.0322354740061138
2019-02-06,78.27891156462584,55.87837837837838,0.00780337941628082
2019-02-07,79.45945945945945,57.16891891891892,0.0027186544342499798
2019-02-08,79.36486486486487,56.97278911564626,0.09847384615384419
2019-02-09,76.96402877697842,57.776978417266186,0.0953004769475346
2019-02-10,76.0774647887324,61.42253521126761,2.7426595744680844
2019-02-11,78.66896551724138,62.44137931034483,3.0476197604790403
2019-02-12,81.73103448275862,64.13103448275862,1.0812162162162144
2019-02-13,75.82876712328768,55.136986301369866,12.113543018335683
2019-02-14,69.78767123287672,46.26027397260274,5.051650075414781
2019-02-15,76.02758620689656,51.51048951048951,0.0635
2019-02-16,78.98601398601399,55.84615384615385,0.006359937402190179
2019-02-17,81.49305555555556,61.11188811188811,0.03702507836990344
2019-02-18,83.07534246575342,64.84931506849315,0.40946213292117273
2019-02-19,82.48299319727892,65.40816326530613,0.3788671755725179
2019-02-20,82.55862068965517,66.44897959183673,0.6101355421686747
2019-02-21,83.20689655172414,66.93243243243244,0.6726727828746162
2019-02-22,84.1875,67.22602739726027,0.48725731895223195
2019-02-23,84.86111111111111,68.90344827586208,0.24008763693270657
2019-02-24,84.45138888888889,66.77083333333333,0.6191981566820252
2019-02-25,80.60810810810811,59.87837837837838,0.8964018404907953
2019-02-26,76.50694444444444,61.26712328767123,1.2785443425076435
2019-02-27,78.19047619047619,62.29931972789116,13.579592592592594
2019-02-28,78.89041095890411,61.710344827586205,5.448115942028985
2019-03-01,79.74657534246575,61.6986301369863,1.5726217457886658
2019-03-02,81.87412587412588,61.74825174825175,4.103379844961239
2019-03-03,83.54929577464789,62.232394366197184,2.9241552795031036
2019-03-04,80.43835616438356,60.32876712328767,8.560284875183552
2019-03-05,74.36986301369863,54.54794520547945,1.5051709531013593
2019-03-06,65.95862068965518,43.10958904109589,1.310470409711683
2019-03-07,68.27586206896552,42.69178082191781,0.008256965944272318
2019-03-08,75.40816326530613,49.95238095238095,0.0199907407407398
2019-03-09,80.03472222222223,57.22916666666666,0.12296825396825291
2019-03-10,83.05555555555556,63.46153846153846,0.16232187499999998
2019-03-11,84.15646258503402,64.63698630136986,0.33685145482388873
2019-03-12,82.44897959183673,63.14383561643836,0.9696440422322761
2019-03-13,80.19727891156462,62.842465753424655,0.08948615384615326
2019-03-14,81.12328767123287,64.16666666666667,0.01019135802469048
2019-03-15,82.52380952380952,64.29931972789116,0.294355140186914
2019-03-16,79.42957746478874,63.765957446808514,1.2148682170542613
2019-03-17,76.15277777777777,60.77622377622377,2.4065622119815657
2019-03-18,74.13513513513513,57.523809523809526,0.7026943164362499
2019-03-19,70.35135135135135,56.04761904761905,6.441092261904761
2019-03-20,71.49324324324324,55.917808219178085,9.941277777777774
2019-03-21,74.24489795918367,53.57534246575342,0.7460030721966197
2019-03-22,75.1156462585034,49.773972602739725,0.07101075268816993
2019-03-23,76.71527777777777,47.34507042253521,0.003956386292832619
2019-03-24,78.71830985915493,52.12857142857143,0.0007888198757763975
2019-03-25,81.16438356164383,57.95804195804196,0.051812883435580354
2019-03-26,81.11486486486487,59.78767123287671,0.3012830769230754
2019-03-27,77.5578231292517,57.26896551724138,3.7913235294117635
2019-03-28,76.33793103448276,55.44827586206897,4.818753753753754
2019-03-29,78.33561643835617,56.34722222222222,0.2595046439628465
2019-03-30,79.91489361702128,57.80714285714286,0.09853100158982266
2019-03-31,80.6013986013986,58.570422535211264,0.17833172302737477
2019-04-01,77.46621621621621,58.3013698630137,1.0980971168437006
2019-04-02,76.87755102040816,57.80821917808219,3.9183782991202323
2019-04-03,79.02054794520548,56.77931034482759,2.8639255952380926
2019-04-04,79.14965986394557,59.92465753424658,2.4875015197568375
2019-04-05,80.54421768707483,64.52054794520548,9.388060869565217
2019-04-06,84.24475524475524,65.8936170212766,4.594637462235648
2019-04-07,85.77083333333333,67.04861111111111,1.9049999999999998
2019-04-08,85.17123287671232,68.38356164383562,1.9491485451761088
2019-04-09,83.55862068965517,68.69655172413793,8.09228125
2019-04-10,83.04761904761905,65.9047619047619,3.9524878048780465
2019-04-11,84.42361111111111,63.282758620689656,0.10443072289156549
2019-04-12,85.84931506849315,65.75342465753425,0.11889361702127438
2019-04-13,87.1063829787234,69.01418439716312,0.3544186046511622
2019-04-14,86.76388888888889,70.09722222222223,1.622259938837918
2019-04-15,83.6,62.96551724137931,8.08638418079096
2019-04-16,82.64864864864865,56.398648648648646,0.22923781388478368
2019-04-17,83.04195804195804,59.41496598639456,0.0073232169954468
2019-04-18,85.17123287671232,63.57142857142857,0.27062404870624046
2019-04-19,84.86301369863014,64.83561643835617,5.832002915451895
2019-04-20,79.65942028985508,58.28260869565217,16.36993714285714
2019-04-21,78.63309352517986,53.15107913669065,0.1842589703588127
2019-04-22,80.46808510638297,53.6241134751773,0.011832298136644178
2019-04-23,82.63888888888889,56.06206896551724,0.0011669218989280245
2019-04-24,83.0979020979021,59.24475524475525,0.0003907692307692307
2019-04-25,83.64539007092199,61.45070422535211,0.5968412942989204
2019-04-26,84.76388888888889,64.56944444444444,4.532865185185184
2019-04-27,84.8695652173913,60.369565217391305,1.7232385321100916
2019-04-28,85.22695035460993,60.61702127659574,0.0238736517719558
2019-04-29,86.21232876712328,63.18367346938776,0.07053414264036323
2019-04-30,86.98611111111111,66.875,0.11535037593984843
2019-05-01,86.52027027027027,68.87162162162163,0.32748664688427104
2019-05-02,85.80405405405405,69.77027027027027,3.7036489208633077
2019-05-03,86.20805369127517,70.47619047619048,7.724504881450486
2019-05-04,88.06382978723404,70.07801418439716,5.826410179640716
2019-05-05,87.64335664335664,70.58450704225352,8.13553709198813
2019-05-06,87.48275862068965,69.35616438356165,15.340071633237823
2019-05-07,88.7448275862069,67.76551724137931,3.6483293768545977
2019-05-08,88.27397260273973,69.32191780821918,1.8928064992614468
2019-05-09,87.43150684931507,70.6734693877551,1.3062317979197617
2019-05-10,87.66438356164383,70.79591836734694,5.95708211143695
2019-05-11,88.39160839160839,71.23076923076923,5.171985096870342
2019-05-12,88.59154929577464,71.67605633802818,3.658219512195121
2019-05-13,88.1917808219178,70.8843537414966,7.140139941690961
2019-05-14,86.54109589041096,68.78231292517007,14.160050919377651
2019-05-15,85.28275862068965,67.37414965986395,2.2184954954954943
2019-05-16,85.65517241379311,66.5,1.256406727828745
2019-05-17,86.68531468531468,65.57042253521126,0.544510046367851
2019-05-18,87.76223776223776,66.09859154929578,0.12778395061728232
2019-05-19,88.46206896551725,67.02083333333333,0.09554489164086578
2019-05-20,89.45270270270271,68.80689655172414,0.44238972809667615
2019-05-21,89.99305555555556,69.9020979020979,0.8928253012048178
2019-05-22,90.34931506849315,69.4,0.22837048192770862
2019-05-23,89.8639455782313,70.48979591836735,0.09963744427934587
2019-05-24,89.39310344827587,68.39160839160839,0.01090797546012178
2019-05-25,90.43661971830986,68.80851063829788,0.0011669218989280245
2019-05-26,91.25174825174824,70.69503546099291,0.033554531490012855
2019-05-27,92.34965034965036,71.32394366197182,0.06485106382978717
2019-05-28,93.1543624161074,71.2312925170068,0.5820358744394611
2019-05-29,92.97297297297295,70.06802721088435,1.9717925925925919
2019-05-30,92.45205479452056,71.23448275862069,0.09404552352048431
2019-05-31,92.6027397260274,73.41379310344827,0.5611267175572515
2019-06-01,93.11971830985917,74.00714285714285,1.8787507598784177
2019-06-02,93.22222222222224,72.95774647887323,5.849559523809522
2019-06-03,93.84137931034483,73.81944444444444,1.4580504451038565
2019-06-04,94.24657534246576,74.37931034482759,1.7610163447251101
2019-06-05,92.73793103448276,74.48275862068965,3.242584795321638
2019-06-06,90.3916083916084,74.6993006993007,6.513529061102831
2019-06-07,90.31292517006804,75.51369863013699,9.422508771929824
2019-06-08,89.71126760563381,74.8169014084507,11.47526362297496
2019-06-09,89.26760563380282,73.82394366197182,18.93625217391304
2019-06-10,89.47586206896551,72.42567567567568,24.72350140845071
2019-06-11,90.13103448275862,73.18493150684931,6.922045845272205
2019-06-12,90.11724137931034,73.48630136986301,7.828475106685632
2019-06-13,89.24475524475524,72.83216783216783,12.80650432276657
2019-06-14,88.6917808219178,71.3103448275862,13.595703281027106
2019-06-15,88.93706293706293,72.24475524475524,5.3986407185628735
2019-06-16,87.86524822695036,73.02816901408451,6.368251497005987
2019-06-17,87.22602739726027,72.65068493150685,11.25871469740634
2019-06-18,87.94520547945206,73.54482758620689,11.183804469273742
2019-06-19,89.70138888888889,73.8551724137931,16.729331476323118
2019-06-20,90.84615384615384,75.46153846153847,17.296789250353605
2019-06-21,93.37671232876713,77.15492957746478,1.644735426008967
2019-06-22,93.66433566433568,76.74647887323944,0.10405295950155657
2019-06-23,93.63194444444444,75.97916666666667,0.5821978361669239
2019-06-24,94.25342465753424,75.73972602739725,1.2449041916167642
2019-06-25,95.14189189189187,76.12162162162163,0.40624813153961004
2019-06-26,95.21527777777776,74.74125874125875,1.1045095168374803
2019-06-27,93.92142857142858,74.0431654676259,1.6982378048780467
2019-06-28,92.34306569343066,74.05755395683454,2.100920731707316
2019-06-29,89.79411764705883,73.45985401459853,10.05691678832117
2019-06-30,89.56934306569343,73.35507246376811,8.144212765957445
2019-07-01,92.58219178082192,74.42857142857143,4.755107462686567
2019-07-02,94.63945578231292,76.53424657534246,0.9506409861325106
2019-07-03,94.63636363636364,76.74825174825175,2.824728943338437
2019-07-04,94.375,75.97916666666667,5.2127207207207205
2019-07-05,93.3169014084507,76.08391608391608,6.340230769230769
2019-07-06,91.82857142857142,75.15714285714286,9.815420505200594
2019-07-07,90.81560283687944,74.77304964539007,14.546498542274051
2019-07-08,90.49655172413792,74.22758620689655,14.32663372093023
2019-07-09,89.93150684931507,74.73287671232876,10.65667050359712
2019-07-10,90.2896551724138,75.32413793103449,9.664534107402032
2019-07-11,90.2054794520548,75.06849315068493,5.925812680115271
2019-07-12,89.78321678321679,73.89583333333333,9.165166666666664
2019-07-13,90.58156028368796,74.7872340425532,11.10005436337625
2019-07-14,92.48591549295774,76.55633802816901,0.8268429003021137
2019-07-15,93.2945205479452,76.28767123287672,0.579850152905198
2019-07-16,93.66438356164385,76.28082191780823,2.7539734904270983
2019-07-17,93.5374149659864,75.76190476190476,2.884236842105261
2019-07-18,92.4,74.88275862068966,7.304952789699569
2019-07-19,92.11724137931034,74.70344827586207,3.6839379615952716
2019-07-20,91.57142857142856,73.87142857142857,7.299315634218289
2019-07-21,91.15,73.65714285714286,7.133706146926538
2019-07-22,91.13194444444444,73.15277777777777,8.684747474747473
2019-07-23,90.5390070921986,73.54609929078015,6.096364418938306
2019-07-24,89.66433566433567,74.04225352112677,10.024222849083214
2019-07-25,88.73793103448276,73.13194444444444,16.682357142857143
2019-07-26,88.61224489795919,73.05442176870748,14.141513590844063
2019-07-27,89.80575539568345,72.74820143884892,9.050792397660818
2019-07-28,91.13475177304964,74.12056737588652,2.5524281345565742
2019-07-29,91.82191780821918,73.75,4.051814092953521
2019-07-30,92.31724137931036,73.47916666666667,3.3707994143484603
2019-07-31,92.64383561643837,73.96575342465754,3.1645590433482798
2019-08-01,91.12413793103448,73.51724137931035,10.073311797752808
2019-08-02,88.68027210884354,73.72789115646259,16.34125626740947
2019-08-03,89.60992907801419,74.21126760563381,15.108444763271159
2019-08-04,90.85416666666669,74.88888888888889,6.690044378698225
2019-08-05,90.1056338028169,75.01418439716312,6.890982089552239
2019-08-06,90.34507042253522,74.76760563380282,9.874340974212034
2019-08-07,90.7687074829932,75.15646258503402,9.68591477272727
2019-08-08,92.0,75.75342465753425,8.473965517241378
2019-08-09,92.96666666666668,76.4,6.009961708394697
2019-08-10,93.02097902097904,77.13194444444444,5.26007462686567
2019-08-11,92.93793103448276,77.22222222222223,6.553725258493351
2019-08-12,92.49664429530202,76.96644295302013,9.871891428571427
2019-08-13,92.1006711409396,76.75838926174497,12.53914527503526
2019-08-14,91.64189189189187,76.39189189189189,12.366171428571429
2019-08-15,90.92413793103448,75.67586206896551,18.44346551724138
2019-08-16,89.95918367346938,75.07482993197279,18.851450704225353
2019-08-17,88.77857142857142,74.85,12.47240409956076
2019-08-18,90.90780141843972,75.20833333333333,9.742660766961652
2019-08-19,90.69718309859157,75.4895104895105,6.002342182890855
2019-08-20,90.42957746478874,75.20689655172414,4.9638547008547
2019-08-21,90.97222222222224,75.09722222222223,3.8447194244604304
2019-08-22,91.36805555555556,75.38194444444444,3.0745428156748895
2019-08-23,90.95918367346938,76.07482993197279,2.2770746705710097
2019-08-24,91.45517241379312,76.33561643835617,3.6712125748502973
2019-08-25,91.53793103448275,76.58620689655173,1.6335089820359259
2019-08-26,90.97222222222224,76.61111111111111,3.8092462908011857
2019-08-27,91.26712328767124,75.15068493150685,10.824776836158192
2019-08-28,91.84827586206896,75.6896551724138,8.833274537695589
2019-08-29,92.52054794520548,75.46206896551725,4.686374269005848
2019-08-30,91.32867132867132,74.94405594405595,4.783156626506024
2019-08-31,90.79710144927536,75.92753623188406,9.349095522388058
2019-09-01,91.23776223776224,76.53146853146853,3.7036566265060213
2019-09-02,90.16901408450704,76.82394366197182,6.391900729927006
2019-09-03,89.63448275862069,76.22758620689655,9.733087463556851
2019-09-04,90.01408450704226,75.54929577464789,15.60269868995633
2019-09-05,92.625,77.19444444444444,2.913683899556868
2019-09-06,93.85416666666669,76.53472222222223,0.01404783258594742
2019-09-07,93.86206896551724,73.66896551724138,0.3480455235204843
2019-09-08,93.77551020408164,74.41496598639456,0.0865565476190452
2019-09-09,93.88513513513512,75.85135135135135,0.3688781204111584
2019-09-10,93.22972972972973,75.58108108108108,1.7232867332382307
2019-09-11,92.09655172413792,75.6896551724138,0.43903065693430615
2019-09-12,91.64864864864865,75.1891891891892,0.8795114942528736
2019-09-13,90.72222222222224,75.65972222222223,3.228425036390102
2019-09-14,90.16083916083916,75.38461538461539,2.8929026548672563
2019-09-15,90.65277777777776,75.64583333333333,4.160217706821478
2019-09-16,91.8095238095238,75.36054421768708,2.704677279305354
2019-09-17,93.6206896551724,74.19310344827586,0.4732106038291601
2019-09-18,93.03496503496504,73.61538461538461,0.372837070254109
2019-09-19,89.38888888888889,73.03472222222223,2.6482324246771864
2019-09-20,87.5625,71.67586206896551,1.8700935672514607
2019-09-21,87.4375,71.98611111111111,1.5421970149253714
2019-09-22,87.53472222222223,71.51748251748252,1.2876495468277926
2019-09-23,87.90277777777777,69.79166666666667,0.02097247706421776
2019-09-24,89.22377622377623,68.27272727272727,0.00487020648967422
2019-09-25,90.8,69.34246575342466,0.00676331360946714
2019-09-26,91.26388888888889,70.9090909090909,0.00994578313252908
2019-09-27,91.05479452054794,71.52739726027397,0.22599093655588942
2019-09-28,90.91549295774648,72.66901408450704,0.3230217391304341
2019-09-29,90.54225352112675,72.95774647887323,0.21938131699846714
2019-09-30,90.5890410958904,73.54482758620689,0.49305882352941033
2019-10-01,90.2605633802817,74.0,1.2198684210526294
2019-10-02,89.72602739726027,73.36986301369863,1.4615108538350192
2019-10-03,90.0748299319728,71.72789115646259,0.7734759036144562
2019-10-04,90.37241379310343,69.6896551724138,0.26521156773211557
2019-10-05,90.4195804195804,71.8041958041958,0.32137195121951107
2019-10-06,89.04166666666667,73.52777777777777,2.2517570370370357
2019-10-07,86.93197278911565,72.82312925170068,8.173278260869564
2019-10-08,86.89041095890411,72.8551724137931,23.984857142857138
2019-10-09,86.89189189189189,72.79054054054055,10.19384291725105
2019-10-10,87.0952380952381,71.64189189189189,9.849715909090907
2019-10-11,87.02721088435374,70.47619047619048,2.017080763582965
2019-10-12,86.3076923076923,68.76923076923077,2.5997420333839134
2019-10-13,86.72222222222223,68.86111111111111,0.5052896341463406
2019-10-14,88.00680272108843,69.80952380952381,1.203077844311376
2019-10-15,87.33566433566433,70.92307692307692,2.0191679049034157
2019-10-16,87.25675675675676,71.20270270270271,4.315807194244604
2019-10-17,85.59863945578232,68.42857142857143,1.9495420289855072
2019-10-18,81.3013698630137,67.60544217687075,1.496881203007517
2019-10-19,83.10958904109589,71.02739726027397,30.73653276353276
2019-10-20,85.5958904109589,71.87412587412588,12.929774566473988
2019-10-21,87.41216216216216,70.7687074829932,1.8590963855421674
2019-10-22,88.27397260273973,70.93150684931507,5.765982733812949
2019-10-23,85.72108843537416,66.62585034013605,1.7249751824817494
2019-10-24,85.6056338028169,68.46206896551725,0.5159611940298483
2019-10-25,87.03401360544218,72.34246575342466,1.8712746585735938
2019-10-26,86.66896551724138,73.23448275862069,6.755495548961422
2019-10-27,86.79310344827586,71.88888888888889,6.906692417739627
2019-10-28,88.00675675675676,71.24324324324324,1.0952570579494785
2019-10-29,87.48965517241379,73.45578231292517,2.147047058823527
2019-10-30,87.65986394557824,74.37414965986395,4.669891970802918
2019-10-31,88.10344827586206,69.95172413793104,2.094529051987767
2019-11-01,83.80952380952381,63.43537414965986,0.9234985074626845
2019-11-02,81.07913669064749,64.0354609929078,1.547664596273291
2019-11-03,80.9020979020979,62.92307692307692,1.1137527047913445
2019-11-04,81.7448275862069,64.96575342465754,1.6477631184407788
2019-11-05,84.16666666666667,69.0909090909091,2.7845646359583935
2019-11-06,84.94405594405595,70.47222222222223,2.3467637444279323
2019-11-07,85.32876712328768,70.44137931034483,1.3017499999999997
2019-11-08,82.90972222222223,66.56551724137931,1.6621268882175224
2019-11-09,78.08571428571429,60.9136690647482,7.161597633136095
2019-11-10,77.33098591549296,56.82394366197183,1.9647305936073038
2019-11-11,80.57446808510639,58.52142857142857,0.04549844236759926
2019-11-12,81.22377622377623,57.72413793103448,0.8162636363636354
2019-11-13,75.16083916083916,53.64827586206896,1.330422907488985
2019-11-14,72.83571428571429,59.05594405594405,2.9578088012139596
2019-11-15,73.10714285714286,61.29577464788732,13.620205714285715
2019-11-16,70.17518248175182,54.460431654676256,3.0592458015267163
2019-11-17,64.70503597122303,51.09090909090909,0.14570542635658834
2019-11-18,68.73239436619718,51.58741258741259,0.028828220858893815
2019-11-19,73.63829787234043,51.3758865248227,0.0092926829268271
2019-11-20,74.52112676056338,49.04964539007092,0.02613010590015104
2019-11-21,75.55944055944056,50.191489361702125,0.0019242424242424242
2019-11-22,78.32638888888889,54.88111888111888,0.006552352048556459
2019-11-23,80.1726618705036,56.42028985507246,0.4127987711213501
2019-11-24,76.375,55.41958041958042,8.161317348377997
2019-11-25,72.45205479452055,48.13013698630137,0.519194528875378
2019-11-26,73.65277777777777,49.263888888888886,0.05283513097072306
2019-11-27,78.47916666666667,53.81818181818182,0.029095975232197816
2019-11-28,80.63571428571429,56.60431654676259,0.017391719745220937
2019-11-29,79.82142857142857,55.1294964028777,0.006235679214400219
2019-11-30,80.15217391304348,56.3768115942029,0.0036401273885343197
2019-12-01,80.88652482269504,59.737588652482266,0.25638125
2019-12-02,76.74468085106383,53.5886524822695,1.7489821958456961
2019-12-03,65.15492957746478,41.3006993006993,0.17036115326251877
2019-12-04,66.76388888888889,44.0,0.008340298507462079
2019-12-05,69.6938775510204,45.0,0.00578148710166866
2019-12-06,73.04827586206896,46.72602739726028,0.04091793313069854
2019-12-07,75.32857142857142,50.765957446808514,0.2361890243902419
2019-12-08,76.97163120567376,56.07746478873239,0.2493607305936069
2019-12-09,79.76388888888889,58.29861111111112,0.46136267071320175
2019-12-10,82.33802816901408,60.92086330935252,0.21683861236802168
2019-12-11,78.95862068965518,61.86013986013986,1.7163567251461969
2019-12-12,75.29452054794521,62.47222222222222,8.438029411764706
2019-12-13,73.82432432432432,63.61744966442953,13.206916073968705
2019-12-14,76.05673758865248,59.49645390070922,7.00610495626822
2019-12-15,76.80851063829788,50.58571428571429,1.3325170278637766
2019-12-16,79.625,56.14685314685315,0.14670353302611142
2019-12-17,81.36111111111111,62.33566433566433,2.223065281899109
2019-12-18,74.2551724137931,53.36805555555556,16.240147018030513
2019-12-19,67.28368794326241,47.269503546099294,0.5605649546827786
2019-12-20,70.95804195804196,53.53146853146853,1.0455348837209297
2019-12-21,72.95804195804196,61.232394366197184,2.6208181818181795
2019-12-22,72.06338028169014,63.65467625899281,12.491908148148148
2019-12-23,71.67808219178082,60.324137931034485,38.4434730713246
2019-12-24,70.45890410958904,55.820689655172416,6.614406676783003
2019-12-25,73.7536231884058,57.51428571428571,0.5354819672131134
2019-12-26,77.52083333333333,60.55244755244755,0.4206875
2019-12-27,78.84615384615384,64.3,1.5963365695792868
2019-12-28,78.33812949640287,67.48550724637681,6.363389147286821
2019-12-29,79.09722222222223,69.61805555555556,6.401184848484848
2019-12-30,78.875,65.94405594405595,2.3308468749999998
2019-12-31,74.80141843971631,55.621428571428574,0.7291728594507267
2020-01-01,71.80434782608695,50.1056338028169,0.11127244582043161
2020-01-02,76.41958041958041,53.99295774647887,0.048771121351765916
2020-01-03,81.61805555555556,63.19014084507042,0.4125575757575747
2020-01-04,80.65467625899281,62.76086956521739,3.6826151515151517
2020-01-05,72.21830985915493,46.780141843971634,6.687808972503617
2020-01-06,68.44285714285714,43.44444444444444,0.048696319018404155
2020-01-07,71.35172413793103,45.54166666666666,0.0113392857142839
2020-01-08,71.15277777777777,46.46527777777778,0.019363228699551
2020-01-09,74.32167832167832,49.84615384615385,0.0015278195488721803
2020-01-10,77.39007092198581,60.75,0.05398470948012126
2020-01-11,80.19285714285714,67.28057553956835,0.8788169440242045
2020-01-12,81.58992805755396,67.02189781021897,2.7250075872534123
2020-01-13,81.51724137931035,66.61111111111111,0.9699600614439321
2020-01-14,81.60958904109589,64.40689655172413,0.558036090225562
2020-01-15,81.46206896551725,63.61805555555556,1.3245629629629618
2020-01-16,81.21379310344828,62.34722222222222,0.11322891566265048
2020-01-17,78.6734693877551,61.13605442176871,0.23696572280178738
2020-01-18,76.89781021897811,60.58992805755396,0.5447323076923064
2020-01-19,76.55555555555556,57.81818181818182,1.583097072419106
2020-01-20,70.57142857142857,48.28776978417266,0.5677190839694646
2020-01-21,60.57241379310345,40.37671232876713,0.024630303030301257
2020-01-22,59.46808510638298,34.695035460992905,0.10651612903225618
2020-01-23,66.1360544217687,44.89795918367347,1.6262793462109948
2020-01-24,73.38095238095238,54.23287671232877,4.588630952380952
2020-01-25,72.28873239436619,51.6993006993007,0.4687418856259641
2020-01-26,69.12587412587412,44.12587412587413,0.08072868217054235
2020-01-27,68.95862068965518,48.94557823129252,0.4609487951807208
2020-01-28,70.8768115942029,50.79136690647482,0.08558695652173902
2020-01-29,69.46527777777777,48.34931506849315,0.4617469135802466
2020-01-30,70.45517241379311,52.66438356164384,3.863358273381294
2020-01-31,70.62068965517241,55.241379310344826,1.0974351145038166
2020-02-01,68.81944444444444,55.0625,9.300700143472023
2020-02-02,66.31111111111112,46.3,3.1835426008968595
2020-02-03,70.54109589041096,43.17006802721088,0.06737195121951108
2020-02-04,75.1917808219178,48.04109589041096,0.030311178247733078
2020-02-05,78.20547945205479,56.67605633802817,0.3773494704992422
2020-02-06,80.97278911564626,62.97916666666666,2.4112965722801767
2020-02-07,76.10958904109589,53.60689655172414,18.41414535666218
2020-02-08,70.3,45.38732394366197,1.0432829046898626
2020-02-09,74.53191489361703,50.89510489510489,0.00667387944358348
2020-02-10,78.81506849315069,58.16551724137931,0.02728290468986254
2020-02-11,81.74149659863946,63.993197278911566,0.20709009009008872
2020-02-12,82.67567567567568,66.97278911564626,0.13149557522123695
2020-02-13,83.27210884353741,67.00680272108843,0.4352119402985061
2020-02-14,79.93793103448276,61.08275862068965,2.84668148148148
2020-02-15,76.74452554744525,55.77142857142857,2.7160549618320595
2020-02-16,77.0354609929078,59.20422535211268,2.5918207109737224
2020-02-17,78.38620689655173,61.38620689655173,5.708038518518518
2020-02-18,81.39455782312925,64.83673469387755,0.14071913580246853
2020-02-19,83.15646258503402,67.16326530612245,0.23783636363636199
2020-02-20,80.77551020408163,63.94557823129252,0.7651358024691344
2020-02-21,73.45890410958904,52.13103448275862,3.562733431516935
2020-02-22,67.80714285714286,45.83802816901409,1.0295932721712524
2020-02-23,73.19424460431655,49.60714285714285,0.740116923076922
2020-02-24,76.44520547945206,54.35172413793104,0.5506506746626686
2020-02-25,78.98620689655172,61.02758620689655,6.075113069016152
2020-02-26,79.29251700680273,61.374149659863946,5.818614730878185
2020-02-27,70.41666666666667,48.38194444444444,10.765337062937062
2020-02-28,64.4,41.5625,0.015009090909088599
2020-02-29,67.06428571428572,43.72857142857143,0.060944272445818896
2020-03-01,70.53793103448275,42.241379310344826,0.0
2020-03-02,75.11258278145695,50.42384105960265,0.02949924585218532
2020-03-03,79.77027027027027,59.6554054054054,0.12963017751479064
2020-03-04,83.36486486486487,62.98648648648648,2.564082962962962
2020-03-05,84.73469387755102,65.8639455782313,1.6084176470588232
2020-03-06,80.49324324324324,60.2108843537415,1.705167146974062
2020-03-07,71.45070422535211,48.91608391608391,0.2988930232558135
2020-03-08,71.32867132867133,49.93150684931507,0.01415479876160824
2020-03-09,74.98684210526316,55.42953020134228,0.058673621460505615
2020-03-10,77.91946308724832,59.92617449664429,0.4923117647058805
2020-03-11,79.82191780821918,59.54109589041096,0.32400301204819165
2020-03-12,81.37162162162163,60.40939597315436,0.22648961424332248
2020-03-13,82.8639455782313,60.01360544217687,0.023264264264263857
2020-03-14,83.95,61.302158273381295,0.02762537764350302
2020-03-15,85.5,62.32857142857143,0.01312462006078866
2020-03-16,84.26351351351352,62.604026845637584,0.01683132530120384
2020-03-17,83.41891891891892,64.21621621621621,0.16085419734904163
2020-03-18,84.39455782312925,64.68707482993197,0.5053814432989678
2020-03-19,85.15068493150685,64.47586206896551,0.00454247391952218
2020-03-20,85.00680272108843,65.40816326530613,0.002244477172312224
2020-03-21,84.93706293706293,64.67605633802818,0.057367013372954856
2020-03-22,84.8881118881119,64.26388888888889,0.22973731343283366
2020-03-23,85.02684563758389,64.89261744966443,0.04714970059880238
2020-03-24,85.6241610738255,64.98657718120805,0.033817655571635116
2020-03-25,86.62758620689655,66.33103448275862,0.021385524372228678
2020-03-26,86.92307692307692,66.31944444444444,0.06063464337700106
2020-03-27,87.34532374100719,65.76595744680851,0.0
2020-03-28,87.78947368421052,64.97014925373135,0.0
2020-03-29,87.97122302158273,66.07194244604317,0.00262629246676448
2020-03-30,88.24827586206897,65.63194444444444,0.0
2020-03-31,87.36805555555556,66.4375,0.44599411764705715
2020-04-01,82.3972602739726,59.45890410958904,7.404083441981747
2020-04-02,78.39007092198581,54.22222222222222,0.07236258992805622
2020-04-03,80.47586206896551,55.296551724137935,0.02040746054519286
2020-04-04,83.17142857142858,57.49645390070922,0.04618181818181771
2020-04-05,81.16911764705883,62.54477611940298,0.747908961593172
2020-04-06,81.2,63.19178082191781,7.470766578249337
2020-04-07,84.08219178082192,63.9041095890411,0.9055495750708191
2020-04-08,86.63013698630137,67.06206896551724,0.23604040404040166
2020-04-09,88.95172413793104,70.35616438356165,0.9719829545454531
2020-04-10,86.34265734265735,66.5,0.7150965909090885
2020-04-11,83.17557251908397,60.338345864661655,0.8147936046511621
2020-04-12,86.27407407407408,67.56617647058823,1.8129064327485365
2020-04-13,88.86986301369863,72.03448275862068,1.381583815028901
2020-04-14,89.03378378378379,70.53378378378379,3.877926031294452
2020-04-15,86.5945945945946,68.36912751677852,5.678460893854746
2020-04-16,82.7687074829932,63.72789115646258,10.743006711409395
2020-04-17,82.11111111111111,63.01360544217687,3.4317385444743937
2020-04-18,84.81428571428572,68.45714285714286,4.813318116975747
2020-04-19,87.08450704225352,68.73758865248227,6.647132075471696
2020-04-20,87.23648648648648,69.03378378378379,3.8631790633608807
2020-04-21,86.63758389261746,64.35570469798658,6.8972607526881715
2020-04-22,86.30872483221476,60.86577181208054,0.09479772079771998
2020-04-23,86.49659863945578,65.93197278911565,0.6935178316690429
2020-04-24,86.01360544217687,68.61643835616438,15.595254421768706
2020-04-25,85.95205479452055,67.25,15.446139973082099
2020-04-26,85.17605633802818,67.05633802816901,2.077821022727271
2020-04-27,82.27210884353741,59.28378378378378,3.448415147265076
2020-04-28,81.93243243243244,56.62416107382551,0.033335235378029376
2020-04-29,84.01333333333334,61.66,0.2665159420289854
2020-04-30,82.92517006802721,63.49659863945578,12.589212765957448
2020-05-01,81.54729729729729,56.08783783783784,5.943669398907102
2020-05-02,83.88571428571429,56.39007092198582,0.012236496350364499
2020-05-03,84.98591549295774,59.485915492957744,0.001114035087719298
2020-05-04,86.4054054054054,61.46258503401361,0.0040086083213754
2020-05-05,87.72222222222223,64.53521126760563,0.0
2020-05-06,87.91891891891892,65.93793103448276,0.006874643874642079
2020-05-07,83.1360544217687,59.523809523809526,0.26400281293952077
2020-05-08,81.70833333333333,54.67808219178082,0.0007124824684431977
2020-05-09,83.6086956521739,61.135714285714286,0.03933140376266126
2020-05-10,81.36428571428571,64.47517730496453,1.5405028248587547
2020-05-11,83.11724137931034,62.5,5.492404891304346
2020-05-12,84.73972602739725,60.66438356164384,0.1935580736543891
2020-05-13,85.19594594594595,63.0,0.0018142857142857142
2020-05-14,83.93793103448276,66.58219178082192,1.046624113475176
2020-05-15,84.27777777777777,67.48611111111111,4.686372159090908
2020-05-16,86.56115107913669,69.15107913669065,7.88391910739191
2020-05-17,88.43165467625899,69.46428571428571,1.5538611898016994
2020-05-18,87.55405405405405,69.26530612244898,4.0522769230769216
2020-05-19,87.53691275167785,68.76510067114094,12.120934404283803
2020-05-20,88.52054794520548,68.1027397260274,1.8803104895104885
2020-05-21,90.3125,69.21527777777777,3.505056497175139
2020-05-22,91.59863945578232,69.63513513513513,4.389705056179773
2020-05-23,90.67361111111111,71.04166666666667,3.5016990154711674
2020-05-24,87.0,71.84722222222223,6.588825035561876
2020-05-25,83.56028368794327,72.02797202797203,14.670593406593406
2020-05-26,84.50335570469798,72.0738255033557,26.14966666666666
2020-05-27,87.66442953020135,72.75,13.263380888290712
2020-05-28,89.50675675675676,72.74149659863946,9.331247978436656
2020-05-29,89.45138888888889,71.76923076923077,15.653040522875816
2020-05-30,90.1888111888112,72.33566433566433,9.175450874831762
2020-05-31,91.2206896551724,72.08904109589041,5.416917355371899
2020-06-01,90.86986301369863,72.8013698630137,1.558295358649788
2020-06-02,88.45578231292517,73.32876712328768,4.6145640326975474
2020-06-03,85.12925170068027,71.93877551020408,13.83423545331529
2020-06-04,83.5625,71.60416666666667,19.159925736235593
2020-06-05,85.92465753424658,71.91724137931034,17.996163212435235
2020-06-06,85.35915492957747,74.16901408450704,15.06301063829787
2020-06-07,85.88888888888889,75.73103448275862,38.86367546174142
2020-06-08,88.29452054794521,76.41496598639456,18.33477150537634
2020-06-09,90.06849315068493,75.75342465753425,5.899978260869563
2020-06-10,90.88513513513512,75.08108108108108,4.537253077975374
2020-06-11,90.72916666666669,73.5625,8.04344790257104
2020-06-12,89.75886524822695,72.53521126760563,6.463789181692093
2020-06-13,88.76428571428572,72.34285714285714,9.331048913043478
2020-06-14,88.4895104895105,71.91608391608392,3.8344903581267222
2020-06-15,89.12080536912751,70.78378378378379,4.356969863013696
2020-06-16,87.49659863945578,68.96575342465754,2.7357693389592104
2020-06-17,86.80405405405405,68.7687074829932,0.9820140845070419
2020-06-18,88.47333333333333,69.67567567567568,3.8546593406593392
2020-06-19,89.32432432432432,71.3265306122449,7.554934246575343
2020-06-20,90.57042253521126,71.83216783216783,10.606159559834937
2020-06-21,91.55319148936172,72.58865248226951,1.5424529914529908
2020-06-22,91.85714285714286,72.70547945205479,1.206409155937053
2020-06-23,92.29729729729728,74.13513513513513,3.0875889655172393
2020-06-24,93.04081632653062,75.21768707482993,3.663863013698629
2020-06-25,93.53472222222224,75.99300699300699,2.4159779310344813
2020-06-26,93.6206896551724,75.50694444444444,1.7344874651810576
2020-06-27,93.5912408759124,75.62222222222222,0.5908575498575482
2020-06-28,93.69718309859157,76.17857142857143,1.2995014164305922
2020-06-29,94.24305555555556,76.01398601398601,0.37248502139800244
2020-06-30,94.36111111111111,75.74825174825175,1.2774083333333317
2020-07-01,93.7793103448276,75.19310344827586,3.475292984869326
2020-07-02,93.05405405405403,74.42567567567568,5.193002688172043
2020-07-03,92.54421768707483,75.29054054054055,3.202654646324549
2020-07-04,91.8125,74.85416666666667,7.145726141078838
2020-07-05,90.73426573426572,74.22222222222223,12.34886216216216
2020-07-06,90.13907284768212,73.66225165562913,12.40192847682119
2020-07-07,90.16666666666669,74.32450331125828,13.693666666666667
2020-07-08,91.21192052980132,75.11258278145695,7.512981333333333
2020-07-09,92.21333333333334,75.61073825503355,4.883587044534413
2020-07-10,93.3841059602649,76.80666666666667,4.3060718232044195
2020-07-11,93.3076923076923,76.18881118881119,9.241530386740331
2020-07-12,92.6206896551724,75.1027397260274,7.647986052998605
2020-07-13,92.97315436241612,75.16326530612245,3.70720718232044
2020-07-14,93.60264900662251,76.18666666666667,2.1350111111111096
2020-07-15,92.96026490066224,74.79865771812081,7.094127198917456
2020-07-16,92.41379310344828,73.62328767123287,9.49721342281879
2020-07-17,92.10526315789474,74.57516339869281,4.51678260869565
2020-07-18,90.93150684931508,74.07482993197279,10.756726027397258
2020-07-19,91.03333333333332,75.28,4.235949438202247
2020-07-20,92.09333333333332,75.32450331125828,3.2558817056396125
2020-07-21,91.158940397351,74.9271523178808,4.540164420485173
2020-07-22,89.74324324324324,74.48,7.791357237715803
2020-07-23,88.62162162162163,74.31543624161074,9.788562747688243
2020-07-24,89.6510067114094,73.9261744966443,12.559978695073235
2020-07-25,90.93706293706292,74.95070422535211,5.414080555555553
2020-07-26,91.11888111888112,74.62237762237763,3.726414184397162
2020-07-27,91.37837837837836,73.96598639455782,5.2577653478854005
2020-07-28,90.70945945945944,74.46575342465754,12.958414438502675
2020-07-29,90.04761904761905,75.05442176870748,11.15619892473118
2020-07-30,91.45517241379312,75.7972027972028,5.47111813186813
2020-07-31,92.986301369863,76.65517241379311,2.7137894736842076
2020-08-01,93.07801418439716,75.62411347517731,1.7308184357541885
2020-08-02,91.51063829787236,75.61702127659575,3.506412921348313
2020-08-03,91.4391891891892,75.56756756756756,5.133509333333332
2020-08-04,93.33783783783784,76.31756756756756,2.994951590594742
2020-08-05,92.73469387755102,74.5068493150685,9.192703062583222
2020-08-06,92.36241610738254,74.02013422818791,8.366698795180723
2020-08-07,92.48251748251748,74.66433566433567,5.875294594594594
2020-08-08,92.7972027972028,74.6923076923077,6.084850480109737
2020-08-09,92.71232876712328,75.65753424657534,3.4258249999999997
2020-08-10,93.22602739726028,75.13013698630137,6.9450956284153005
2020-08-11,92.89189189189187,75.0608108108108,7.731719251336898
2020-08-12,91.96666666666668,74.5503355704698,8.182856020942406
2020-08-13,92.34228187919464,75.57718120805369,4.115425444596441
2020-08-14,92.22758620689656,75.93103448275862,6.105808255659121
2020-08-15,91.95,76.01428571428572,4.68920385674931
2020-08-16,92.625,76.06944444444444,5.826299450549449
2020-08-17,92.7448275862069,75.29655172413793,3.5702296918767495
2020-08-18,92.43835616438356,74.26712328767124,7.752595460614152
2020-08-19,90.81632653061224,73.51700680272108,13.050730569948188
2020-08-20,89.35570469798658,73.25675675675676,8.494
2020-08-21,89.77027027027027,72.92517006802721,17.426983050847458
2020-08-22,89.32638888888889,74.58333333333333,9.395962566844917
2020-08-23,89.76595744680851,75.83687943262412,8.184637482900136
2020-08-24,90.38194444444444,77.45138888888889,7.578237196765496
2020-08-25,92.08108108108108,78.61486486486487,9.260612137203164
2020-08-26,92.55704697986576,78.29530201342281,0.9277864864864858
2020-08-27,92.3469387755102,77.46938775510205,2.7805590230664854
2020-08-28,92.62,77.26666666666667,5.239358904109588
2020-08-29,91.48251748251748,77.27972027972028,4.117154494382021
2020-08-30,90.64827586206896,75.93793103448276,11.814963364993215
2020-08-31,90.12751677852349,75.27891156462584,16.796589947089945
2020-09-01,91.47619047619048,75.42465753424658,13.250168612191958
2020-09-02,92.56164383561644,76.36805555555556,4.8626312925170065
2020-09-03,93.40136054421768,76.08904109589041,3.43555706521739
2020-09-04,94.11643835616438,77.14383561643835,1.4150427586206895
2020-09-05,94.49295774647888,76.30985915492958,1.5405495750708191
2020-09-06,92.63888888888889,74.54166666666667,3.09709243697479
2020-09-07,90.3006993006993,73.56338028169014,9.723938255033554
2020-09-08,89.8972602739726,73.6896551724138,9.226276881720429
2020-09-09,89.69333333333333,74.10738255033557,9.314666666666668
2020-09-10,89.75342465753425,74.73793103448276,10.972201570680626
2020-09-11,90.11486486486488,75.87074829931973,8.44069190600522
2020-09-12,88.46153846153847,75.48226950354609,9.345472108843536
2020-09-13,86.42361111111111,74.96527777777777,24.04522119205298
2020-09-14,86.3445945945946,75.64189189189189,12.44058854860186
2020-09-15,86.97278911564626,76.12244897959184,11.02285294117647
2020-09-16,88.12676056338029,76.21126760563381,22.296707482993195
2020-09-17,88.68493150684931,76.56164383561644,13.140744623655912
2020-09-18,89.59863945578232,75.42857142857143,6.126882513661201
2020-09-19,88.48251748251748,73.93706293706293,2.312163090128754
2020-09-20,85.375,73.39583333333333,10.337799999999998
2020-09-21,84.00689655172414,72.82191780821918,13.061304812834223
2020-09-22,84.34246575342466,70.9391891891892,3.296141112618723
2020-09-23,85.9391891891892,69.99328859060402,0.12260857538035727
2020-09-24,87.12244897959184,72.01369863013699,0.9810883590462816
2020-09-25,88.74647887323944,73.36619718309859,5.259887671232876
2020-09-26,90.22695035460993,73.43571428571428,4.047704323570432
2020-09-27,88.81560283687944,73.83571428571429,3.956997237569059
2020-09-28,88.52083333333333,74.06164383561644,16.762342036553523
2020-09-29,87.55479452054794,70.93835616438356,9.147031830238724
2020-09-30,84.19444444444444,64.89583333333333,8.514242343541943
2020-10-01,83.97872340425532,65.13286713286713,5.056651810584958
2020-10-02,82.68055555555556,65.77397260273973,6.866454923717058
2020-10-03,81.51063829787235,66.09859154929578,5.298270194986072
2020-10-04,81.00694444444444,68.50694444444444,12.770045515394914
2020-10-05,83.29861111111111,70.58333333333333,5.671534759358288
2020-10-06,87.03448275862068,73.47586206896551,4.134116373477671
2020-10-07,89.38095238095238,75.0952380952381,2.8903685636856364
2020-10-08,89.61224489795919,74.72108843537416,0.914610497237567
2020-10-09,88.96575342465754,74.8013698630137,1.5084128312412808
2020-10-10,88.50704225352112,74.97887323943662,5.168987586206895
2020-10-11,88.66433566433567,74.86013986013987,8.49694635488308
2020-10-12,88.7448275862069,72.73103448275862,3.226907356948228
2020-10-13,88.36111111111111,70.5,0.9370013947001377
2020-10-14,88.02777777777777,69.22916666666667,0.10046002805048948
2020-10-15,88.22448979591837,69.88356164383562,0.4033059490084979
2020-10-16,87.61904761904762,70.01369863013699,0.9566509040333772
2020-10-17,85.6875,67.48611111111111,3.0373277310924367
2020-10-18,86.14084507042253,69.61111111111111,1.5222262569832385
2020-10-19,84.95945945945945,70.78378378378379,3.9938342541436462
2020-10-20,84.22222222222223,71.55479452054794,10.710843373493974
2020-10-21,83.65517241379311,71.60689655172413,10.877296
2020-10-22,84.76388888888889,71.98611111111111,9.573819892473118
2020-10-23,85.53061224489795,72.21768707482993,5.7158710562414266
2020-10-24,85.28275862068965,71.22758620689655,3.167051460361612
2020-10-25,85.80851063829788,71.13475177304964,10.467857729138167
2020-10-26,86.79310344827586,71.09655172413792,6.044779005524861
2020-10-27,86.94594594594595,74.1917808219178,3.2812860962566837
2020-10-28,87.44594594594595,75.37414965986395,2.4373045822102406
2020-10-29,87.81632653061224,72.74829931972789,1.8286602475928455
2020-10-30,83.0979020979021,65.01398601398601,3.156128514056225
2020-10-31,82.64963503649635,63.83687943262412,2.470331428571427
2020-11-01,84.35664335664336,67.75524475524476,3.310881118881117
2020-11-02,78.1986301369863,60.054421768707485,7.126186170212764
2020-11-03,75.91095890410959,55.24489795918368,0.04418904109588888
2020-11-04,78.6986301369863,58.37671232876713,0.0062975206611565
2020-11-05,81.6993006993007,64.46153846153847,0.5758975069252074
2020-11-06,82.86013986013987,67.3943661971831,2.1680836707152484
2020-11-07,82.58741258741259,69.14685314685315,3.484756097560975
2020-11-08,81.21985815602837,71.13475177304964,9.934412398921832
2020-11-09,81.73611111111111,72.33333333333333,20.3386332046332
2020-11-10,83.97931034482758,73.85616438356165,15.068860727728982
2020-11-11,83.375,73.86206896551724,11.280664955070604
2020-11-12,83.36986301369863,72.08904109589041,33.13653738910012
2020-11-13,82.90277777777777,68.13698630136986,4.609104913678617
2020-11-14,82.60992907801419,66.80141843971631,0.40569444444444386
2020-11-15,84.5774647887324,68.24647887323944,1.4682265734265734
2020-11-16,82.5,64.79054054054055,2.2496162162162143
2020-11-17,79.20547945205479,58.36486486486486,1.0616784741144414
2020-11-18,76.28571428571429,56.38095238095238,0.09365363128491551
2020-11-19,75.84353741496598,58.197278911564624,0.07472651933701548
2020-11-20,77.91836734693878,61.142857142857146,0.7793024523160752
2020-11-21,79.27857142857142,64.31914893617021,1.6739016393442623
2020-11-22,79.12142857142857,65.29285714285714,5.224493112947659
2020-11-23,77.86713286713287,61.93706293706294,6.27502620689655
2020-11-24,78.33098591549296,57.98601398601399,0.07283024251069686
2020-11-25,80.08275862068966,62.06164383561644,0.19934177215189658
2020-11-26,81.99290780141844,63.98581560283688,0.28997109826589423
2020-11-27,82.27083333333333,63.951388888888886,0.9803891273247478
2020-11-28,80.78321678321679,63.95104895104895,2.504179487179485
2020-11-29,79.68571428571428,63.85611510791367,0.7539712643678157
2020-11-30,77.22535211267606,58.85416666666666,6.497106901217862
2020-12-01,67.22758620689655,43.80821917808219,3.7024474034620494
2020-12-02,62.60416666666666,39.65972222222222,0.045762569832401435
2020-12-03,69.59154929577464,44.352112676056336,0.0063588317107084
2020-12-04,74.04137931034482,54.333333333333336,0.4437983425414356
2020-12-05,74.97872340425532,55.81560283687944,1.278722527472525
2020-12-06,73.50359712230215,53.65467625899281,0.42782783357245135
2020-12-07,70.53846153846153,52.68055555555556,13.025624020887728
2020-12-08,63.958333333333336,42.78472222222222,1.4380575342465731
2020-12-09,63.397260273972606,40.11034482758621,0.06661711079943877
2020-12-10,68.66197183098592,42.68794326241135,0.0035774647887315
2020-12-11,72.34693877551021,46.59310344827586,0.04621438645980015
2020-12-12,75.22302158273381,54.83941605839416,1.0533742857142838
2020-12-13,77.89855072463769,59.80434782608695,1.2646713286713263
2020-12-14,79.02758620689656,60.0,0.6449848275862052
2020-12-15,76.10344827586206,57.4,0.8957214484679652
2020-12-16,74.54609929078015,57.46808510638298,2.092746853146851
2020-12-17,70.2605633802817,53.18181818181818,9.05427357237716
2020-12-18,64.52083333333333,41.61805555555556,0.12483522727272657
2020-12-19,68.15555555555555,44.906474820143885,0.04721325648414908
2020-12-20,72.90647482014388,51.85714285714285,1.5286572637517606
2020-12-21,72.62857142857143,54.67857142857143,8.577671562082775
2020-12-22,71.375,48.68531468531469,0.09354107648725186
2020-12-23,73.67605633802818,47.809859154929576,0.00616857142857034
2020-12-24,77.2127659574468,52.205673758865245,1.7998651362984206
2020-12-25,67.66911764705883,40.948905109489054,10.04295405405405
2020-12-26,56.48550724637681,35.857142857142854,0.07880230880230873
2020-12-27,63.640845070422536,37.42553191489362,0.0812358900144711
2020-12-28,72.13475177304964,46.919117647058826,0.562480113636362
2020-12-29,74.12857142857143,51.32608695652174,0.16260404624277347
2020-12-30,75.69718309859155,56.70212765957447,0.04287839771101375
2020-12-31,78.58992805755396,63.2463768115942,0.47790691114245254
2021-01-01,80.07142857142857,67.2158273381295,2.45474861878453
2021-01-02,79.71126760563381,65.41134751773049,3.683532867132867
2021-01-03,75.89855072463769,58.54347826086956,5.585261455525607
2021-01-04,71.20422535211267,49.638888888888886,0.3797904761904762
2021-01-05,69.83333333333333,45.37241379310345,0.005613259668508287
2021-01-06,68.75352112676056,43.6875,0.0053212290502793295
2021-01-07,70.82394366197182,48.125,0.43649579831932767
2021-01-08,68.50704225352112,52.24475524475525,2.7666666666666666
2021-01-09,61.97841726618705,45.568345323741006,0.04965682137834037
2021-01-10,58.84558823529412,40.280575539568346,0.02083734087694484
2021-01-11,67.62237762237763,46.833333333333336,0.1451938202247191
2021-01-12,68.8125,53.83687943262412,0.2927047619047619
2021-01-13,63.02142857142857,50.347517730496456,0.4872724757952973
2021-01-14,64.7080291970803,46.15714285714286,2.0098528610354225
2021-01-15,69.51428571428572,46.05714285714286,0.6453165266106442
2021-01-16,67.68085106382979,46.01418439716312,2.083481879194631
2021-01-17,63.864285714285714,42.42857142857143,0.10947042253521128
2021-01-18,65.93478260869566,44.35507246376812,0.0801159830268741
2021-01-19,69.20422535211267,42.14893617021277,0.0007175141242937853
2021-01-20,72.06428571428572,44.43262411347518,0.011755960729312762
2021-01-21,74.12142857142857,48.38028169014085,0.005358649789029535
2021-01-22,74.78260869565217,53.07913669064748,1.0015159944367176
2021-01-23,73.45588235294117,55.53333333333333,1.7871977715877438
2021-01-24,74.81159420289855,57.67142857142857,0.4814104683195592
2021-01-25,77.88028169014085,60.54545454545455,0.2806262068965517
2021-01-26,79.07801418439716,61.7,0.9683531034482757
2021-01-27,79.8936170212766,60.94326241134752,3.087317808219178
2021-01-28,73.29496402877697,51.42446043165467,6.35465445026178
2021-01-29,66.58823529411765,42.83453237410072,0.006064606741573034
2021-01-30,70.30147058823529,45.19117647058823,0.005505780346820809
2021-01-31,75.11851851851851,53.07407407407408,0.6320971428571427
2021-02-01,71.14285714285714,51.354609929078016,7.017077319587628
2021-02-02,61.01459854014598,43.75539568345324,0.3030237762237762
2021-02-03,60.96428571428572,38.65492957746479,0.005652294853963838
2021-02-04,65.55395683453237,35.76258992805755,0.005328671328671328
2021-02-05,71.74285714285715,44.08571428571429,0.28377931034482756
2021-02-06,73.11851851851851,54.14705882352941,3.9757131034482756
2021-02-07,73.7007299270073,58.34306569343066,17.7313828125
2021-02-08,75.43478260869566,56.10071942446043,2.992051351351351
2021-02-09,77.51079136690647,60.67857142857143,2.1821376518218623
2021-02-10,79.80714285714286,62.63309352517986,3.7098455284552845
2021-02-11,81.15328467153284,63.18978102189781,0.8408033240997228
2021-02-12,80.75,63.52554744525548,2.421121088435374
2021-02-13,78.69402985074628,64.06666666666666,6.740607977991746
2021-02-14,77.31617647058823,64.1470588235294,19.49857486631016
2021-02-15,79.85507246376811,63.40287769784173,8.278244031830239
2021-02-16,76.02222222222223,59.28676470588236,10.982114434330299
2021-02-17,73.06569343065694,55.48201438848921,4.676868632707774
2021-02-18,79.41843971631205,61.23943661971831,4.142390835579515
2021-02-19,78.88489208633094,58.410071942446045,4.270134800550206
2021-02-20,72.34074074074074,48.56617647058823,5.359607629427793
2021-02-21,71.88235294117646,50.13970588235294,0.04095615275813296
2021-02-22,77.20588235294117,57.09489051094891,0.38963106796116503
2021-02-23,78.0431654676259,57.064748201438846,2.3818807947019867
2021-02-24,78.22302158273381,53.304964539007095,0.6035183098591549
2021-02-25,80.46762589928058,54.864285714285714,0.776330042313117
2021-02-26,81.86861313868613,58.0072463768116,0.012008595988538682
2021-02-27,83.4888888888889,62.75187969924812,0.010948275862068965
2021-02-28,84.26470588235294,66.70588235294117,0.06953890489913545
2021-03-01,83.79285714285714,66.83571428571429,0.8749668508287293
2021-03-02,79.60992907801419,63.255319148936174,3.097048275862069
2021-03-03,75.44927536231884,58.93617021276596,8.42120580474934
2021-03-04,74.03703703703704,52.63503649635037,0.8942335164835163
2021-03-05,75.53900709219859,49.9645390070922,0.03577464788732394
2021-03-06,73.87857142857143,54.57857142857143,1.0378225352112675
2021-03-07,71.21167883211679,51.71014492753624,5.950034666666666
2021-03-08,70.78571428571429,47.43262411347518,0.03860511363636363
2021-03-09,73.04347826086956,50.07971014492754,0.011577348066298343
2021-03-10,75.89781021897811,53.99264705882353,0.008239774330042313
2021-03-11,78.10144927536231,55.81428571428572,0.21567352537722909
2021-03-12,79.67375886524823,56.08510638297872,0.033889958734525445
2021-03-13,80.98540145985402,56.72794117647059,0.002853932584269663
2021-03-14,81.5072463768116,57.028985507246375,0.005683916083916084
2021-03-15,82.03597122302158,58.44927536231884,0.01021636615811373
2021-03-16,83.2127659574468,62.191489361702125,0.15524195804195803
2021-03-17,84.1958041958042,64.5104895104895,0.21741274238227148
2021-03-18,84.02142857142857,64.9136690647482,1.697549100968188
2021-03-19,78.19148936170212,58.45390070921986,4.155936591809775
2021-03-20,72.68840579710145,53.65248226950354,0.17573669467787115
2021-03-21,69.4087591240876,52.84397163120568,1.2082638888888888
2021-03-22,71.33566433566433,54.65277777777778,0.8209642857142856
2021-03-23,75.55944055944056,56.34027777777778,0.6737720488466757
2021-03-24,79.8581560283688,56.98601398601399,2.2842434301521437
2021-03-25,84.41258741258741,62.05555555555556,0.3288082191780822
2021-03-26,86.73049645390071,68.18571428571428,0.0863106796116505
2021-03-27,86.99285714285715,67.52142857142857,0.05143854748603352
2021-03-28,86.63380281690141,67.23239436619718,0.04634261838440112
2021-03-29,84.14788732394366,65.23776223776224,0.29386388888888887
2021-03-30,83.41726618705036,66.16901408450704,2.2880566801619433
2021-03-31,85.88571428571429,67.18439716312056,3.633916216216216
2021-04-01,81.24475524475524,60.25694444444444,4.913910171730514
2021-04-02,73.35,48.83802816901409,1.3687967698519514
2021-04-03,71.54744525547446,47.94964028776978,0.012095238095238096
2021-04-04,74.45652173913044,51.60839160839161,0.005980609418282549
2021-04-05,77.13793103448276,52.21232876712329,0.026335607094133694
2021-04-06,79.23239436619718,53.12587412587413,0.0
2021-04-07,80.96551724137932,54.775510204081634,0.011625520110957004
2021-04-08,81.77304964539007,57.28671328671329,0.2609876203576341
2021-04-09,81.54676258992805,59.885714285714286,1.171474552957359
2021-04-10,82.78985507246377,61.72463768115942,6.160123422159887
2021-04-11,81.39416058394161,62.23357664233577,13.754877551020407
2021-04-12,82.15217391304348,60.96428571428572,32.15256603773585
2021-04-13,86.0709219858156,58.02097902097902,0.5396630136986301
2021-04-14,85.89285714285714,61.063380281690144,0.057020408163265306
2021-04-15,82.78321678321679,63.388888888888886,1.0180650406504064
2021-04-16,81.47101449275362,64.07246376811594,2.0395820895522387
2021-04-17,81.87050359712231,65.8273381294964,7.367709286675639
2021-04-18,83.45714285714286,66.64539007092199,10.118237196765499
2021-04-19,81.95804195804196,66.44755244755245,12.93076030927835
2021-04-20,80.5179856115108,65.17605633802818,9.998422391857506
2021-04-21,82.37410071942446,65.27536231884058,8.591582901554403
2021-04-22,80.77464788732394,59.44755244755245,0.43449184782608696
2021-04-23,80.22695035460993,59.46478873239437,0.06067777777777777
2021-04-24,83.31159420289855,66.34532374100719,0.89901244813278
2021-04-25,85.60992907801419,67.75886524822695,4.023264150943397
2021-04-26,85.81428571428572,62.570422535211264,1.9699727148703954
2021-04-27,84.25735294117646,64.77372262773723,0.10222802197802197
2021-04-28,84.53571428571429,65.23741007194245,0.048016438356164384
2021-04-29,86.55714285714286,66.62857142857143,0.08907397260273972
2021-04-30,87.84782608695652,68.51079136690647,0.6141861111111111
2021-05-01,87.61702127659575,66.15492957746478,0.5677441540577717
2021-05-02,87.35507246376811,67.84892086330935,0.26251396648044695
2021-05-03,89.57857142857142,71.05,1.4095793758480324
2021-05-04,90.943661971831,71.92957746478874,1.046493860845839
2021-05-05,90.3943661971831,70.64084507042253,5.362902275769746
2021-05-06,88.86619718309859,70.38028169014085,2.559721552878179
2021-05-07,86.77142857142857,64.75714285714285,5.128588390501319
2021-05-08,84.8936170212766,60.234042553191486,0.7109142053445849
2021-05-09,86.4820143884892,63.02857142857143,0.20284225352112678
2021-05-10,87.54285714285714,68.5,1.5123583333333332
2021-05-11,88.63120567375887,69.46762589928058,2.3257956403269753
2021-05-12,89.03496503496504,70.0709219858156,6.170225201072386
2021-05-13,84.6993006993007,66.98601398601399,4.839528628495339
2021-05-14,82.69117647058823,64.11347517730496,1.7973523809523808
2021-05-15,83.82481751824818,63.13333333333333,0.5156637931034482
2021-05-16,83.95652173913044,62.36690647482014,0.1874245014245014
2021-05-17,84.58571428571429,63.69064748201439,0.10834965034965034
2021-05-18,85.35915492957747,67.15602836879432,0.03937709497206704
2021-05-19,85.78873239436619,68.8581560283688,0.2781737931034483
2021-05-20,85.24827586206897,69.54166666666667,0.775879781420765
2021-05-21,85.14285714285714,68.05035971223022,0.17360224089635853
2021-05-22,85.27857142857142,65.7007299270073,0.14442432814710043
2021-05-23,85.77857142857142,63.66428571428571,0.0523153409090909
2021-05-24,87.34965034965035,63.32167832167832,0.007533898305084746
2021-05-25,88.5,64.84558823529412,0.002152542372881356
2021-05-26,88.8936170212766,66.36428571428571,0.0014350282485875705
2021-05-27,89.20863309352518,67.41726618705036,0.007175141242937853
2021-05-28,89.57971014492753,67.98540145985402,0.05341630901287553
2021-05-29,90.0431654676259,68.96350364963503,1.401014367816092
2021-05-30,89.44202898550725,67.42753623188406,1.1095977496483824
2021-05-31,88.71851851851852,66.69117647058823,2.092120448179272
2021-06-01,88.13571428571429,67.44604316546763,1.1779294781382228
2021-06-02,88.10791366906474,69.16546762589928,3.597696306429549
2021-06-03,88.05035971223022,71.17857142857143,5.8565046480743685
2021-06-04,88.27142857142857,72.02142857142857,8.076129117259553
2021-06-05,88.30656934306569,72.7463768115942,8.001873452544704
2021-06-06,90.04411764705883,74.34558823529412,4.463192837465565
2021-06-07,90.20422535211269,75.20422535211267,7.764397260273973
2021-06-08,90.14285714285714,73.9,2.3265694444444445
2021-06-09,90.80575539568343,72.86428571428571,1.9434848484848481
2021-06-10,91.11428571428571,72.70503597122303,0.6887651195499297
2021-06-11,91.67625899280576,73.52173913043478,1.639582295988935
2021-06-12,91.82608695652172,74.15441176470588,2.204936170212766
2021-06-13,91.29285714285714,73.73381294964028,5.288757363253857
2021-06-14,89.81294964028777,72.86131386861314,13.201616402116402
2021-06-15,89.88732394366197,72.87323943661971,16.657260700389102
2021-06-16,88.50359712230215,71.95652173913044,13.060700132100397
2021-06-17,88.15714285714286,70.01428571428572,13.716668421052631
2021-06-18,88.26241134751773,72.5,4.15414030261348
2021-06-19,89.54744525547446,76.09558823529412,3.496674125874126
2021-06-20,90.1231884057971,76.58695652173913,6.3381943661971825
2021-06-21,90.16783216783216,75.11888111888112,5.371708683473389
2021-06-22,89.90579710144928,74.1304347826087,16.45080216802168
2021-06-23,89.66901408450704,73.30496453900709,15.535053876478319
2021-06-24,88.60992907801419,72.21985815602837,12.591094086021505
2021-06-25,87.14388489208633,71.95714285714286,18.2452102425876
2021-06-26,88.08823529411765,73.25,8.491008333333333
2021-06-27,89.09285714285714,74.47857142857143,6.923812324929972
2021-06-28,88.65217391304348,73.64492753623189,3.123590973201692
2021-06-29,88.70714285714286,73.15714285714286,6.662857931034482
2021-06-30,87.28571428571429,72.92142857142858,15.395222222222223
2021-07-01,86.65734265734265,72.88111888111888,12.059143610013175
2021-07-02,87.76258992805755,73.27536231884058,8.089483606557376
2021-07-03,87.8029197080292,74.3529411764706,12.36714835164835
2021-07-04,88.93382352941177,74.27737226277372,12.296277392510403
2021-07-05,89.5187969924812,73.98496240601504,7.895963737796373
2021-07-06,87.39259259259259,73.5,12.973058663028649
2021-07-07,86.30075187969925,74.77037037037037,30.658567674113005
2021-07-08,88.51773049645391,74.97101449275362,17.869627163781626
2021-07-09,90.67857142857144,74.43165467625899,6.897774725274725
2021-07-10,90.46323529411764,73.43283582089552,5.986123595505618
2021-07-11,89.85820895522389,73.43703703703704,5.668914127423823
2021-07-12,89.39416058394161,73.15217391304348,6.067777777777778
2021-07-13,89.1376811594203,72.8768115942029,7.798690026954177
2021-07-14,89.69565217391305,73.84671532846716,5.014862957937584
2021-07-15,90.21428571428572,74.46043165467626,4.360216066481994
2021-07-16,90.49285714285716,74.21428571428571,1.2468762446657182
2021-07-17,90.76691729323308,74.49624060150376,1.7219971550497863
2021-07-18,90.68656716417912,74.8030303030303,3.384133903133903
2021-07-19,90.64492753623188,74.91176470588235,5.429606741573033
2021-07-20,90.35,74.6159420289855,7.797040760869565
2021-07-21,91.38571428571429,74.95652173913044,8.972601626016258
2021-07-22,92.99264705882354,76.21481481481482,3.343236016371078
2021-07-23,92.98540145985402,76.44117647058823,4.649855755894591
2021-07-24,91.91970802919708,74.82481751824818,10.355197260273972
2021-07-25,91.22058823529412,74.48529411764706,3.6800720461095096
2021-07-26,91.6304347826087,75.61029411764706,3.148310296191819
2021-07-27,92.02173913043478,76.09558823529412,6.205157024793388
2021-07-28,91.55319148936172,75.43571428571428,8.449733333333333
2021-07-29,91.38571428571429,74.81428571428572,12.842226613965744
2021-07-30,92.36805555555556,75.3986013986014,8.281293640054127
2021-07-31,93.25,76.56617647058823,1.3959114285714285
2021-08-01,93.15827338129496,76.57971014492753,2.198326704545454
2021-08-02,92.4964539007092,76.09219858156028,7.05410040705563
2021-08-03,89.37323943661971,74.4965034965035,20.700999999999997
2021-08-04,87.177304964539,73.52142857142857,24.408548969072164
2021-08-05,87.61267605633803,74.56737588652483,16.400954604409858
2021-08-06,90.54676258992804,74.80141843971631,4.694397315436241
2021-08-07,91.16546762589928,75.03571428571429,6.433964038727524
2021-08-08,91.89208633093526,75.30714285714286,6.27928808864266
2021-08-09,92.2112676056338,75.83571428571429,4.619403899721449
2021-08-10,92.20138888888889,75.875,4.532843110504775
2021-08-11,92.15972222222224,75.5625,4.881187584345479
2021-08-12,91.87412587412588,75.13286713286713,4.407383152173912
2021-08-13,91.53956834532374,74.71014492753623,7.608657645466847
2021-08-14,90.01459854014598,74.44927536231884,10.480457534246574
2021-08-15,87.78832116788321,74.95620437956204,13.57109840425532
2021-08-16,88.05714285714286,76.28571428571429,4.195844686648502
2021-08-17,91.13235294117646,76.64028776978417,9.749589473684209
2021-08-18,92.37588652482268,76.83571428571429,2.457068306010929
2021-08-19,92.74125874125876,76.42657342657343,2.2362297297297298
2021-08-20,93.33093525179856,75.67625899280576,2.201799174690509
2021-08-21,93.2074074074074,75.76296296296296,3.200470262793914
2021-08-22,92.96268656716418,76.2910447761194,4.02470323488045
2021-08-23,92.20714285714286,76.70714285714286,4.0035403556771545
2021-08-24,91.4609929078014,75.68571428571428,4.536339072847682
2021-08-25,91.3076923076923,74.34265734265735,6.36953846153846
2021-08-26,90.18840579710144,73.11029411764706,9.626633821571238
2021-08-27,89.94285714285714,74.85,4.571316285329744
2021-08-28,89.85611510791367,76.73913043478261,7.400544
2021-08-29,90.44029850746269,76.81481481481481,3.9023636363636367
2021-08-30,90.36879432624112,75.5,7.0473707250342
2021-08-31,90.51428571428572,75.02173913043478,5.378701227830832
2021-09-01,89.45390070921985,74.69285714285714,8.963785809906291
2021-09-02,89.62857142857143,74.12142857142857,14.796529729729727
2021-09-03,90.00709219858156,73.67375886524823,10.152292875989446
2021-09-04,89.57664233576642,73.25547445255475,6.0889542302357835
2021-09-05,90.11510791366906,73.03597122302158,3.46595197740113
2021-09-06,90.97841726618704,73.76258992805755,2.530421787709497
2021-09-07,90.67857142857144,74.23571428571428,3.37785205479452
2021-09-08,89.24285714285715,74.65714285714286,7.438424324324324
2021-09-09,89.28467153284672,74.22463768115942,15.116350923482848
2021-09-10,89.62142857142857,72.95,6.153742895805141
2021-09-11,89.2043795620438,72.70588235294117,5.630215083798883
2021-09-12,89.81884057971014,74.60144927536231,3.147406685236769
2021-09-13,89.59712230215827,74.15107913669065,4.783666666666666
2021-09-14,89.09285714285714,73.57142857142857,6.7366865671641785
2021-09-15,88.15328467153284,73.28985507246377,10.891344827586206
2021-09-16,87.55714285714286,73.69285714285714,12.125193591455274
2021-09-17,87.66197183098592,74.06382978723404,11.636887096774194
2021-09-18,88.4,74.10714285714286,11.404322404371586
2021-09-19,88.44366197183099,74.57042253521126,8.881123655913978
2021-09-20,88.63380281690141,74.73049645390071,11.55390243902439
2021-09-21,88.84507042253522,74.03521126760563,10.783423592493296
2021-09-22,87.93706293706293,72.34027777777777,11.157085106382977
2021-09-23,87.38461538461539,70.1048951048951,4.695361527967258
2021-09-24,87.24305555555556,69.43055555555556,2.7311047619047617
2021-09-25,88.34532374100719,70.08695652173913,1.9367052186177716
2021-09-26,88.55714285714286,70.14285714285714,1.6769036827195465
2021-09-27,88.17142857142858,68.58571428571429,0.6934377622377622
2021-09-28,87.9103448275862,68.20138888888889,0.02064187327823691
2021-09-29,87.95172413793104,68.29655172413793,0.3723689320388349
2021-09-30,88.33333333333333,69.22916666666667,0.19164493758668516
2021-10-01,88.17142857142858,70.66428571428571,0.9290041265474553
2021-10-02,88.26086956521739,71.91176470588235,1.9713744855967075
2021-10-03,87.36296296296297,71.36764705882354,1.7599330543933054
2021-10-04,87.52816901408451,70.0,3.523596707818929
2021-10-05,87.21527777777777,71.1048951048951,7.007884456671252
2021-10-06,87.67832167832168,73.18881118881119,4.965648021828104
2021-10-07,88.94927536231884,73.91304347826087,6.222477366255144
2021-10-08,89.16058394160584,73.2919708029197,6.235477792732167
2021-10-09,88.28467153284672,70.73529411764706,12.680618473895581
2021-10-10,86.76642335766424,68.85401459854015,3.5130313778990447
2021-10-11,86.84057971014492,68.65217391304348,0.9952724757952972
2021-10-12,87.31914893617021,70.13571428571429,1.528141304347826
2021-10-13,87.8169014084507,70.36170212765957,1.5257139001349524
2021-10-14,88.25547445255475,71.08823529411765,1.122414835164835
2021-10-15,88.46043165467626,70.84782608695652,0.726615172413793
2021-10-16,88.01438848920863,68.8623188405797,0.40368495077355837
2021-10-17,85.31884057971014,64.82352941176471,0.9441197278911565
2021-10-18,82.43971631205673,61.92805755395683,0.13262880886426592
2021-10-19,83.21985815602837,63.52857142857143,0.03572980501392758
2021-10-20,84.64748201438849,64.95652173913044,0.008159217877094971
2021-10-21,85.66666666666667,67.03623188405797,0.10202510460251046
2021-10-22,86.46099290780141,67.51079136690647,0.7110564971751412
2021-10-23,86.08759124087591,67.1470588235294,3.2649885714285714
2021-10-24,84.99285714285715,68.8695652173913,1.8169369627507161
2021-10-25,85.78873239436619,71.84397163120568,7.9104289473684215
2021-10-26,85.9290780141844,69.43571428571428,3.9463758389261745
2021-10-27,84.47887323943662,62.90070921985816,0.5153980582524271
2021-10-28,83.41134751773049,65.55,9.402175342465753
2021-10-29,81.12142857142857,65.97122302158273,16.060513089005234
2021-10-30,76.92857142857143,61.76258992805755,2.0701
2021-10-31,75.59848484848484,59.11278195488722,0.46531092436974786
2021-11-01,76.66187050359713,56.30434782608695,0.05600842696629214
2021-11-02,79.73188405797102,59.48905109489051,0.412572625698324
2021-11-03,80.71631205673759,62.42446043165467,1.0802993006993007
2021-11-04,78.79861111111111,63.57342657342657,0.864159779614325
2021-11-05,73.6923076923077,62.14685314685315,15.97265338645418
2021-11-06,69.3695652173913,55.56428571428572,41.58765461847389
2021-11-07,70.79710144927536,51.58273381294964,2.877958158995815
2021-11-08,73.36764705882354,51.43571428571428,0.10373146853146853
2021-11-09,76.58571428571429,52.57857142857143,0.016747252747252746
2021-11-10,78.95,57.12230215827338,0.17912947658402203
2021-11-11,80.24817518248175,63.57664233576642,1.9829824561403508
2021-11-12,79.55072463768116,64.39259259259259,3.8704761904761904
2021-11-13,78.18115942028986,59.91176470588236,0.9682213001383124
2021-11-14,73.94074074074074,52.68181818181818,0.8263795013850415
2021-11-15,73.53900709219859,49.76056338028169,0.02072752420470263
2021-11-16,76.14388489208633,50.79136690647482,0.03951111111111111
2021-11-17,79.21985815602837,56.05755395683453,0.04061150070126227
2021-11-18,79.45774647887323,63.231884057971016,0.7055165745856353
2021-11-19,78.96402877697842,64.3037037037037,5.671548216644649
2021-11-20,77.69343065693431,63.11851851851852,4.1242593103448275
2021-11-21,78.08148148148148,65.08823529411765,4.125174647887324
2021-11-22,77.58865248226951,62.65714285714286,6.422521857923496
2021-11-23,71.18382352941177,50.5925925925926,1.2906703448275862
2021-11-24,70.51773049645391,47.54609929078014,0.01603085553997195
2021-11-25,75.18518518518519,53.47014925373134,0.024689248895434463
2021-11-26,75.16058394160584,53.21167883211679,0.15077793904208997
2021-11-27,72.37410071942446,48.63503649635037,0.013640058055152393
2021-11-28,70.30656934306569,49.00719424460432,0.018828488372093024
2021-11-29,70.55,49.70289855072464,0.30920220082530947
2021-11-30,71.18978102189782,46.24264705882353,0.010981868898186888
2021-12-01,74.75539568345324,48.618705035971225,0.00240595399188092
2021-12-02,76.56338028169014,51.45,0.003122950819672131
2021-12-03,76.34285714285714,51.10144927536232,0.004181069958847736
2021-12-04,76.23741007194245,52.56521739130435,0.0127
2021-12-05,77.85507246376811,55.63235294117647,0.05530929264909847
2021-12-06,79.68571428571428,59.02158273381295,0.7851546961325966
2021-12-07,79.21830985915493,60.57446808510638,1.5543844086021503
2021-12-08,79.97183098591549,60.11347517730496,0.9524126547455296
2021-12-09,79.12857142857143,60.62857142857143,3.750756032171582
2021-12-10,80.65277777777777,63.183098591549296,0.9970813793103447
2021-12-11,82.6,63.66428571428571,0.1287887323943662
2021-12-12,80.29787234042553,62.26428571428571,0.712620979020979
2021-12-13,78.99270072992701,62.3014705882353,0.3767070422535211
2021-12-14,78.25,63.23021582733813,0.3449125683060109
2021-12-15,79.42142857142858,63.02877697841727,1.9965095890410958
2021-12-16,80.32608695652173,65.44202898550725,5.667142476697736
2021-12-17,80.93571428571428,64.24460431654676,0.3952657534246575
2021-12-18,81.78832116788321,65.0220588235294,0.8410381895332391
2021-12-19,81.52554744525547,65.60740740740741,3.9799221140472874
2021-12-20,76.77536231884058,62.58394160583941,2.132548965517241
2021-12-21,71.27857142857142,59.9,16.33516445623342
2021-12-22,68.83333333333333,51.04347826086956,7.873306957708048
2021-12-23,68.66666666666667,45.21582733812949,0.05351226551226551
2021-12-24,73.75555555555556,48.14179104477612,0.02261897810218978
2021-12-25,77.42105263157895,52.25757575757576,0.017596385542168674
2021-12-26,79.26119402985074,56.02255639097744,0.03800592592592592
2021-12-27,79.22302158273381,57.73381294964029,0.01962390670553936
2021-12-28,79.52898550724638,59.4014598540146,0.015371757925072048
2021-12-29,80.98529411764706,61.796992481203006,0.11365056818181818
2021-12-30,81.83823529411765,64.06617647058823,0.6630436005625878
2021-12-31,82.20769230769231,65.37209302325581,0.31121377331420375
2022-01-01,82.35507246376811,65.06521739130434,0.09686145404663923
2022-01-02,82.62773722627738,64.72262773722628,0.3633119777158774
2022-01-03,76.35714285714286,53.81294964028777,2.6778475689881733
2022-01-04,70.50704225352112,47.15384615384615,0.127
2022-01-05,73.47517730496453,53.05035971223022,0.1429392712550607
2022-01-06,75.04255319148936,52.03623188405797,0.21352747252747253
2022-01-07,74.19424460431655,54.18978102189781,0.6374027027027026
2022-01-08,76.3623188405797,54.55555555555556,0.194791724137931
2022-01-09,78.70422535211267,61.07857142857143,1.021551912568306
2022-01-10,77.38461538461539,58.46808510638298,2.719136842105263
2022-01-11,72.3006993006993,51.75886524822696,1.8079021164021165
2022-01-12,71.7062937062937,52.8,1.2325245901639343
2022-01-13,72.0,53.18248175182482,0.6429591280653951
2022-01-14,70.68531468531468,48.177304964539005,0.12228335625859697
2022-01-15,71.55797101449275,44.61194029850746,0.4794646324549237
2022-01-16,70.60583941605839,51.25925925925926,12.79784696569921
2022-01-17,66.71014492753623,48.67164179104478,8.743229551451186
2022-01-18,64.75,41.02173913043478,0.15323392612859096
2022-01-19,69.05714285714286,42.72463768115942,0.04072282608695652
2022-01-20,75.00709219858156,48.65467625899281,0.8588937329700272
2022-01-21,72.96376811594203,53.38686131386861,4.885547019867549
2022-01-22,65.67175572519083,51.24812030075188,1.9553207547169809
2022-01-23,59.08888888888889,42.81617647058823,0.48703382949932345
2022-01-24,61.12592592592593,36.23357664233577,0.059184466019417466
2022-01-25,62.3768115942029,43.08571428571429,1.2598259668508287
2022-01-26,66.15217391304348,52.15441176470589,6.585575129533678
2022-01-27,69.74647887323944,54.776978417266186,2.051304
2022-01-28,68.73381294964028,53.41304347826087,0.7961246537396122
2022-01-29,62.07407407407408,39.92537313432836,0.22306876790830943
2022-01-30,57.770992366412216,32.54545454545455,0.004341880341880342
2022-01-31,65.2919708029197,36.14814814814815,0.005723943661971831
2022-02-01,70.92753623188406,41.56204379562044,0.023473103448275863
2022-02-02,75.02173913043478,50.96296296296296,0.11674965800273598
2022-02-03,78.3840579710145,59.525925925925925,1.0774799446749654
2022-02-04,80.0,59.96350364963504,1.2536241426611796
2022-02-05,73.95555555555555,55.12592592592593,2.4928335625859694
2022-02-06,68.44360902255639,53.49629629629629,4.787165289256198
2022-02-07,67.7536231884058,52.87769784172662,0.8162524271844661
2022-02-08,65.83453237410072,52.460431654676256,2.9712816326530613
2022-02-09,65.27611940298507,47.503649635036496,6.719062663185379
2022-02-10,69.67164179104478,43.3014705882353,0.528248951048951
2022-02-11,74.05633802816901,46.82978723404256,0.09423152022315202
2022-02-12,77.0354609929078,53.539568345323744,0.13385511363636363
2022-02-13,74.2,53.81884057971015,3.4025561643835616
2022-02-14,68.38129496402878,42.9,2.5358246575342465
2022-02-15,69.30935251798562,43.63309352517986,0.0251900826446281
2022-02-16,75.79432624113475,54.27536231884058,0.09327683615819209
2022-02-17,79.97101449275362,61.61940298507463,0.814138696255201
2022-02-18,81.15384615384616,63.78169014084507,1.1490476190476189
2022-02-19,78.28057553956835,58.121428571428574,0.8860138312586444
2022-02-20,76.21323529411765,52.18978102189781,0.6532966101694915
2022-02-21,78.20714285714286,56.58571428571429,0.009825214899713467
2022-02-22,80.68345323741008,60.78260869565217,0.0194002828854314
2022-02-23,82.30281690140845,62.673758865248224,0.03398591549295774
2022-02-24,82.63380281690141,61.248226950354606,0.004637640449438202
2022-02-25,83.38129496402878,61.58695652173913,0.006047619047619048
2022-02-26,83.03676470588235,60.45112781954887,0.0210758226037196
2022-02-27,82.68382352941177,60.422222222222224,0.2167758620689655
2022-02-28,78.51773049645391,59.68115942028985,1.0691380753138076
2022-03-01,76.68345323741008,56.21428571428572,1.7694650537634407
2022-03-02,77.22627737226277,51.48905109489051,0.04740389972144847
2022-03-03,80.64335664335664,53.05,0.23570637119113574
2022-03-04,82.45390070921985,55.17142857142857,0.011706703910614525
2022-03-05,82.86861313868613,59.518248175182485,0.05708677098150782
2022-03-06,83.43884892086331,63.065693430656935,0.12363458856345885
2022-03-07,83.87412587412588,64.62857142857143,0.39980167597765354
2022-03-08,83.85106382978724,67.54744525547446,5.923957333333332
2022-03-09,83.50704225352112,67.55714285714286,4.687146666666667
2022-03-10,81.66197183098592,66.34285714285714,18.246436363636363
2022-03-11,81.48226950354609,66.62857142857143,11.135824836601307
2022-03-12,80.42335766423358,55.125,16.27185345997286
2022-03-13,71.44360902255639,40.8962962962963,7.718796769851951
2022-03-14,73.86428571428571,47.82608695652174,0.1620527045769764
2022-03-15,77.17985611510791,59.4014598540146,2.0144343015214385
2022-03-16,79.84507042253522,63.20143884892087,20.26337579617834
2022-03-17,82.18248175182482,61.75,2.671284750337382
2022-03-18,83.77536231884058,61.26086956521739,1.0640445062586925
2022-03-19,84.88235294117646,64.23703703703704,8.625475138121546
2022-03-20,82.88148148148149,61.090225563909776,2.013457300275482
2022-03-21,79.9927536231884,55.80714285714286,0.49008298755186713
2022-03-22,81.51773049645391,60.62857142857143,0.01698050139275766
2022-03-23,82.29850746268657,66.95488721804512,2.4363481894150416
2022-03-24,80.65957446808511,65.92086330935251,7.35124054054054
2022-03-25,78.54744525547446,58.8014705882353,12.835775749674056
2022-03-26,77.4962962962963,53.588235294117645,0.086191135734072
2022-03-27,79.05072463768116,54.54814814814815,0.001411111111111111
2022-03-28,81.57971014492753,55.43795620437956,0.005255172413793103
2022-03-29,83.81159420289855,57.169117647058826,0.004529492455418381
2022-03-30,83.99295774647888,61.01438848920864,0.1095617198335645
2022-03-31,83.61313868613139,66.88805970149254,4.570592797783933
2022-04-01,83.59154929577464,66.90647482014388,20.80888520408163
2022-04-02,81.29496402877697,64.39259259259259,6.996388586956521
2022-04-03,81.30827067669173,61.088235294117645,19.047069230769228
2022-04-04,82.31654676258992,60.19565217391305,0.44217367706919947
2022-04-05,84.84615384615384,64.93661971830986,1.7344669365721996
2022-04-06,86.83571428571429,70.29411764705883,4.260040268456375
2022-04-07,85.59420289855072,68.99259259259259,5.038847277556441
2022-04-08,79.44444444444444,59.05925925925926,9.826037037037036
2022-04-09,74.84444444444445,53.19402985074627,0.020236263736263735
2022-04-10,75.84848484848484,47.34586466165413,0.0007026279391424619
2022-04-11,78.75187969924812,51.58955223880597,0.046087312414733975
2022-04-12,81.72592592592592,59.24626865671642,0.017049315068493148
2022-04-13,83.02173913043478,63.713235294117645,0.007592391304347825
2022-04-14,84.04285714285714,66.17518248175182,1.972618918918919
2022-04-15,85.13571428571429,66.92805755395683,2.6234182305630025
2022-04-16,85.41134751773049,65.92805755395683,2.6623724696356277
2022-04-17,86.23913043478261,67.33333333333333,2.3729580514208393
2022-04-18,86.09285714285714,67.21897810218978,9.091402359108782
2022-04-19,82.8,61.7410071942446,0.8636684636118599
2022-04-20,81.01438848920863,58.832116788321166,0.14657844474761256
2022-04-21,81.8,63.289855072463766,0.028574999999999996
2022-04-22,82.18571428571428,64.56115107913669,0.5802225274725273
2022-04-23,82.8840579710145,64.54744525547446,0.36465346534653464
2022-04-24,84.0948905109489,65.17647058823529,0.12842296918767507
2022-04-25,85.03571428571429,65.93525179856115,0.5150360110803324
2022-04-26,85.65957446808511,65.07857142857142,0.2914242837653479
2022-04-27,85.49640287769785,64.35036496350365,0.7422482946793997
2022-04-28,85.49285714285715,65.10144927536231,1.45028060522696
2022-04-29,84.08029197080292,65.86861313868613,3.433586111111111
2022-04-30,83.54347826086956,66.94852941176471,8.315876033057851
2022-05-01,84.97037037037038,66.69402985074628,7.341010781671159
2022-05-02,86.20567375886525,66.28057553956835,4.650180107526881
2022-05-03,86.72535211267606,68.90714285714286,1.6911506105834464
2022-05-04,87.77372262773723,67.8970588235294,3.651506738544474
2022-05-05,89.60714285714286,67.85507246376811,0.9518968792401629
2022-05-06,89.65248226950355,69.62142857142857,1.353612724757953
2022-05-07,88.74264705882354,70.15441176470588,6.857999999999999
2022-05-08,88.14492753623189,67.27007299270073,2.985466113416321
2022-05-09,86.19565217391305,66.54347826086956,0.3956676056338028
2022-05-10,84.2463768115942,62.7007299270073,0.11343689320388349
2022-05-11,84.27007299270073,60.81617647058823,0.06059361997226074
2022-05-12,84.10218978102189,62.02205882352941,0.8056837725381415
2022-05-13,84.27941176470588,64.16296296296296,1.3169083447332421
2022-05-14,86.3913043478261,64.76470588235294,4.072248985115021
2022-05-15,88.0375939849624,67.84962406015038,1.649596685082873
2022-05-16,88.39855072463769,66.89781021897811,6.378558201058201
2022-05-17,89.62142857142857,68.41007194244604,1.4793406593406593
2022-05-18,90.57777777777778,69.9624060150376,0.8905809128630705
2022-05-19,90.75182481751824,71.21481481481482,1.3044287690179805
2022-05-20,89.62857142857143,71.22463768115942,3.471570827489481
2022-05-21,88.46212121212122,71.75187969924812,15.317713907284766
2022-05-22,89.14814814814815,72.42537313432835,9.919172872340425
2022-05-23,89.07194244604317,73.02877697841727,5.284243835616438
2022-05-24,89.14598540145985,72.51824817518248,2.894621733149931
2022-05-25,88.61194029850746,72.08955223880596,2.57417198335645
2022-05-26,87.44852941176471,72.67164179104478,5.516529655172414
2022-05-27,87.78358208955224,71.83703703703704,6.747641379310345
2022-05-28,89.48148148148148,70.11111111111111,4.600761255115962
2022-05-29,89.67669172932331,68.43939393939394,2.8265549295774646
2022-05-30,89.74264705882354,68.93382352941177,5.825066666666666
2022-05-31,88.97037037037038,69.82835820895522,6.101890859481582
2022-06-01,88.68840579710145,69.75182481751825,4.313946808510638
2022-06-02,89.10144927536231,69.73529411764706,4.963837333333333
2022-06-03,86.72463768115942,70.14388489208633,9.626566534914362
2022-06-04,86.0,70.99242424242425,33.83676455026455
2022-06-05,87.58518518518518,70.88321167883211,10.412630727762803
2022-06-06,89.3021582733813,71.9568345323741,3.392073369565218
2022-06-07,89.91911764705883,71.31111111111112,11.035224867724866
2022-06-08,90.66176470588236,72.07352941176471,4.459416216216216
2022-06-09,90.7841726618705,73.64492753623189,5.882264200792602
2022-06-10,90.28676470588236,73.04444444444445,6.845936675461742
2022-06-11,89.23880597014926,72.2406015037594,13.041376
2022-06-12,90.08148148148148,73.60583941605839,9.110854860186416
2022-06-13,91.6962962962963,75.22962962962963,2.8369634641407306
2022-06-14,92.73188405797102,75.57246376811594,1.8017252747252748
2022-06-15,93.07246376811594,74.37956204379562,4.488465240641712
2022-06-16,93.53284671532846,75.5925925925926,2.1951609353507564
2022-06-17,93.25,75.06617647058823,1.9559751724137928
2022-06-18,93.52985074626864,74.45454545454545,0.8674407988587731
2022-06-19,93.07352941176472,74.11764705882354,3.9504227642276417
2022-06-20,91.85074626865672,74.33834586466165,4.83217004048583
2022-06-21,91.01492537313432,72.69402985074628,5.541450199203187
2022-06-22,91.05185185185184,72.61764705882354,0.6315395095367847
2022-06-23,93.55147058823528,72.23134328358209,0.07783310533515733
2022-06-24,94.88235294117646,74.33823529411765,1.1069125683060108
2022-06-25,92.56296296296296,74.27941176470588,10.45942819843342
2022-06-26,90.49242424242424,74.13533834586467,7.80310027100271
2022-06-27,90.96350364963504,73.17777777777778,6.9759163292847495
2022-06-28,91.45652173913044,74.36496350364963,4.797625841184387
2022-06-29,91.30656934306568,74.44776119402985,5.083080862533692
2022-06-30,90.94776119402984,74.54545454545455,4.8935060402684565
2022-07-01,90.93382352941175,74.65671641791045,9.131181938911022
2022-07-02,90.8148148148148,74.97037037037038,10.538290666666667
2022-07-03,90.3731343283582,75.41666666666667,7.777238095238094
2022-07-04,91.69924812030077,74.93893129770993,8.546005471956224
2022-07-05,92.30882352941175,75.81343283582089,2.618502747252747
2022-07-06,92.67910447761194,76.02272727272727,4.041064690026954
2022-07-07,93.16911764705884,75.6842105263158,4.833789333333333
2022-07-08,93.13432835820896,75.86259541984732,6.138333333333333
2022-07-09,92.61194029850746,76.54887218045113,5.590768392370572
2022-07-10,92.11363636363636,76.83846153846154,8.132824966078697
2022-07-11,91.75735294117646,76.35074626865672,7.124480743691898
2022-07-12,91.92537313432835,75.90151515151516,9.902005242463957
2022-07-13,92.61481481481482,75.94776119402985,4.306376850605652
2022-07-14,92.45522388059702,74.40151515151516,8.396980340760157
2022-07-15,91.25,72.71851851851852,13.691589610389611
2022-07-16,90.06870229007633,73.4885496183206,4.907491666666667
2022-07-17,89.734375,73.82170542635659,13.65057067371202
2022-07-18,91.08823529411764,75.4,8.17831750339213
2022-07-19,91.88970588235294,76.21481481481482,5.379021164021164
2022-07-20,91.65413533834588,75.90977443609023,8.511536617842875
2022-07-21,91.93233082706767,75.4469696969697,6.364880108991825
2022-07-22,92.38235294117646,75.2074074074074,3.4858945908460472
2022-07-23,92.16541353383458,74.90225563909775,6.964448132780082
2022-07-24,92.1923076923077,75.44961240310077,6.653543956043954
2022-07-25,91.8962962962963,75.76119402985074,2.357063711911357
2022-07-26,90.7218045112782,74.49242424242425,4.762499999999999
2022-07-27,91.07462686567165,73.3609022556391,12.866885676741129
2022-07-28,92.29545454545456,75.14615384615385,4.255021917808219
2022-07-29,92.86466165413532,75.80451127819549,1.6892616690240452
2022-07-30,93.0,75.62698412698413,1.5022081575246131
2022-07-31,93.32824427480917,75.74418604651163,0.3950290697674418
2022-08-01,93.5036496350365,76.01470588235294,0.8909110807113543
2022-08-02,93.48175182481752,74.91970802919708,4.283834239130434
2022-08-03,92.7841726618705,73.23357664233576,7.823133069828722
2022-08-04,92.42424242424242,74.01503759398496,4.820858299595141
2022-08-05,92.4087591240876,75.32846715328468,2.9636775067750674
2022-08-06,91.88321167883213,76.23703703703704,2.991050894085282
2022-08-07,91.76470588235294,75.77037037037037,2.5239945205479453
2022-08-08,91.38235294117646,75.14814814814815,4.496753351206434
2022-08-09,90.80714285714286,75.01470588235294,6.34570611183355
2022-08-10,91.51773049645392,75.82608695652173,4.428449468085106
2022-08-11,90.41304347826087,75.96350364963503,3.707912208504801
2022-08-12,90.7769784172662,74.7956204379562,4.851572789115646
2022-08-13,90.82089552238806,74.73880597014926,6.018398384925976
2022-08-14,90.11111111111111,73.55223880597015,7.379601070950469
2022-08-15,90.6058394160584,72.81617647058823,5.237631436314363
2022-08-16,92.16666666666669,74.33823529411765,3.5604682002706363
2022-08-17,93.22058823529412,75.00729927007299,3.620685333333333
2022-08-18,91.88235294117646,74.86764705882354,5.750212877792378
2022-08-19,92.36764705882354,74.25,12.536333333333332
2022-08-20,93.44525547445257,75.2919708029197,4.874819892473118
2022-08-21,93.23188405797102,76.26277372262774,3.530010914051842
2022-08-22,92.63503649635037,76.09558823529412,4.675877717391304
2022-08-23,92.02173913043478,75.55147058823529,4.7618935879945425
2022-08-24,92.01459854014598,75.54074074074074,8.305428950863215
2022-08-25,91.57553956834532,75.78985507246377,12.150436363636363
2022-08-26,91.35507246376812,75.73722627737226,11.616936224489795
2022-08-27,91.54814814814814,75.30075187969925,9.9487824933687
2022-08-28,90.99230769230768,74.91538461538461,9.572307076101467
2022-08-29,90.19565217391305,74.65942028985508,15.561778071334215
2022-08-30,91.2,75.78358208955224,5.712463382157124
2022-08-31,92.28148148148148,75.33582089552239,5.163638326585694
2022-09-01,91.86131386861314,74.52941176470588,8.287080729166666
2022-09-02,91.13970588235294,74.41044776119404,8.24750982961992
2022-09-03,90.90551181102362,74.77952755905511,8.486302864938608
2022-09-04,91.52592592592592,75.46616541353383,4.471508867667121
2022-09-05,92.26515151515152,75.76335877862596,3.5563423180592992
2022-09-06,93.06666666666666,75.78947368421052,2.0306325706594883
2022-09-07,92.61764705882354,75.32592592592593,2.7508165997322624
2022-09-08,89.81954887218045,72.93893129770993,6.693958333333333
2022-09-09,88.69402985074628,72.94814814814815,22.155611528822053
2022-09-10,89.0,74.51492537313433,12.86126984126984
2022-09-11,90.61194029850746,74.22556390977444,11.72172944297082
2022-09-12,91.06015037593986,73.87218045112782,7.335479305740988
2022-09-13,90.19852941176472,72.73722627737226,7.426854166666667
2022-09-14,88.81294964028777,72.09420289855072,7.121641361256545
2022-09-15,88.79710144927536,71.81428571428572,13.402930232558138
2022-09-16,88.60583941605839,72.39568345323741,8.478207077326344
2022-09-17,88.58518518518518,72.74264705882354,13.22590600522193
2022-09-18,88.0220588235294,71.64963503649635,16.67521681997372
2022-09-19,88.875,72.57664233576642,4.56203247631935
2022-09-20,90.3,73.21014492753623,4.271148880105401
2022-09-21,90.44285714285714,73.56521739130434,3.8183883751651253
2022-09-22,91.27611940298507,73.21212121212122,3.8245046480743685
2022-09-23,90.9037037037037,73.08208955223881,1.0076607387140901
2022-09-24,89.92537313432835,71.9172932330827,2.4251780821917808
2022-09-25,89.61068702290076,71.79069767441861,2.960522821576763
2022-09-26,90.52554744525548,72.47445255474453,2.771033738191633
2022-09-27,86.1086956521739,71.58394160583941,14.592034031413611
2022-09-28,81.51515151515152,70.29770992366412,37.70488888888889
2022-09-29,79.6796875,67.14728682170542,64.61347338935573
2022-09-30,80.52307692307693,63.47692307692308,8.425118402282454
2022-10-01,83.64615384615385,63.65116279069768,0.672814606741573
2022-10-02,85.46969696969697,64.6030534351145,0.4244979367262724
2022-10-03,84.54814814814814,64.36296296296297,0.016747252747252746
2022-10-04,82.7910447761194,63.11194029850746,0.01982772543741588
2022-10-05,83.54477611940298,62.08955223880597,0.0770523489932886
2022-10-06,84.65151515151516,62.71212121212121,0.006601915184678523
2022-10-07,85.59848484848484,62.56488549618321,0.0038379120879120875
2022-10-08,86.1969696969697,63.78787878787879,0.0681376404494382
2022-10-09,86.06060606060606,65.81679389312977,1.076342541436464
2022-10-10,86.7218045112782,66.91472868217055,3.1765679012345682
2022-10-11,87.74814814814815,68.73484848484848,0.9643795423956931
2022-10-12,87.2910447761194,72.13636363636364,1.045057873485868
2022-10-13,86.54887218045113,71.06818181818181,6.373090909090909
2022-10-14,86.39416058394161,68.0,5.091759259259259
2022-10-15,86.41984732824427,67.11538461538461,2.0148331034482756
2022-10-16,86.7089552238806,66.39393939393939,3.5129138166894665
2022-10-17,86.07352941176471,68.53731343283582,1.442861111111111
2022-10-18,82.7080291970803,64.92592592592592,4.932134540750323
2022-10-19,74.96428571428571,52.726618705035975,1.509260458839406
2022-10-20,71.25,50.56617647058823,0.8310485436893202
2022-10-21,75.86131386861314,52.89051094890511,0.16166852367688023
2022-10-22,79.38167938931298,55.323076923076925,0.15261647727272729
2022-10-23,82.28030303030303,57.7175572519084,0.023935302390998593
2022-10-24,83.29411764705883,60.49624060150376,0.21013370473537604
2022-10-25,84.02898550724638,62.01449275362319,0.26639024390243904
2022-10-26,84.07352941176471,62.13970588235294,1.3628010825439782
2022-10-27,84.33333333333333,62.6058394160584,0.13864021887824898
2022-10-28,83.77941176470588,65.8529411764706,4.043002666666666
2022-10-29,82.02189781021897,68.2919708029197,3.0664663923182442
2022-10-30,83.15827338129496,68.39855072463769,1.6575749318801087
2022-10-31,85.2482269503546,67.71942446043165,1.7814464043419267
2022-11-01,86.71739130434783,68.0,0.5059433198380566
2022-11-02,86.8970588235294,69.4776119402985,0.43652965517241377
2022-11-03,86.19852941176471,68.97777777777777,4.292192513368985
2022-11-04,84.52898550724638,65.66423357664233,1.490632707774799
2022-11-05,84.72262773722628,66.63235294117646,0.6152213114754098
2022-11-06,86.1086956521739,69.51449275362319,1.7168897849462366
2022-11-07,85.65,69.31159420289855,1.4602442953020132
2022-11-08,84.71942446043165,68.26618705035972,1.309413793103448
2022-11-09,79.06617647058823,66.2992700729927,7.455861618798956
2022-11-10,76.72932330827068,66.98507462686567,37.53425755584756
2022-11-11,80.98550724637681,68.53623188405797,22.508358441558443
2022-11-12,83.39855072463769,65.35507246376811,1.6158650472334681
2022-11-13,79.69117647058823,60.86029411764706,1.2109546079779918
2022-11-14,78.43382352941177,58.492753623188406,1.909296346414073
2022-11-15,80.97183098591549,63.02836879432624,0.841838196286472
2022-11-16,79.43884892086331,62.66666666666666,0.5597407407407406
2022-11-17,72.88489208633094,55.27536231884058,0.26833870967741935
2022-11-18,68.73049645390071,50.319148936170215,0.03161825726141079
2022-11-19,70.5,52.72058823529412,0.06164016736401673
2022-11-20,67.05263157894737,55.4436090225564,2.996356846473029
2022-11-21,72.2536231884058,56.31884057971015,13.294658823529412
2022-11-22,75.70212765957447,62.539568345323744,6.167328767123287
2022-11-23,77.88571428571429,64.34532374100719,3.8938377622377622
2022-11-24,79.43181818181819,65.7557251908397,0.2503294797687861
2022-11-25,82.35074626865672,67.26315789473684,0.6050214592274676
2022-11-26,81.82352941176471,67.34814814814816,0.5971547277936963
2022-11-27,82.11194029850746,66.28358208955224,1.9222017291066285
2022-11-28,81.58571428571429,61.06428571428572,1.594284931506849
2022-11-29,80.37323943661971,59.140845070422536,0.10479234972677595
2022-11-30,81.95620437956204,62.48175182481752,1.3575741758241757
2022-12-01,78.55072463768116,59.10869565217392,4.64764569961489
2022-12-02,78.00714285714285,58.95070422535211,0.3737723577235772
2022-12-03,80.46376811594203,61.22058823529412,0.057582753824756604
2022-12-04,79.93333333333334,60.25,0.15705070422535208
2022-12-05,79.28260869565217,60.20289855072464,0.1432910344827586
2022-12-06,80.34285714285714,61.572463768115945,0.08626415094339622
2022-12-07,81.71739130434783,61.798561151079134,0.032365650969529085
2022-12-08,81.65942028985508,62.13970588235294,0.2714211248285322
2022-12-09,80.75912408759125,61.30434782608695,0.04138997214484679
2022-12-10,78.7279411764706,60.97058823529412,0.023058659217877094
2022-12-11,75.97777777777777,61.13432835820896,0.04080886426592798
2022-12-12,74.85185185185185,59.16058394160584,0.3539229711141678
2022-12-13,75.76470588235294,59.31617647058823,0.5745320600272851
2022-12-14,78.43795620437956,62.02919708029197,7.245174770039421
2022-12-15,78.2043795620438,61.79259259259259,6.52945652173913
2022-12-16,73.08888888888889,55.05882352941177,13.575839378238342
2022-12-17,70.62222222222222,51.577777777777776,0.8964083333333333
2022-12-18,70.22962962962963,51.721804511278194,1.2470041152263374
2022-12-19,70.39416058394161,46.431654676258994,0.06933704735376045
2022-12-20,70.17777777777778,53.93283582089552,1.6690926694329182
2022-12-21,68.69852941176471,57.4179104477612,10.187132561132561
2022-12-22,69.83333333333333,57.11764705882353,0.7355416666666666
2022-12-23,71.38129496402878,48.065693430656935,2.183636612021858
2022-12-24,56.948905109489054,33.20740740740741,0.37989244186046506
2022-12-25,48.1,32.98461538461538,0.055300300300300295
2022-12-26,52.20454545454545,34.696969696969695,0.2995994065281899
2022-12-27,61.38636363636363,39.732283464566926,1.6506329479768784
2022-12-28,69.75912408759125,43.23880597014925,0.10812409812409814
2022-12-29,75.58088235294117,50.83458646616541,0.020653352353780314
2022-12-30,78.1470588235294,56.42307692307692,0.5754022346368715
2022-12-31,78.64444444444445,61.24812030075188,4.077739251040222
2023-01-01,80.14598540145985,62.56296296296296,1.4493746630727764
2023-01-02,80.74820143884892,61.31111111111111,0.06975312066574202
2023-01-03,81.38848920863309,62.985611510791365,0.08351159618008186
2023-01-04,81.44525547445255,64.91911764705883,1.8949918478260868
2023-01-05,80.17142857142858,61.805755395683455,5.193657587548638
2023-01-06,74.89208633093526,50.7007299270073,1.8341827814569536
2023-01-07,72.41176470588235,46.42962962962963,0.009782668500687758
2023-01-08,75.21804511278195,48.63432835820896,0.004181069958847736
2023-01-09,75.63703703703703,52.47014925373134,0.024240663900414936
2023-01-10,73.94890510948905,49.85507246376812,0.04065389876880985
2023-01-11,75.0220588235294,45.67164179104478,0.0069209809264305176
2023-01-12,77.33834586466165,50.203007518796994,0.33681095890410956
2023-01-13,73.5223880597015,50.42105263157895,7.094471354166666
2023-01-14,62.40601503759399,40.83458646616541,2.480756032171582
2023-01-15,59.48854961832061,35.208955223880594,0.02064187327823691
2023-01-16,65.80451127819549,35.98496240601504,0.008002739726027398
2023-01-17,73.38686131386861,42.708955223880594,0.060112175102599176
2023-01-18,77.18248175182482,50.95555555555556,0.1679622132253711
2023-01-19,80.01438848920863,55.291044776119406,0.6654181326116373
2023-01-20,79.71323529411765,56.71851851851852,0.32686885245901637
2023-01-21,74.55147058823529,57.14074074074074,0.21966620689655175
2023-01-22,78.17910447761194,59.11278195488722,5.699337801608579
2023-01-23,75.56204379562044,55.93382352941177,7.095730718954249
2023-01-24,73.4885496183206,51.0,0.5298116343490304
2023-01-25,78.81954887218045,58.78030303030303,2.483402173913044
2023-01-26,74.5036496350365,54.1985294117647,5.634806701030928
2023-01-27,66.2279411764706,47.46715328467153,0.05420083682008368
2023-01-28,68.94029850746269,47.98518518518519,0.03391477272727273
2023-01-29,76.86466165413533,56.70229007633588,0.27178711484593837
2023-01-30,82.00735294117646,62.298507462686565,1.8400352781546812
2023-01-31,82.47445255474453,63.15441176470589,0.04502571041948579
2023-02-01,81.97122302158273,62.54347826086956,0.24855227882037534
2023-02-02,81.9225352112676,61.82394366197183,0.05284563758389262
2023-02-03,79.26428571428572,57.26241134751773,2.15696256684492
2023-02-04,74.75539568345324,51.43884892086331,3.6633981841763945
2023-02-05,74.96296296296296,55.956204379562045,7.4467713125845725
2023-02-06,75.9136690647482,55.04347826086956,5.1049220430107525
2023-02-07,77.12230215827338,53.75555555555555,0.02004353741496599
2023-02-08,78.84722222222223,57.683098591549296,0.009913862718707941
2023-02-09,80.59285714285714,60.59124087591241,0.7777910052910052
2023-02-10,80.79856115107914,63.52205882352941,2.917726804123711
2023-02-11,78.9568345323741,62.9485294117647,9.729658210947932
2023-02-12,74.10791366906474,56.463235294117645,8.82691503267974
2023-02-13,70.8936170212766,47.269503546099294,0.22778284182305625
2023-02-14,74.41958041958041,45.248226950354606,0.006460508701472557
2023-02-15,78.81751824817518,52.46268656716418,0.0010228187919463087
2023-02-16,81.48571428571428,60.27205882352941,0.006846361185983828
2023-02-17,82.29710144927536,60.713235294117645,0.42001082543978346
2023-02-18,76.62222222222222,53.3609022556391,1.1468894806924101
2023-02-19,77.4,54.4,0.05354785020804439
2023-02-20,80.42142857142858,56.90510948905109,0.01479611650485437
2023-02-21,82.23571428571428,62.19117647058823,0.014149456521739132
2023-02-22,83.93478260869566,62.613138686131386,0.008639455782312924
2023-02-23,85.02112676056338,64.95744680851064,0.014435723951285522
2023-02-24,85.34057971014492,64.92537313432835,0.015267759562841529
2023-02-25,85.0,63.57971014492754,0.010845730027548208
2023-02-26,84.73913043478261,60.86764705882353,0.0024389574759945127
2023-02-27,83.39568345323741,60.09558823529412,0.020500683994528045
2023-02-28,84.12676056338029,64.17142857142858,0.01266576819407008
2023-03-01,84.70422535211267,63.0,0.006477852348993288
2023-03-02,83.89928057553956,61.71428571428572,0.03162110960757781
2023-03-03,85.00709219858156,64.58450704225352,0.4319376693766937
2023-03-04,85.81751824817518,66.44852941176471,0.3524120054570259
2023-03-05,86.41428571428571,63.15107913669065,1.1714328358208956
2023-03-06,85.98601398601399,63.54929577464789,0.9530079999999999
2023-03-07,86.52777777777777,65.125,0.09658186738836265
2023-03-08,84.77304964539007,64.60714285714286,0.11418034993270523
2023-03-09,80.96402877697842,60.90070921985816,0.19770627503337784
2023-03-10,81.21739130434783,59.78260869565217,0.3183651226158038
2023-03-11,81.28057553956835,59.0072463768116,3.108333333333333
2023-03-12,82.56834532374101,56.60144927536232,0.7078227146814404
2023-03-13,81.82978723404256,60.87857142857143,12.20404743083004
2023-03-14,77.02797202797203,55.47552447552447,6.507768041237114
2023-03-15,71.64285714285714,51.06382978723404,0.14773819163292845
2023-03-16,73.91489361702128,48.070422535211264,0.3292086137281292
2023-03-17,78.80851063829788,53.50704225352113,0.3547603305785124
2023-03-18,79.8623188405797,56.78102189781022,3.5416358620689654
2023-03-19,73.72992700729927,52.1021897810219,3.8818349120433013
2023-03-20,67.7,46.84172661870504,1.868095497953615
2023-03-21,73.20289855072464,45.89928057553957,0.10341678129298489
2023-03-22,79.5072463768116,53.693430656934304,0.22866939890710378
2023-03-23,82.46376811594203,58.68888888888889,0.03008815426997245
2023-03-24,83.65957446808511,60.114285714285714,0.021860655737704918
2023-03-25,85.82978723404256,65.05755395683454,0.1029917808219178
2023-03-26,87.28260869565217,68.87591240875912,0.4732831241283123
2023-03-27,87.23239436619718,68.44680851063829,0.3777080491132333
2023-03-28,86.45323741007195,66.7080291970803,3.4616473755047106
2023-03-29,82.23021582733813,63.42446043165467,5.413606905710491
2023-03-30,80.82835820895522,60.11029411764706,2.1742677595628415
2023-03-31,82.76296296296296,61.776119402985074,1.248599447513812
2023-04-01,85.36029411764706,64.6470588235294,0.12665109890109888
2023-04-02,86.57664233576642,65.21323529411765,0.5418666666666666
2023-04-03,86.21985815602837,65.37588652482269,0.15459379217273952
2023-04-04,86.97857142857143,66.75,0.808243641231593
2023-04-05,87.48251748251748,67.94326241134752,0.08398661311914324
2023-04-06,87.53956834532374,69.48175182481752,0.1136952380952381
2023-04-07,86.78260869565217,67.9927536231884,0.5275116598079561
2023-04-08,84.8623188405797,65.70289855072464,1.6226639784946237
2023-04-09,79.19852941176471,62.54074074074074,4.32000790513834
2023-04-10,77.44852941176471,62.82142857142857,5.070799482535575
2023-04-11,78.00709219858156,63.369565217391305,8.1322661498708
2023-04-12,77.40458015267176,64.93129770992367,4.061265141318977
2023-04-13,81.55714285714286,66.51449275362319,13.254917197452228
2023-04-14,85.86619718309859,65.91428571428571,7.446640102827764
2023-04-15,87.17518248175182,64.85401459854015,1.6872857142857143
2023-04-16,87.23529411764706,66.76470588235294,5.112806924101198
2023-04-17,83.1304347826087,62.2043795620438,16.073337531486146
2023-04-18,81.04545454545455,54.74814814814815,5.664266318537858
2023-04-19,82.53333333333333,57.330827067669176,0.04012315930388219
2023-04-20,83.67883211678833,60.53731343283582,0.007561569688768606
2023-04-21,84.46268656716418,62.75,0.3526239782016348
2023-04-22,85.53284671532846,64.74264705882354,1.1842965986394558
2023-04-23,85.86666666666666,64.02290076335878,1.490362162162162
2023-04-24,82.98550724637681,65.4888888888889,1.0440323014804844
2023-04-25,83.38235294117646,65.28148148148148,8.23487959442332
2023-04-26,85.5111111111111,65.08888888888889,5.827213454075032
2023-04-27,85.24264705882354,66.06617647058823,5.273461139896373
2023-04-28,86.58518518518518,66.64661654135338,15.532321695760599
2023-04-29,86.50375939849624,68.71969696969697,2.1556990424076603
2023-04-30,83.81203007518798,67.96992481203007,12.640235294117646
2023-05-01,82.98561151079137,61.8014705882353,1.7269959839357427
2023-05-02,84.55882352941177,62.04444444444445,0.010786301369863013
2023-05-03,85.09285714285714,62.02158273381295,0.001040983606557377
2023-05-04,84.92700729927007,58.60294117647059,0.00623738062755798
2023-05-05,84.85,60.92028985507246,0.052815321477428186
2023-05-06,84.90579710144928,65.57664233576642,0.5916170798898072
2023-05-07,84.80147058823529,66.76119402985074,2.94089156626506
2023-05-08,85.08695652173913,63.52173913043478,0.37608839779005515
2023-05-09,86.83823529411765,65.77037037037037,1.382580027359781
2023-05-10,89.58992805755396,68.1094890510949,0.1862200825309491
2023-05-11,89.56115107913669,70.33823529411765,1.0603221476510067
2023-05-12,88.71532846715328,70.70676691729324,1.3084432432432431
2023-05-13,87.9037037037037,69.58518518518518,4.627498659517426
2023-05-14,88.03649635036497,68.68148148148148,2.4430560875512994
2023-05-15,88.52941176470588,68.31343283582089,1.0434785020804438
2023-05-16,88.55555555555556,68.60902255639098,1.8750455172413791
2023-05-17,88.85185185185185,70.23880597014926,2.5924453441295543
2023-05-18,89.21804511278195,68.53030303030303,4.852323014804845
2023-05-19,88.76470588235294,69.4776119402985,4.776077025232404
2023-05-20,89.21641791044776,70.53030303030303,3.801313269493844
2023-05-21,89.15328467153284,71.46666666666667,3.124443228454172
2023-05-22,88.54347826086956,71.55147058823529,8.074192105263156
2023-05-23,87.04411764705883,70.41176470588235,13.337108556832694
2023-05-24,85.38805970149254,69.22962962962963,13.103392947103274
2023-05-25,85.18439716312056,67.53956834532374,14.291082051282052
2023-05-26,83.88489208633094,67.4820143884892,8.32307732634338
2023-05-27,83.14285714285714,64.44202898550725,6.219079194630872
2023-05-28,84.86861313868613,63.82222222222222,0.16460335195530726
2023-05-29,86.42537313432835,65.45801526717557,0.451673640167364
2023-05-30,87.31884057971014,66.66666666666667,0.5108459383753501
2023-05-31,86.80714285714286,69.38686131386861,4.605658469945355
2023-06-01,86.3021582733813,71.15328467153284,10.293032092426186
2023-06-02,86.91428571428571,70.4,9.08840629095675
2023-06-03,86.98581560283688,69.77857142857142,7.877391188251001
2023-06-04,87.34074074074074,70.05970149253731,6.491744063324537
2023-06-05,86.87857142857143,69.5,5.430761904761905
2023-06-06,87.0,68.04964539007092,1.0951424766977362
2023-06-07,87.7872340425532,69.75886524822695,2.6961503355704695
2023-06-08,89.06521739130434,71.61313868613139,6.087023560209424
2023-06-09,90.07246376811594,72.18978102189782,3.9066340819022454
2023-06-10,89.822695035461,70.79285714285714,6.167563492063492
2023-06-11,89.91044776119404,72.18518518518519,5.433834224598931
2023-06-12,90.8581560283688,73.04255319148936,3.56409561752988
2023-06-13,92.31159420289856,73.60583941605839,2.769286486486486
2023-06-14,92.65,73.35714285714286,3.1361366120218577
2023-06-15,92.35,72.2,8.09475392670157
2023-06-16,91.49640287769785,73.1094890510949,18.419666666666668
2023-06-17,91.28467153284672,73.05072463768116,6.198688085676038
2023-06-18,89.65441176470588,71.55147058823529,22.089827541827542
2023-06-19,90.56521739130434,72.83088235294117,6.954344827586206
2023-06-20,90.6099290780142,72.0,14.209797139141742
2023-06-21,88.5774647887324,71.26573426573427,15.40377606177606
2023-06-22,88.6993006993007,71.47887323943662,15.333596354166664
2023-06-23,90.2836879432624,73.74468085106383,16.145290575916228
2023-06-24,91.3970588235294,73.38518518518518,9.197473684210525
2023-06-25,91.50375939849624,72.81203007518798,8.062529014844804
2023-06-26,91.79856115107914,73.23741007194245,5.544516304347826
2023-06-27,93.14893617021276,75.34751773049645,1.1473793103448275
2023-06-28,94.06428571428572,76.33093525179856,1.3003961485557083
2023-06-29,93.80575539568343,75.00719424460432,5.242708222811671
2023-06-30,93.11678832116787,74.47445255474453,2.3785859697386518
2023-07-01,92.8273381294964,74.4820143884892,1.7698748261474269
2023-07-02,93.136690647482,75.34057971014492,2.531509749303621
2023-07-03,94.01438848920864,75.96402877697842,1.9487270233196157
2023-07-04,94.3956834532374,76.38848920863309,3.569637583892617
2023-07-05,94.2836879432624,77.19285714285714,2.762722598105548
2023-07-06,93.95744680851064,76.42446043165468,4.618090066225165
2023-07-07,93.68571428571428,76.54676258992805,6.018416998671978
2023-07-08,92.75352112676056,75.83687943262412,9.499465608465608
2023-07-09,92.44202898550724,76.35036496350365,7.133588313413013
2023-07-10,92.53521126760565,76.56737588652483,6.589792633015005
2023-07-11,92.26428571428572,76.36690647482014,10.36451948051948
2023-07-12,92.70833333333331,76.79432624113475,4.569610215053763
2023-07-13,92.66206896551724,76.46206896551725,4.381078353253652
2023-07-14,92.0,75.92198581560284,9.972523809523809
2023-07-15,92.43571428571428,75.97142857142858,9.270657681940701
2023-07-16,93.125,76.44525547445255,6.542548387096775
2023-07-17,92.5944055944056,76.08391608391608,11.935333333333332
2023-07-18,92.42857142857144,75.65942028985508,9.330812903225805
2023-07-19,93.25874125874124,75.62411347517731,6.415776892430278
2023-07-20,94.02941176470588,76.42962962962963,4.4708766756032166
2023-07-21,94.7605633802817,77.70714285714286,2.145233062330623
2023-07-22,95.17391304347828,76.3529411764706,1.5724322033898304
2023-07-23,93.25,76.15037593984962,6.967548299319728
2023-07-24,93.18439716312056,76.0354609929078,7.00489156626506
2023-07-25,93.72661870503596,75.25547445255475,4.866393530997304
2023-07-26,92.8169014084507,74.71631205673759,5.145015915119362
2023-07-27,91.443661971831,74.67857142857143,5.742398914518317
2023-07-28,90.62676056338027,75.43971631205673,9.273065040650406
2023-07-29,92.03597122302158,75.87591240875912,11.037703504043126
2023-07-30,94.57246376811594,76.46715328467154,5.098365620736698
2023-07-31,93.92361111111111,74.77622377622377,8.137193029490616
2023-08-01,93.57042253521126,74.0709219858156,9.54295287958115
2023-08-02,93.22535211267606,75.11347517730496,6.44647277556441
2023-08-03,92.62589928057554,75.84782608695652,5.381123684210525
2023-08-04,93.0,76.15,5.4902547425474255
2023-08-05,92.6808510638298,76.38848920863309,6.024254350736277
2023-08-06,93.56521739130434,77.04379562043796,7.059055408970976
2023-08-07,95.52816901408453,78.42657342657343,2.3703210884353743
2023-08-08,96.52112676056338,79.21126760563381,1.4716958277254373
2023-08-09,96.33333333333331,78.5,1.3559117647058823
2023-08-10,96.2167832167832,78.6830985915493,1.8304821192052978
2023-08-11,96.29861111111111,78.08510638297872,3.1325534759358287
2023-08-12,96.35211267605634,78.26760563380282,2.2315227882037534
2023-08-13,95.5179856115108,78.09352517985612,3.8659946879150064
2023-08-14,95.25714285714284,78.02857142857142,4.264758344459279
2023-08-15,95.04929577464787,77.28571428571429,7.398321336760925
2023-08-16,93.90140845070422,76.07801418439716,6.3766502590673575
2023-08-17,92.84172661870504,75.23913043478261,12.92225
2023-08-18,92.75886524822695,74.95,10.832123076923075
2023-08-19,93.08695652173913,75.1304347826087,6.351675461741425
2023-08-20,91.77777777777776,75.88805970149254,3.804537634408602
2023-08-21,92.26811594202898,76.92028985507247,4.9423890339425585
2023-08-22,93.2887323943662,76.47183098591549,0.9621519999999999
2023-08-23,93.69285714285714,76.3840579710145,0.5472080536912751
2023-08-24,92.88571428571429,76.71014492753623,2.0250183246073297
2023-08-25,93.1338028169014,74.75886524822695,1.5594101876675601
2023-08-26,93.82014388489208,75.2536231884058,1.165821673525377
2023-08-27,93.65441176470588,75.66176470588235,1.7629559228650136
2023-08-28,92.93525179856115,76.92086330935251,3.8201061007957557
2023-08-29,92.02173913043478,76.48175182481752,7.3044656796769845
2023-08-30,90.14925373134328,77.18939393939394,28.688073107049608
2023-08-31,91.05970149253731,77.19402985074628,13.092484042553192
2023-09-01,91.46323529411764,76.32846715328468,9.642654402102496
2023-09-02,89.93382352941177,75.30147058823529,13.288618857901726
2023-09-03,89.26470588235294,73.7925925925926,2.225740689655172
2023-09-04,89.91240875912409,73.04379562043796,0.9025698630136986
2023-09-05,90.62773722627738,72.17037037037036,0.238499306518724
2023-09-06,91.71830985915491,72.63120567375887,0.10228648648648649
2023-09-07,92.35915492957749,73.41134751773049,0.2119515477792732
2023-09-08,90.7536231884058,72.57246376811594,3.1530916442048516
2023-09-09,90.2919708029197,71.15328467153284,10.808420103092782
2023-09-10,91.32116788321169,73.08759124087591,1.7326918918918919
2023-09-11,92.45323741007196,74.21014492753623,1.5816798905608753
2023-09-12,92.49640287769785,74.18115942028986,6.918803088803089
2023-09-13,92.38129496402878,74.8273381294964,3.3433253968253966
2023-09-14,92.28776978417268,74.94964028776978,3.5460994623655915
2023-09-15,91.6099290780142,74.65714285714286,5.066096128170893
2023-09-16,90.7841726618705,75.09420289855072,7.245491480996067
2023-09-17,91.0,75.00735294117646,5.6327207702888575
2023-09-18,91.02857142857142,73.17142857142858,3.864042553191489
2023-09-19,89.46808510638297,70.77857142857142,3.457809395973154
2023-09-20,88.86131386861314,71.48905109489051,6.079111702127658
2023-09-21,89.61428571428571,71.54676258992805,11.143287878787877
2023-09-22,88.63703703703703,70.24817518248175,6.221690721649485
2023-09-23,87.42335766423358,67.21739130434783,1.5166730769230767
2023-09-24,88.32608695652173,67.43478260869566,2.0902155525238744
2023-09-25,89.8529411764706,68.92700729927007,4.981297082228116
2023-09-26,88.80575539568345,72.71014492753623,8.692480304955525
2023-09-27,86.66906474820144,74.01438848920863,15.280511392405062
2023-09-28,85.68115942028986,73.00729927007299,11.891758974358975
2023-09-29,87.16788321167883,72.76811594202898,3.912
2023-09-30,88.5925925925926,73.8970588235294,10.315917443408788
2023-10-01,87.5,73.60144927536231,15.125038718291055
2023-10-02,86.97183098591549,71.65734265734265,12.917997399219766
2023-10-03,86.84558823529412,70.98550724637681,2.059071052631579
2023-10-04,87.44604316546763,71.12949640287769,1.0342393617021277
2023-10-05,88.38297872340425,71.87234042553192,1.4529747003994673
2023-10-06,88.40425531914893,72.68115942028986,0.40422963951935914
2023-10-07,87.6978417266187,71.25,0.5323561643835617
2023-10-08,83.72992700729927,65.59420289855072,1.711250345781466
2023-10-09,81.01449275362319,62.32857142857143,0.42851700680272115
2023-10-10,83.35036496350365,62.78102189781022,0.3056840696117804
2023-10-11,84.20138888888889,68.87412587412588,1.5706180836707153
2023-10-12,85.29655172413793,73.36551724137931,27.498546125461253
2023-10-13,86.6993006993007,75.32867132867133,13.510183417085427
2023-10-14,85.77304964539007,72.54929577464789,2.0989158620689654
2023-10-15,82.22857142857143,66.64748201438849,1.7384888888888888
2023-10-16,77.44055944055944,59.82394366197183,0.08512432432432432
2023-10-17,73.53472222222223,53.63448275862069,0.04393513513513513
2023-10-18,76.51388888888889,53.67132867132867,0.011028493894165535
2023-10-19,80.62328767123287,58.06896551724138,0.09180722891566265
2023-10-20,82.80281690140845,61.66906474820144,0.09366890982503366
2023-10-21,84.17605633802818,62.46099290780142,0.11864697986577181
2023-10-22,84.92857142857143,60.3768115942029,0.0038698060941828255
2023-10-23,85.1875,61.014084507042256,0.002065040650406504
2023-10-24,84.5944055944056,65.32142857142857,0.07548594377510039
2023-10-25,83.90780141843972,66.97887323943662,0.07066935483870966
2023-10-26,84.52739726027397,68.01388888888889,0.28308655126498
2023-10-27,84.82517482517483,67.41958041958041,0.1581509433962264
2023-10-28,85.13571428571429,67.27338129496403,0.05176630434782608
2023-10-29,85.15,67.23741007194245,0.058272604588394054
2023-10-30,85.83333333333333,66.30985915492958,0.1978236092265943
2023-10-31,84.2394366197183,65.3986013986014,0.01711590296495957
2023-11-01,78.38888888888889,59.15972222222222,0.019024967148488833
2023-11-02,76.31944444444444,55.29166666666666,0.5942450066577896
2023-11-03,78.54166666666667,59.09090909090909,0.46938401048492784
2023-11-04,79.92198581560284,61.07913669064748,0.5600852197070572
2023-11-05,80.45070422535211,57.47517730496454,0.1953054054054054
2023-11-06,81.29861111111111,53.58450704225352,0.001343915343915344
2023-11-07,82.44897959183673,56.93197278911565,0.02702127659574468
2023-11-08,83.10344827586206,58.59027777777778,0.01610568031704095
2023-11-09,83.23239436619718,61.39716312056738,0.10112010796221323
2023-11-10,85.14598540145985,65.3695652173913,0.3815141700404858
2023-11-11,85.60431654676259,68.15602836879432,1.218787550744249
2023-11-12,82.35,67.37857142857143,2.482076015727392
2023-11-13,78.43448275862069,66.24827586206897,1.1317595772787317
2023-11-14,76.77622377622377,66.45454545454545,3.9328712613784136
2023-11-15,74.43055555555556,66.31468531468532,16.11593804213135
2023-11-16,75.3169014084507,65.59859154929578,28.758761548064918
2023-11-17,77.04964539007092,66.35460992907801,33.94351959544879
2023-11-18,78.83453237410072,65.14388489208633,2.603913950456323
2023-11-19,78.90845070422536,59.97872340425532,0.05487228260869566
2023-11-20,80.8896551724138,60.18055555555556,0.10376616231086659
2023-11-21,81.36363636363636,66.06338028169014,0.6125679347826086
2023-11-22,79.60416666666667,63.06993006993007,2.0019118457300276
2023-11-23,74.76923076923077,56.14685314685315,1.1292749658002734
2023-11-24,70.61151079136691,57.57971014492754,0.7050314285714285
2023-11-25,74.57777777777778,58.34814814814815,1.274014367816092
2023-11-26,76.20588235294117,63.35074626865672,4.037467966573816
2023-11-27,73.34507042253522,58.08450704225352,10.163400267737615
2023-11-28,67.26760563380282,49.44055944055944,0.04187193460490463
2023-11-29,65.92857142857143,45.02112676056338,0.0041189189189189184
2023-11-30,71.51408450704226,46.48251748251748,0.002791208791208791
2023-12-01,78.98601398601399,56.68571428571428,0.26688651535380503
2023-12-02,81.36363636363636,66.36879432624113,6.196121693121692
2023-12-03,81.39716312056737,68.15942028985508,14.753138705416115
2023-12-04,80.54482758620689,63.317241379310346,1.691053846153846
2023-12-05,76.54109589041096,55.8013698630137,0.03362254259501966
2023-12-06,70.11111111111111,50.3448275862069,0.004709933774834437
2023-12-07,68.2605633802817,45.3013698630137,0.00033957219251336897
2023-12-08,73.13888888888889,51.92361111111112,0.022262948207171313
2023-12-09,78.82978723404256,60.1294964028777,0.5124742547425474
2023-12-10,79.90647482014388,61.02205882352941,4.060914979757085
2023-12-11,72.12676056338029,50.5531914893617,10.552313676286072
2023-12-12,68.29710144927536,47.92253521126761,0.02223342175066313
2023-12-13,70.79020979020979,55.36879432624114,0.3085480895915679
2023-12-14,71.44444444444444,59.63636363636363,1.6668959156785244
2023-12-15,71.46808510638297,60.43884892086331,1.9996175298804781
2023-12-16,70.14285714285714,62.46762589928058,5.117756756756757
2023-12-17,72.02158273381295,60.7956204379562,67.26191262135923
2023-12-18,70.13698630136986,52.44755244755245,1.6207296937416775
2023-12-19,65.3125,45.63448275862069,0.010583333333333332
2023-12-20,65.02739726027397,46.26206896551725,0.00207912687585266
2023-12-21,69.02068965517242,52.317241379310346,0.015852981969486823
2023-12-22,71.43262411347517,54.312056737588655,0.12734890109890107
2023-12-23,73.822695035461,55.91428571428571,1.025538247566064
2023-12-24,73.92857142857143,57.92805755395683,0.8135257142857144
2023-12-25,73.28260869565217,63.20740740740741,3.7086853932584263
2023-12-26,73.62589928057554,61.77941176470589,8.671258760107817
2023-12-27,72.46762589928058,57.72262773722628,0.3799145299145299
2023-12-28,68.37323943661971,54.06428571428572,4.539035519125683
2023-12-29,63.91176470588236,48.1726618705036,3.96350135501355
2023-12-30,62.97080291970803,44.41304347826087,0.12824335664335662
2023-12-31,65.42857142857143,42.48333333333333,0.009474892395982783
2024-01-01,69.61428571428571,44.55797101449275,0.013532786885245902
2024-01-02,67.04166666666667,45.11888111888112,0.005858887381275441
2024-01-03,65.65714285714286,44.864285714285714,0.3190404312668464
2024-01-04,68.03496503496504,47.77622377622377,3.452163522012578
2024-01-05,70.87412587412588,47.95774647887324,0.49595392953929535
2024-01-06,75.14084507042253,58.30714285714286,11.869090432503276
2024-01-07,70.23404255319149,54.32142857142857,11.598888304862022
2024-01-08,68.13194444444444,50.90344827586207,1.29015873015873
2024-01-09,74.81428571428572,57.71942446043165,6.142815686274509
2024-01-10,70.4421768707483,50.68493150684932,15.47853913043478
2024-01-11,65.76388888888889,48.99300699300699,0.6001173333333333
2024-01-12,74.2551724137931,54.91724137931035,2.9776262886597937
2024-01-13,76.19858156028369,56.03623188405797,5.285681233933161
2024-01-14,67.18840579710145,50.38405797101449,1.8682414266117968
2024-01-15,71.28571428571429,52.212765957446805,2.3517890520694253
2024-01-16,73.83916083916084,54.680851063829785,10.742842242503258
2024-01-17,66.26712328767124,44.39041095890411,5.833356020942409
2024-01-18,66.85211267605634,47.14893617021277,0.33218057455540356
2024-01-19,71.63888888888889,53.6013986013986,2.451311938382542
2024-01-20,65.22695035460993,45.43971631205674,0.6985861601085481
2024-01-21,60.2589928057554,39.03597122302158,0.028338842975206606
2024-01-22,66.67375886524823,45.29577464788732,0.010611859838274932
2024-01-23,72.53191489361703,57.61702127659574,0.14304569892473118
2024-01-24,77.39160839160839,64.29577464788733,0.1628031914893617
2024-01-25,79.76223776223776,65.69014084507042,0.9173723404255318
2024-01-26,80.11428571428571,65.28057553956835,3.002739361702128
2024-01-27,80.73188405797102,64.37226277372262,0.7467322404371584
2024-01-28,76.83088235294117,58.47058823529412,3.2777281292059213
2024-01-29,68.4,47.79432624113476,0.35615977961432504
2024-01-30,66.1958041958042,43.59722222222222,0.011164835164835164
2024-01-31,69.84397163120568,45.68794326241135,0.004877914951989026
2024-02-01,69.38461538461539,44.38461538461539,0.00034699453551912567
2024-02-02,70.9020979020979,47.92253521126761,0.0006968449931412894
2024-02-03,73.41007194244604,46.54347826086956,0.002826147426981919
2024-02-04,71.8695652173913,52.96376811594203,2.8045691275167783
2024-02-05,68.31944444444444,51.7872340425532,10.281029224904701
2024-02-06,67.78169014084507,50.57746478873239,2.8623453815261044
2024-02-07,67.8896551724138,47.248275862068965,0.03288705234159779
2024-02-08,71.65492957746478,49.01418439716312,0.003542538354253835
2024-02-09,74.50694444444444,53.78321678321678,0.16631780821917808
2024-02-10,76.83098591549296,57.91549295774648,0.18743448275862068
2024-02-11,79.22535211267606,62.37857142857143,0.7121891515994436
2024-02-12,80.3972602739726,63.65034965034965,2.2406305818673884
2024-02-13,75.88888888888889,56.31944444444444,4.0813703225806455
2024-02-14,71.9090909090909,47.020833333333336,0.04088949522510232
2024-02-15,73.77241379310345,51.60416666666666,0.010367346938775508
2024-02-16,74.87234042553192,55.471014492753625,0.010316526610644259
2024-02-17,73.27777777777777,56.563380281690144,2.140100139082058
2024-02-18,65.95714285714286,54.302158273381295,24.32995744680851
2024-02-19,65.27659574468085,48.82394366197183,24.519624500665778
2024-02-20,67.48920863309353,43.41726618705036,0.47981643835616444
2024-02-21,69.13986013986013,44.11267605633803,0.004945757997218359
2024-02-22,72.0,45.13380281690141,0.002107883817427386
2024-02-23,75.68571428571428,50.07913669064748,0.6841442441054091
2024-02-24,75.34751773049645,52.17857142857143,3.4431111111111115
2024-02-25,73.81481481481481,47.54814814814815,0.03888483146067416
2024-02-26,74.7062937062937,46.645833333333336,0.021691460055096416
2024-02-27,77.0,51.95804195804196,0.009472375690607736
2024-02-28,80.13013698630137,57.47916666666666,0.0006987620357634112
2024-02-29,78.6993006993007,58.673758865248224,0.13790581717451522
2024-03-01,77.3076923076923,61.50354609929078,0.8979092159559834
2024-03-02,78.86330935251799,63.97080291970803,1.8782814207650274
2024-03-03,79.91240875912409,64.08823529411765,4.235286295793758
2024-03-04,79.93793103448276,63.10489510489511,6.173231979030144
2024-03-05,79.09154929577464,64.69503546099291,2.7259890710382515
2024-03-06,79.73239436619718,65.21985815602837,9.933685678073509
2024-03-07,80.43571428571428,62.31428571428572,1.6602926829268292
2024-03-08,81.5104895104895,63.52447552447553,1.471448275862069
2024-03-09,83.37142857142857,68.46043165467626,3.305974395448079
2024-03-10,80.51063829787235,62.78417266187051,9.722184210526315
2024-03-11,76.45774647887323,53.3125,0.26705277777777775
2024-03-12,76.74825174825175,52.514084507042256,0.007696969696969695
2024-03-13,79.3103448275862,56.220689655172414,0.0014130737134909596
2024-03-14,81.8,59.765517241379314,0.02231799163179916
2024-03-15,83.87586206896552,62.25,0.09551532033426184
2024-03-16,84.09219858156028,64.77142857142857,0.6653578500707213
2024-03-17,83.74468085106383,65.25352112676056,0.35006876790830943
2024-03-18,83.02739726027397,65.08219178082192,2.299758333333333
2024-03-19,76.13013698630137,53.04861111111112,2.9937150395778365
2024-03-20,73.50354609929079,48.78169014084507,0.029715877437325906
2024-03-21,77.9795918367347,52.14383561643836,0.030551048951048952
2024-03-22,75.68243243243244,59.8445945945946,9.471945169712791
2024-03-23,76.91666666666667,62.317241379310346,17.03202053915276
2024-03-24,77.85211267605634,58.4468085106383,3.5601810699588476
2024-03-25,78.7394366197183,60.40277777777778,0.17625952045133988
2024-03-26,80.57042253521126,64.32167832167832,0.363361111111111
2024-03-27,81.1958041958042,66.49285714285715,5.06984
2024-03-28,80.29251700680273,63.156462585034014,8.682242744063325
2024-03-29,78.51388888888889,54.53472222222222,1.600782726045884
2024-03-30,78.74647887323944,53.96478873239437,0.0028340306834030685
2024-03-31,80.12949640287769,56.13669064748201,0.0010793201133144476
2024-04-01,81.43971631205673,59.67625899280576,0.004541953232462173
2024-04-02,83.25170068027211,63.84027777777778,0.0178970189701897
2024-04-03,83.21088435374149,64.85034013605443,2.410951612903226
2024-04-04,79.03472222222223,58.34265734265734,16.893539999999998
2024-04-05,77.3169014084507,53.74647887323944,0.07431593406593405
2024-04-06,77.2605633802817,54.232394366197184,0.0007154929577464789
2024-04-07,77.83916083916084,53.570422535211264,0.015852482269503546
2024-04-08,78.56643356643356,57.19580419580419,0.004624649859943977
2024-04-09,79.60416666666667,61.513888888888886,0.0
2024-04-10,81.61904761904762,64.89655172413794,1.1778282548476455
2024-04-11,82.45945945945945,67.1360544217687,17.388016216216215
2024-04-12,81.41891891891892,60.054054054054056,10.471697127937336
2024-04-13,80.34507042253522,54.78169014084507,0.006740223463687151
2024-04-14,81.37588652482269,54.290780141843975,0.0
2024-04-15,82.5958904109589,56.58620689655172,0.0034842249657064473
2024-04-16,83.45517241379311,58.96527777777778,0.001389876880984952
2024-04-17,83.87074829931973,62.5448275862069,0.0
2024-04-18,84.33561643835617,63.61111111111112,0.0
2024-04-19,86.09219858156028,64.99295774647888,0.00034794520547945203
2024-04-20,87.30496453900709,65.94366197183099,0.012508891928864568
2024-04-21,85.57042253521126,65.63120567375887,0.26707093184979136
2024-04-22,81.93243243243244,61.58783783783784,2.479367741935484
2024-04-23,78.82394366197182,56.40689655172414,0.9084075067024128
2024-04-24,80.29054054054055,56.42567567567568,0.0003441734417344173
2024-04-25,82.81118881118881,58.96503496503497,0.00035131396957123094
2024-04-26,84.33333333333333,61.44755244755245,0.0017517241379310345
2024-04-27,83.58333333333333,65.32167832167832,0.08736754507628293
2024-04-28,82.98561151079137,66.28368794326241,0.38857420249653263
2024-04-29,83.73972602739725,64.41780821917808,0.17912947658402203
2024-04-30,84.25694444444444,65.74305555555556,2.7003482993197276
2024-05-01,85.96527777777777,66.27586206896552,5.806637215528782
2024-05-02,87.51408450704226,67.6056338028169,1.0065276243093921
2024-05-03,87.70547945205479,67.99310344827586,1.0219806094182826
2024-05-04,87.13103448275862,68.89655172413794,0.38259860139860136
2024-05-05,87.56164383561644,69.67808219178082,1.6801221166892808
2024-05-06,87.87074829931973,69.66666666666667,1.632606896551724
2024-05-07,88.43243243243244,70.00675675675676,0.2116077885952712
2024-05-08,89.98657718120805,71.16107382550335,0.035581137309292646
2024-05-09,91.14285714285714,72.64625850340136,0.028579465541490857
2024-05-10,90.43624161073824,71.45270270270271,3.252758716875872
2024-05-11,89.91724137931034,70.26027397260275,6.122024590163934
2024-05-12,88.1118881118881,66.52777777777777,0.19348930099857345
2024-05-13,86.38775510204081,69.27210884353741,1.4226149506346968
2024-05-14,88.26351351351352,72.98620689655172,17.941636363636363
2024-05-15,89.5,73.83673469387755,7.9751925133689845
2024-05-16,90.02721088435374,72.71232876712328,5.0769761904761905
2024-05-17,90.71724137931037,71.58620689655173,2.741675306957708
2024-05-18,90.47222222222224,73.37062937062937,7.976859504132231
2024-05-19,91.59859154929578,73.92957746478874,6.701611570247934
2024-05-20,89.68055555555556,70.74657534246575,4.037001398601398
2024-05-21,88.48965517241379,68.0958904109589,2.1918601398601396
2024-05-22,89.02721088435374,70.01360544217687,0.7355416666666666
2024-05-23,89.93617021276596,69.92198581560284,0.1516096181046676
2024-05-24,90.6153846153846,70.16901408450704,0.008696148359486448
2024-05-25,92.1888111888112,72.54225352112677,0.10519191919191918
2024-05-26,92.80851063829788,72.00714285714285,1.9468502139800286
2024-05-27,93.33098591549296,72.46808510638297,0.016398852223816356
2024-05-28,94.01379310344828,74.06993006993007,1.2742392211404727
2024-05-29,94.05035971223022,72.83941605839416,2.6118349120433018
2024-05-30,93.625,70.52112676056338,0.4651910112359551
2024-05-31,92.16312056737588,70.41428571428571,0.8746875891583452
2024-06-01,88.81560283687944,71.04255319148936,5.6797122708039485
2024-06-02,88.21527777777777,70.96503496503496,2.7958065433854906
2024-06-03,89.01408450704226,70.47517730496453,2.765225174825175
2024-06-04,90.31506849315068,70.70547945205479,3.0174644808743163
2024-06-05,91.74149659863946,72.20547945205479,0.205585635359116
2024-06-06,93.19444444444444,74.40972222222223,1.1661232492997198
2024-06-07,94.41216216216216,73.72602739726027,4.19014535666218
2024-06-08,94.0896551724138,73.84027777777777,2.0895027777777777
2024-06-09,94.3986013986014,74.1048951048951,2.566436005625879
2024-06-10,94.38095238095238,74.75510204081633,1.2826473029045642
2024-06-11,91.12,74.93288590604027,11.92590476190476
2024-06-12,88.73648648648648,73.9795918367347,32.74237961783439
2024-06-13,89.61073825503355,74.36734693877551,31.7668671875
2024-06-14,90.47945205479452,74.07534246575342,11.385079323797138
2024-06-15,91.02758620689656,74.05479452054794,4.938129205921937
2024-06-16,91.57638888888889,74.68531468531468,5.9907665317139
2024-06-17,91.25342465753424,75.83333333333333,4.85291847826087
2024-06-18,90.27972027972028,75.28472222222223,0.6883152022315201
2024-06-19,89.15,75.82142857142857,2.0118743169398905
2024-06-20,89.77931034482759,74.44137931034483,5.244392572944297
2024-06-21,90.68055555555556,73.85211267605634,3.3956885245901636
2024-06-22,92.39041095890413,74.28275862068965,6.06139606741573
2024-06-23,91.5625,74.64583333333333,9.052180055401662
2024-06-24,92.0748299319728,74.7687074829932,6.862163934426229
2024-06-25,92.26027397260276,75.54794520547945,8.813185483870965
2024-06-26,92.32191780821918,76.30344827586207,6.370666666666666
2024-06-27,91.75510204081633,76.25850340136054,6.451259060402684
2024-06-28,91.9251700680272,76.14285714285714,7.483177747625509
2024-06-29,91.96428571428572,75.69064748201438,12.494898395721924
2024-06-30,91.0709219858156,74.84782608695652,9.561285714285715
2024-07-01,91.08724832214764,74.60810810810811,13.219560468140442
2024-07-02,92.013698630137,76.57931034482759,4.840072972972973
2024-07-03,92.94444444444444,77.13286713286713,6.0756108843537415
2024-07-04,93.4375,77.51408450704226,5.564814713896458
2024-07-05,93.43356643356644,77.34507042253522,4.6014853146853145
2024-07-06,92.8896551724138,76.5944055944056,7.286822068965518
2024-07-07,93.52413793103447,77.94405594405595,1.9188316831683168
2024-07-08,94.32432432432432,78.07482993197279,3.7877130919220052
2024-07-09,93.2721088435374,77.5,11.092447368421052
2024-07-10,92.38926174496645,77.08843537414965,6.648203480589022
2024-07-11,91.01379310344828,76.06293706293707,4.823254054054054
2024-07-12,91.64625850340136,74.86986301369863,4.689674232309746
2024-07-13,93.25694444444444,75.6993006993007,2.6281006993006994
2024-07-14,93.43055555555556,75.97183098591549,4.471896213183731
2024-07-15,93.17687074829932,76.06849315068493,7.974227027027026
2024-07-16,92.47619047619048,76.26712328767124,4.487786096256684
2024-07-17,92.3061224489796,75.98620689655172,7.219655629139073
2024-07-18,92.58333333333331,75.85416666666667,5.842
2024-07-19,92.84137931034483,76.26206896551724,5.062833103448275
2024-07-20,92.83098591549296,76.40425531914893,6.8463259052924785
2024-07-21,92.72727272727272,76.33098591549296,10.201986338797813
2024-07-22,92.4,75.83108108108108,6.966354570637119
2024-07-23,92.54929577464787,75.79285714285714,7.700027397260274
2024-07-24,92.45774647887325,76.90070921985816,7.97957624831309
2024-07-25,92.56338028169014,77.18439716312056,8.056323287671232
2024-07-26,92.6896551724138,76.33333333333333,7.104238888888887
2024-07-27,92.69565217391305,76.08029197080292,5.542566197183098
2024-07-28,92.59285714285714,76.43884892086331,9.103388499298736
2024-07-29,92.23287671232876,75.82068965517242,10.662101092896174
2024-07-30,92.36363636363636,75.53521126760563,6.347923705722071
2024-07-31,93.12587412587412,76.53521126760563,7.033609164420485
2024-08-01,93.53472222222224,77.20979020979021,3.8586456908344733
2024-08-02,93.57534246575342,76.86206896551724,5.1369783783783785
2024-08-03,91.73793103448276,75.74305555555556,7.022048846675712
2024-08-04,89.13194444444444,75.51748251748252,14.977194666666666
2024-08-05,88.36619718309859,76.54225352112677,66.31047211413748
2024-08-06,90.06896551724138,77.41095890410959,24.395043478260867
2024-08-07,92.75342465753424,78.3972602739726,3.0950993377483442
2024-08-08,93.73972602739724,79.02739726027397,2.878101468624833
2024-08-09,93.73103448275862,77.92413793103448,2.8749754768392366
2024-08-10,93.52447552447552,77.73611111111111,3.9463433242506816
2024-08-11,93.5625,77.22916666666667,4.2467138964577655
2024-08-12,94.07432432432432,76.39864864864865,7.376035422343324
2024-08-13,94.1338028169014,77.19148936170212,2.468016194331984
2024-08-14,94.55172413793105,77.74825174825175,1.7804797768479774
2024-08-15,93.71917808219176,77.48251748251748,3.4510413223140493
2024-08-16,91.63636363636364,75.9645390070922,6.320384087791495
2024-08-17,91.24305555555556,73.68531468531468,1.895954415954416
2024-08-18,92.4195804195804,74.04929577464789,0.8002091690544412
2024-08-19,92.58219178082192,75.54794520547945,2.438543909348442
2024-08-20,93.32876712328768,76.51034482758621,2.972740740740741
2024-08-21,92.63333333333334,74.95302013422818,6.355780455153949
2024-08-22,90.19014084507042,74.38461538461539,10.870053120849933
2024-08-23,90.15972222222224,73.70138888888889,12.072606770833334
2024-08-24,90.41549295774648,74.02097902097903,9.828905149051488
2024-08-25,90.7163120567376,75.02112676056338,4.068239221140472
2024-08-26,91.53103448275864,75.75,5.658175202156333
2024-08-27,92.45138888888889,76.58333333333333,9.70814380825566
2024-08-28,92.47586206896553,76.32413793103449,4.226040376850605
2024-08-29,91.4375,75.0625,9.725623188405796
2024-08-30,90.95804195804196,74.81118881118881,8.496831309041836
2024-08-31,91.0,75.42335766423358,4.090361851332398
2024-09-01,90.69852941176472,75.34558823529412,4.56517397454031
2024-09-02,91.19858156028369,75.57553956834532,9.964215552523873
2024-09-03,91.61643835616438,75.65068493150685,9.537279470198676
2024-09-04,90.61643835616438,76.18620689655172,13.232569934640521
2024-09-05,90.4,76.40689655172413,21.41351948051948
2024-09-06,89.31468531468532,76.45454545454545,14.431968709256845
2024-09-07,89.177304964539,76.21428571428571,8.834458666666666
2024-09-08,89.32867132867133,76.40425531914893,5.906351206434316
2024-09-09,89.01369863013699,76.25342465753425,10.770945695364238
2024-09-10,88.62937062937063,75.78873239436619,14.795167539267014
2024-09-11,88.0979020979021,75.95774647887323,10.148018867924527
2024-09-12,88.43356643356644,76.45774647887323,17.167997297297298
2024-09-13,89.12056737588652,76.60714285714286,9.64189574759945
2024-09-14,90.0,76.41791044776119,7.3800525587828485
2024-09-15,89.15328467153284,75.85401459854015,10.475334242837652
2024-09-16,88.5179856115108,75.09352517985612,4.156140689655173
2024-09-17,89.09285714285714,73.92857142857143,2.6649123287671235
2024-09-18,90.29078014184395,73.57857142857142,3.017645604395604
2024-09-19,90.82978723404256,73.57446808510639,8.601611260053618
2024-09-20,90.55714285714286,72.95714285714286,5.920073770491804
2024-09-21,90.40287769784172,73.59420289855072,1.387064011379801
2024-09-22,90.55797101449276,72.76086956521739,1.1913982808022923
2024-09-23,90.97872340425532,73.59574468085107,1.3865495118549511
2024-09-24,91.07857142857142,74.32142857142857,0.6674555555555555
2024-09-25,89.43262411347517,74.87142857142857,3.792181568088033
2024-09-26,87.26119402985074,76.07518796992481,19.087343046357613
2024-09-27,88.48148148148148,76.4888888888889,23.477728
2024-09-28,89.32592592592593,76.08888888888889,2.8933598862019916
2024-09-29,90.66911764705884,75.94852941176471,4.610691114245415
2024-09-30,91.23741007194243,75.1726618705036,3.2934979079497904
2024-10-01,90.8344827586207,75.73793103448276,4.927120107962214
2024-10-02,90.578231292517,73.95918367346938,4.97908187919463
2024-10-03,90.25874125874124,74.05594405594405,6.151367847411444
2024-10-04,88.79729729729729,75.04054054054055,6.521649794801641
2024-10-05,87.86896551724138,75.0551724137931,5.98709217877095
2024-10-06,83.72222222222223,73.45138888888889,9.762181081081081
2024-10-07,82.06206896551724,71.75675675675676,27.041078125000002
2024-10-08,83.52380952380952,71.70068027210884,8.821066844919784
2024-10-09,83.22068965517241,72.37931034482759,17.758238764044943
2024-10-10,82.62222222222222,69.41044776119404,93.26454261363635
2024-10-11,82.53237410071942,67.06293706293707,3.295266568483063
2024-10-12,83.15492957746478,65.98591549295774,3.0498352601156067
2024-10-13,84.5958904109589,66.1027397260274,3.3366695402298845
2024-10-14,86.46153846153847,66.6830985915493,0.3239684361549498
2024-10-15,85.54729729729729,65.3489932885906,0.259343618513324
2024-10-16,80.79729729729729,62.48993288590604,0.12488333333333332
2024-10-17,76.39455782312925,57.68707482993197,0.07823480662983424
2024-10-18,77.72222222222223,60.201388888888886,0.10181284916201117
2024-10-19,81.06164383561644,65.18620689655172,0.5312535211267605
2024-10-20,82.73793103448276,65.19310344827586,0.3460705218617771
2024-10-21,83.5503355704698,64.84137931034483,1.8885850340136052
2024-10-22,84.77852348993288,67.18367346938776,1.6034389261744966
2024-10-23,85.25,67.57142857142857,0.41003856749311296
2024-10-24,85.39864864864865,64.96598639455782,0.41570041608876557
2024-10-25,85.91836734693878,64.02739726027397,0.0453061797752809
2024-10-26,85.86986301369863,64.67808219178082,0.03403385049365303
2024-10-27,84.875,64.81118881118881,0.09255632823365785
2024-10-28,82.75862068965517,66.16083916083916,0.012612413793103449
2024-10-29,83.53472222222223,68.02097902097903,0.37304087193460483
2024-10-30,85.06206896551724,69.70833333333333,1.4797526595744679
2024-10-31,84.81560283687944,68.92198581560284,1.2929044414535664
2024-11-01,85.14285714285714,67.60958904109589,0.34990150478796167
2024-11-02,85.04827586206896,68.70344827586207,0.7662569832402235
2024-11-03,84.59310344827587,69.62068965517241,2.366945054945055
2024-11-04,84.79054054054055,69.63513513513513,0.8185978260869564
2024-11-05,84.44370860927152,71.12582781456953,1.76355291005291
2024-11-06,85.06849315068493,74.87755102040816,4.360786096256684
2024-11-07,85.10344827586206,75.68055555555556,5.118066312997348
2024-11-08,85.5068493150685,73.06896551724138,0.7584525139664804
2024-11-09,85.07638888888889,71.70833333333333,0.223432664756447
2024-11-10,84.12587412587412,71.7605633802817,0.7354735336194564
2024-11-11,84.12925170068027,70.47945205479452,4.171020519835841
2024-11-12,84.4421768707483,70.70068027210884,1.7072702331961591
2024-11-13,83.94630872483222,70.80536912751678,0.4900829875518672
2024-11-14,82.72789115646259,67.25850340136054,1.565226960110041
2024-11-15,80.66438356164383,61.84353741496599,0.4239100817438692
2024-11-16,78.69655172413793,57.41379310344828,0.03902331961591221
2024-11-17,79.6013986013986,60.1063829787234,0.0024356164383561646
2024-11-18,79.92517006802721,61.88356164383562,0.003127222982216142
2024-11-19,80.6986301369863,63.72413793103448,1.255966850828729
2024-11-20,81.2,65.40972222222223,9.230005270092226
2024-11-21,75.56551724137931,54.8125,0.87834620505992
2024-11-22,69.63888888888889,48.03472222222222,0.005336134453781512
2024-11-23,68.92957746478874,45.01398601398601,0.0014289732770745428
2024-11-24,72.26388888888889,44.90277777777778,0.0046770538243626055
2024-11-25,76.79285714285714,49.53237410071942,0.01017453505007153
2024-11-26,79.08391608391608,54.212765957446805,0.01387394957983193
2024-11-27,80.125,57.0551724137931,0.13779320113314447
2024-11-28,81.25714285714285,58.0431654676259,0.28551824817518245
2024-11-29,76.96428571428571,55.1231884057971,0.5769375907111756
2024-11-30,70.00719424460432,48.47142857142857,1.6094978962131836
2024-12-01,68.32394366197182,46.03521126760563,0.05233717579250719
2024-12-02,67.84615384615384,43.3125,0.015988555078683835
2024-12-03,65.06849315068493,41.842465753424655,0.007134831460674157
2024-12-04,66.15277777777777,40.5,0.0025112994350282485
2024-12-05,71.24324324324324,45.19594594594594,0.15830532212885154
2024-12-06,71.53793103448275,47.40689655172414,0.24042475386779186
2024-12-07,69.52112676056338,44.09929078014184,0.038008633093525174
2024-12-08,72.02816901408451,46.7972027972028,0.007663793103448275
2024-12-09,76.1875,53.43055555555556,0.008622347949080622
2024-12-10,78.88356164383562,59.62328767123287,0.30256940509915015
2024-12-11,78.62068965517241,55.14685314685315,3.6359373297002726
2024-12-12,70.33098591549296,43.69014084507042,4.177002688172042
2024-12-13,70.72142857142858,48.17021276595744,0.02656446991404011
2024-12-14,74.92198581560284,56.751773049645394,0.24451149425287358
2024-12-15,76.43262411347517,62.25,2.101497222222222
2024-12-16,77.37323943661971,60.88028169014085,0.5954726224783861
2024-12-17,79.7394366197183,63.75352112676056,4.14040650406504
2024-12-18,80.67832167832168,64.38297872340425,6.336965325936199
2024-12-19,78.8169014084507,61.04255319148936,2.409432584269663
2024-12-20,74.4895104895105,54.29370629370629,0.09709593023255812
2024-12-21,66.59712230215827,44.97857142857143,0.004583458646616541
2024-12-22,65.9290780141844,43.8936170212766,0.004899109792284867
2024-12-23,69.94244604316546,49.07299270072993,0.0450887573964497
2024-12-24,70.38297872340425,52.01418439716312,0.08542261904761905
2024-12-25,69.31205673758865,52.79432624113476,0.26639024390243904
2024-12-26,72.19718309859155,57.33802816901409,0.8340810810810811
2024-12-27,74.36111111111111,60.6993006993007,0.9682103703703703
2024-12-28,76.3169014084507,64.45070422535211,5.6925007320644205
2024-12-29,76.84285714285714,64.32374100719424,9.328159189580317
2024-12-30,77.08510638297872,61.22857142857143,11.603165980795609
2024-12-31,79.11510791366906,62.28260869565217,0.9765294964028777
2025-01-01,75.37333333333333,56.18791946308725,1.307994459833795
2025-01-02,70.49342105263158,47.53947368421053,0.04773632538569425
2025-01-03,69.34437086092716,44.96103896103896,0.0017812061711079943
2025-01-04,66.97385620915033,44.18954248366013,0.00036441893830703014
2025-01-05,69.2987012987013,45.42857142857143,0.04245428571428571
2025-01-06,74.41025641025641,48.380645161290325,1.3633718309859153
2025-01-07,65.96078431372548,41.6797385620915,0.9221155913978495
2025-01-08,58.74675324675325,39.52564102564103,0.03372614107883817
2025-01-09,59.01935483870968,37.59090909090909,0.0010598052851182197
2025-01-10,64.03289473684211,40.21568627450981,0.4491638418079096
2025-01-11,66.30666666666667,45.36666666666667,3.626781333333333
2025-01-12,64.04,40.66225165562914,0.28926788218793825
2025-01-13,65.94805194805195,46.55555555555556,6.7134265335235375
2025-01-14,66.50657894736842,48.51633986928105,3.9837894736842103
2025-01-15,64.8092105263158,47.11111111111112,0.05278382147838214
2025-01-16,65.76129032258065,48.8051948051948,0.17744722222222223
2025-01-17,67.51592356687898,48.43312101910828,0.4824223776223776
2025-01-18,72.94117647058823,55.673202614379086,2.91994459833795
2025-01-19,74.46710526315789,55.99342105263158,12.272866760168302
2025-01-20,64.74509803921569,44.980132450331126,7.996813186813186
2025-01-21,58.18243243243244,44.02702702702703,3.432924157303371
2025-01-22,54.78666666666667,39.47019867549669,19.505756427604872
2025-01-23,51.50649350649351,38.94155844155844,2.112866760168303
2025-01-24,55.34868421052632,38.22368421052632,1.0246961483594863
2025-01-25,62.02702702702703,36.24324324324324,0.06404899135446686
2025-01-26,68.75,43.08843537414966,0.015438494934876989
2025-01-27,72.19607843137256,47.67333333333333,0.04420542082738944
2025-01-28,72.63815789473684,50.04605263157895,0.06493502824858757
2025-01-29,74.18181818181819,49.51633986928105,0.004637640449438202
2025-01-30,76.23417721518987,50.94303797468354,0.01560285714285714
2025-01-31,78.61935483870968,56.12337662337662,0.08975393419170243
2025-02-01,77.87919463087249,57.08843537414966,0.9749170182841068
2025-02-02,77.46,56.99337748344371,0.04591253644314868
2025-02-03,79.72549019607843,59.5328947368421,0.1690893371757925
2025-02-04,80.875,61.17218543046358,0.11505982905982906
2025-02-05,81.18,59.42666666666667,0.009420827389443652
2025-02-06,81.18831168831169,60.8235294117647,0.006466760961810466
2025-02-07,80.76158940397352,61.20529801324504,0.007144866385372714
2025-02-08,80.6092715231788,61.086666666666666,0.012301994301994301
2025-02-09,81.79333333333334,61.11486486486486,0.015783236994219654
2025-02-10,81.84415584415585,61.248366013071895,0.025867043847241863
2025-02-11,80.7741935483871,62.64516129032258,0.12074824191279887
2025-02-12,82.20394736842105,64.16447368421052,0.4008829337094499
2025-02-13,83.39869281045752,65.8543046357616,1.9287450424929178
2025-02-14,80.68,62.48322147651007,4.894922865013774
2025-02-15,80.56953642384106,65.01333333333334,0.9327444444444445
2025-02-16,81.29251700680273,62.54109589041096,1.9284789915966387
2025-02-17,75.27152317880795,53.34868421052632,2.722743624161074
2025-02-18,73.24342105263158,51.33774834437086,0.1624169014084507
2025-02-19,74.2987012987013,57.62091503267974,7.834869325997249
2025-02-20,69.74324324324324,52.25850340136054,5.438388219544845
2025-02-21,64.55102040816327,42.69387755102041,0.0363371104815864
2025-02-22,68.62666666666667,46.86,0.08454674220963171
2025-02-23,71.60264900662251,49.99333333333333,0.15034153400868305
2025-02-24,70.03947368421052,55.52980132450331,6.90317099863201
2025-02-25,71.59868421052632,56.76973684210526,20.756853403141363
2025-02-26,76.63157894736842,52.47019867549669,0.4308802228412256
2025-02-27,78.8051948051948,54.588235294117645,0.01860281690140845
2025-02-28,77.84666666666666,53.51677852348993,0.027702549575070817
2025-03-01,77.2751677852349,51.46308724832215,0.0032987012987012983
2025-03-02,75.84666666666666,53.086666666666666,0.001829971181556196
2025-03-03,74.9090909090909,50.55555555555556,0.02700574712643678
2025-03-04,77.29677419354839,56.5974025974026,0.2895244755244755
2025-03-05,78.67948717948718,62.11764705882353,3.105679890560875
2025-03-06,74.56129032258065,51.86363636363637,2.432395750332005
2025-03-07,73.45098039215686,44.0,0.012860759493670887
2025-03-08,77.0657894736842,50.66,0.9323037249283668
2025-03-09,79.41721854304636,57.61333333333334,6.2557623188405795
2025-03-10,77.86538461538461,58.58441558441559,14.464744710860366
2025-03-11,76.76623376623377,51.05806451612903,5.370816489361702
2025-03-12,77.43137254901961,49.09803921568628,0.006721448467966574
2025-03-13,78.47712418300654,51.76315789473684,0.01397179125528914
2025-03-14,80.12179487179488,56.298701298701296,0.4615927475592747
2025-03-15,82.29411764705883,61.80263157894737,0.05312893982808022
2025-03-16,82.84666666666666,66.6554054054054,2.1302521489971347
2025-03-17,77.3076923076923,56.201298701298704,6.966567243675099
2025-03-18,75.93464052287581,47.72727272727273,0.012468443197755962
2025-03-19,78.42038216560509,47.847133757961785,0.12895932678821878
2025-03-20,79.57142857142857,51.07741935483871,0.4230974930362117
2025-03-21,74.05095541401273,46.55696202531646,0.4681914008321776
2025-03-22,73.14379084967321,44.88311688311688,0.002170940170940171
2025-03-23,77.45033112582782,49.788079470198674,0.0014639769452449568
2025-03-24,79.7483870967742,56.209150326797385,0.503309659090909
2025-03-25,81.5741935483871,60.29220779220779,2.34967397260274
2025-03-26,83.53846153846153,59.07741935483871,2.0316486860304286
2025-03-27,83.26923076923077,58.32258064516129,0.020362869198312233
2025-03-28,81.80128205128206,60.12258064516129,0.003946327683615819
2025-03-29,81.36842105263158,64.23026315789474,0.660770802919708
2025-03-30,80.89333333333333,67.32885906040268,5.71006111111111
2025-03-31,83.54838709677419,66.81935483870967,15.659986824769431
2025-04-01,86.38562091503267,66.44155844155844,4.03989037433155
2025-04-02,87.50331125827815,69.0,1.603331506849315
2025-04-03,87.09333333333333,71.57046979865771,0.043583684950773555
2025-04-04,86.66666666666667,70.81699346405229,0.057923512747875355
2025-04-05,86.48344370860927,69.48344370860927,0.011628040057224606
2025-04-06,86.54,69.67785234899328,0.13718911174785098
2025-04-07,85.55263157894737,66.88888888888889,3.324703910614525
2025-04-08,81.29333333333334,61.74666666666667,6.244930412371134
2025-04-09,77.64429530201342,57.62251655629139,3.2171023192360164
2025-04-10,79.90131578947368,57.483870967741936,0.23914206128133705
2025-04-11,81.38562091503267,59.09803921568628,0.7362472222222222
2025-04-12,79.38,55.973333333333336,2.7881569688768604
2025-04-13,78.13333333333334,52.0,0.018322489391796322
2025-04-14,81.27272727272727,54.19736842105263,0.0
2025-04-15,83.40259740259741,58.1764705882353,0.0007144866385372714
2025-04-16,82.52941176470588,57.66225165562914,0.0007094972067039106
2025-04-17,82.70779220779221,55.42483660130719,0.002107883817427386
2025-04-18,84.42105263157895,58.9671052631579,0.001415041782729805
2025-04-19,84.48026315789474,63.37086092715232,0.004987377279102385
2025-04-20,84.73026315789474,64.73333333333333,0.0
2025-04-21,85.13461538461539,65.73376623376623,0.0
2025-04-22,84.79746835443038,64.54777070063695,0.0
2025-04-23,85.55844155844156,64.48026315789474,0.0
2025-04-24,85.95541401273886,65.75483870967741,0.0166731843575419
2025-04-25,86.18064516129033,65.94805194805195,0.09252601969057664
2025-04-26,86.80392156862744,65.27152317880795,0.36064397163120565
2025-04-27,87.98692810457516,65.21710526315789,0.04631339031339032
2025-04-28,88.05844155844156,65.76470588235294,0.24476363636363638
2025-04-29,86.5448717948718,67.53548387096774,2.769907859078591
2025-04-30,85.3741935483871,65.20261437908496,0.8757524339360222
2025-05-01,85.22292993630573,64.38461538461539,0.10571508379888268
2025-05-02,85.92307692307692,64.78064516129032,0.010777934936350778
2025-05-03,85.3092105263158,66.72185430463576,3.2078448275862073
2025-05-04,85.20529801324503,67.21333333333334,6.273904240766074
2025-05-05,86.44805194805195,65.25657894736842,5.495005464480873
2025-05-06,87.49677419354839,66.22222222222223,2.8311878453038672
2025-05-07,87.96835443037975,69.37579617834395,1.5402729805013926
2025-05-08,88.31818181818181,70.25974025974025,5.680550607287449
2025-05-09,88.57142857142857,69.76623376623377,3.430589707927677
2025-05-10,87.19354838709677,70.14193548387097,11.96371272229822
2025-05-11,84.52317880794702,71.54605263157895,9.133045822102426
2025-05-12,83.14102564102564,69.61538461538461,28.872759067357507
2025-05-13,84.36538461538461,67.43589743589743,18.941808650065532
2025-05-14,87.12337662337663,66.48366013071896,0.4832280219780219
2025-05-15,89.61184210526316,68.5592105263158,0.054713266761768894
2025-05-16,91.359477124183,69.88888888888889,0.01809116809116809
2025-05-17,92.09150326797386,71.0592105263158,0.013156834532374099
2025-05-18,91.59210526315788,71.97350993377484,0.0036652236652236652
2025-05-19,91.18709677419356,71.7987012987013,0.007215909090909091
2025-05-20,91.82467532467533,72.65584415584415,0.007185289957567186
2025-05-21,92.25,72.71153846153847,0.15312056737588653
2025-05-22,91.80891719745225,70.9423076923077,0.7808148148148147
2025-05-23,91.47169811320757,68.9496855345912,1.453523943661972
2025-05-24,92.40127388535032,70.67515923566879,1.5651693198263386
2025-05-25,92.3051948051948,72.05194805194805,2.8500872011251754
2025-05-26,91.73856209150328,73.04605263157895,5.98930623306233
2025-05-27,92.3525641025641,73.33333333333333,3.412772222222222
2025-05-28,92.19108280254775,73.50955414012739,7.0677813765182185
2025-05-29,90.76923076923076,73.55483870967743,5.313301104972375
2025-05-30,90.92903225806452,72.54901960784314,6.975842176870749
2025-05-31,88.15032679738562,70.99342105263158,10.559973082099596
2025-06-01,87.28947368421052,68.55629139072848,6.622929539295393
2025-06-02,87.43790849673202,69.1842105263158,5.938271328671328
2025-06-03,86.41025641025641,69.4551282051282,10.991711956521739
2025-06-04,85.01282051282051,71.81045751633987,11.246
2025-06-05,87.81935483870967,73.32903225806452,9.004601583113457
2025-06-06,90.25974025974024,74.27922077922078,3.4697162346521147
2025-06-07,91.53896103896103,75.29220779220779,1.6492062146892654
2025-06-08,91.94736842105264,75.42763157894737,0.6371586402266289
2025-06-09,91.96794871794872,75.25,2.689767507002801
2025-06-10,91.81528662420382,74.45222929936305,5.761514403292181
2025-06-11,91.13375796178345,73.49044585987261,6.767991946308724
2025-06-12,90.72258064516129,73.76774193548387,10.681997311827956
2025-06-13,90.94805194805195,75.07096774193549,5.527457534246575
2025-06-14,91.125,75.56953642384106,5.645389121338913
2025-06-15,91.0,75.28104575163398,8.634231197771587
2025-06-16,91.19108280254775,74.6687898089172,5.836084931506848
2025-06-17,91.55128205128206,74.90384615384616,6.26499193548387
2025-06-18,91.90322580645162,75.12987012987013,4.703983761840325
2025-06-19,91.7051282051282,75.05194805194805,4.6346348773841965
2025-06-20,91.33333333333331,73.32692307692308,7.6788536585365845
2025-06-21,91.70588235294116,73.62745098039215,5.165622002820874
2025-06-22,91.94155844155844,74.69934640522875,2.1540661870503595
2025-06-23,92.01910828025478,74.70700636942675,3.944154929577464
2025-06-24,92.171974522293,74.17834394904459,1.4664362606232293
2025-06-25,92.21794871794872,73.43589743589743,2.305237026647966
2025-06-26,90.6103896103896,72.55844155844156,4.9184602510460245
2025-06-27,90.36129032258064,73.14193548387097,5.453508916323732
2025-06-28,90.38926174496645,73.08053691275168,9.051090403337968
2025-06-29,89.90666666666667,73.12751677852349,6.93332664756447
2025-06-30,88.75,72.82119205298014,13.048688435374148
2025-07-01,89.37820512820512,72.25,8.758513586956521
2025-07-02,89.4,73.88311688311688,4.015487039563438
2025-07-03,89.46753246753246,74.56493506493507,10.437372124492558
2025-07-04,89.45751633986929,74.34640522875817,16.16635294117647
2025-07-05,89.96129032258065,74.3961038961039,9.024367403314917
2025-07-06,90.33116883116882,74.74509803921569,6.027521320495185
2025-07-07,91.38216560509554,75.17834394904459,4.708902872777018
2025-07-08,92.1132075471698,75.17610062893081,2.585580821917808
2025-07-09,92.13548387096776,75.54193548387097,1.3906145251396649
2025-07-10,92.37820512820512,75.21794871794872,4.27584379358438
2025-07-11,92.72077922077922,75.01935483870967,1.99270323488045
2025-07-12,92.875,74.3907284768212,4.009013966480446
2025-07-13,93.09271523178808,74.86092715231788,4.8203081232492995
2025-07-14,92.48717948717947,73.82051282051282,10.079953615279672
2025-07-15,90.8653846153846,73.90322580645162,15.455282522996058
2025-07-16,90.16666666666669,74.86624203821655,14.317963398692811
2025-07-17,90.92903225806452,76.50967741935484,6.146256684491978
2025-07-18,92.33548387096774,77.08387096774193,4.235906077348066
2025-07-19,93.59210526315788,77.11842105263158,1.0210872675250358
2025-07-20,94.41721854304636,76.80794701986756,0.8818528138528138
2025-07-21,94.7483870967742,77.35483870967742,1.2551652421652422
2025-07-22,93.3653846153846,76.3225806451613,5.765241758241759
2025-07-23,91.15789473684212,75.36184210526316,12.545391304347826
2025-07-24,91.1842105263158,75.40397350993378,11.383353887399464
2025-07-25,92.05806451612904,76.23225806451613,5.644444444444444
2025-07-26,93.2875816993464,75.7516339869281,2.667179125528914
2025-07-27,94.95394736842104,76.3092105263158,0.3817257142857142
2025-07-28,95.84415584415584,77.55844155844156,1.0814900284900284
2025-07-29,95.987012987013,77.85064935064935,1.8874209039548022
2025-07-30,95.2156862745098,76.95424836601308,5.633232876712329
2025-07-31,95.03896103896103,77.96103896103897,3.7677248968363135
2025-08-01,94.37179487179488,77.82051282051282,2.030592797783933
2025-08-02,93.9551282051282,77.09615384615384,3.144930362116992
2025-08-03,92.8896103896104,76.53246753246754,5.74096918767507
2025-08-04,92.02580645161292,76.30967741935484,7.389028416779431
2025-08-05,92.81645569620254,75.4367088607595,7.5744874835309615
2025-08-06,92.77070063694268,74.89171974522293,10.479494764397904
2025-08-07,91.40127388535032,75.07006369426752,5.998852589641434
2025-08-08,90.07006369426752,74.6624203821656,12.702361221779547
2025-08-09,88.66451612903226,74.40645161290323,13.369916442048517
2025-08-10,88.33333333333333,74.52597402597402,9.68566265060241
2025-08-11,90.28846153846152,74.87820512820512,10.304809960681519
2025-08-12,91.5657894736842,76.71052631578948,5.075579651941098
2025-08-13,92.26923076923076,76.74358974358974,5.689393775372125
2025-08-14,93.3921568627451,77.63636363636364,4.126224899598394
2025-08-15,93.97419354838708,77.27096774193548,3.13312618724559
2025-08-16,94.06451612903226,76.51948051948052,5.578694708276798
2025-08-17,93.26143790849672,76.96052631578948,4.6469508196721305
2025-08-18,93.4391891891892,76.3489932885906,3.435775649794801
2025-08-19,93.09677419354838,76.44155844155844,4.403223684210526
2025-08-20,92.8181818181818,75.75974025974025,3.6637369127516775
2025-08-21,92.93548387096774,75.92258064516129,2.5714876033057847
2025-08-22,91.92903225806452,75.26451612903226,7.685591567852437
2025-08-23,90.00657894736842,74.5592105263158,11.099834464043418
2025-08-24,89.22666666666667,74.42666666666666,18.145868808567602
2025-08-25,90.5364238410596,75.0794701986755,11.239839572192512
2025-08-26,90.94155844155844,73.68831168831169,7.9445930851063835
2025-08-27,91.0,73.1891891891892,3.893858117326057
2025-08-28,91.52027027027027,73.42567567567568,2.9261626016260163
2025-08-29,90.08219178082192,73.95890410958904,8.224070748299319
2025-08-30,89.8796992481203,73.9624060150376,6.179736263736263
2025-08-31,89.6171875,73.875,5.883615819209039
2025-09-01,89.25185185185185,73.88148148148149,11.354072386058983
2025-09-02,89.47857142857143,72.57142857142857,2.8353406896551725
2025-09-03,89.35526315789474,72.82236842105263,1.4103314917127072
2025-09-04,88.89473684210526,72.90789473684211,3.4673627586206894
2025-09-05,89.89261744966443,73.35333333333334,2.48398613037448
2025-09-06,90.31333333333332,74.41721854304636,4.6779830268741165
2025-09-07,90.26845637583892,74.95918367346938,7.545191780821917
2025-09-08,89.28289473684211,73.5,10.671770580296895
2025-09-09,87.2,73.55629139072848,12.839444295302012
2025-09-10,88.03289473684211,72.21710526315789,12.004039999999998
2025-09-11,89.12418300653594,71.17647058823529,5.652021917808219
2025-09-12,88.35570469798658,70.97315436241611,5.608404432132963
2025-09-13,88.17333333333333,70.02666666666667,4.3144917127071825
2025-09-14,88.27814569536424,68.83443708609272,1.8615949367088607
2025-09-15,88.60130718954248,68.37254901960785,1.2763149171270718
2025-09-16,89.45033112582782,69.21192052980132,1.5771955617198337
2025-09-17,88.26451612903226,69.71428571428571,4.678088353413655
2025-09-18,88.14285714285714,69.82467532467533,6.732196500672948
2025-09-19,89.86274509803921,70.7124183006536,1.5815496503496504
2025-09-20,90.62837837837836,71.62162162162163,1.284565034965035
2025-09-21,90.1156462585034,72.08275862068966,1.1679688826025458
2025-09-22,90.14285714285714,72.26530612244898,2.7606069930069923
2025-09-23,90.39189189189187,72.3445945945946,2.9277214484679663
2025-09-24,91.10596026490066,72.19867549668874,7.162661202185792
2025-09-25,90.74172185430464,73.83443708609272,2.081369014084507
2025-09-26,89.42763157894737,73.63815789473684,7.228590163934426
2025-09-27,89.58783783783784,73.4054054054054,5.958954802259886
2025-09-28,90.15277777777776,73.33566433566433,4.268062234794908
2025-09-29,88.7516339869281,73.42483660130719,7.754182068965517
2025-09-30,86.37333333333333,73.0,2.888022099447514
2025-10-01,87.31788079470199,71.82,1.1741775312066571
2025-10-02,86.88741721854305,71.62913907284768,2.9649819193324065
2025-10-03,85.97333333333333,71.57615894039735,7.014175675675675
2025-10-04,86.25333333333333,71.98,3.923725988700565
2025-10-05,86.78,73.73333333333333,5.852554016620498
2025-10-06,87.04605263157895,74.40131578947368,7.834843110504774
2025-10-07,87.34415584415585,74.51633986928104,8.326394594594595
2025-10-08,88.52597402597402,73.25324675324676,4.073317934782608
2025-10-09,87.84313725490196,73.36423841059603,2.2536343490304707
2025-10-10,82.76510067114094,70.6891891891892,16.274390710382512
2025-10-11,81.30201342281879,68.26845637583892,10.102796033994334
2025-10-12,82.17687074829932,63.965753424657535,0.7692988505747127
2025-10-13,84.17647058823529,62.830065359477125,0.24855714285714287
2025-10-14,85.39869281045752,63.203947368421055,0.3310683760683761
2025-10-15,85.04,65.22818791946308,0.056524964336661904
2025-10-16,85.20666666666666,65.0608108108108,0.3727252124645892
2025-10-17,84.54666666666667,66.57432432432432,0.12064091559370528
2025-10-18,84.12080536912751,64.6554054054054,0.014398255813953488
2025-10-19,84.69127516778524,65.63513513513513,2.425443804034582
2025-10-20,84.52631578947368,64.88815789473684,6.539718194254446
2025-10-21,85.10526315789474,64.66447368421052,0.28837321937321936
2025-10-22,85.41830065359477,65.16993464052288,0.3806392045454545
2025-10-23,84.41333333333333,62.553333333333335,0.3453959537572254
2025-10-24,84.20666666666666,61.88,0.11892485549132947
2025-10-25,84.02027027027027,64.77027027027027,0.17656553755522825
2025-10-26,83.48299319727892,68.59863945578232,2.410942562592047
2025-10-27,84.65584415584415,68.72727272727273,30.141333333333336
2025-10-28,80.5,66.14285714285714,5.458918032786885
2025-10-29,78.86754966887418,63.311258278145694,0.4182434017595308
2025-10-30,74.60645161290323,56.89677419354839,0.9866504992867332
2025-10-31,72.0551724137931,51.79194630872483,0.5433904208998549
2025-11-01,73.89795918367346,50.3445945945946,0.025730824891461647
2025-11-02,76.87837837837837,53.30821917808219,0.04016398243045388
2025-11-03,77.12903225806451,56.50657894736842,0.41803413940256046
2025-11-04,78.359477124183,54.31372549019608,0.0018039772727272729
2025-11-05,80.53896103896103,58.07843137254902,0.007205673758865248
2025-11-06,79.96052631578948,61.0921052631579,0.020837340876944836
2025-11-07,81.84868421052632,63.0328947368421,0.15619540229885057
2025-11-08,84.35526315789474,64.99342105263158,0.4116294117647058
2025-11-09,84.59602649006622,66.0794701986755,0.662887240356083
2025-11-10,76.47019867549669,52.73684210526316,3.8530388888888885
2025-11-11,63.406666666666666,38.24503311258278,0.015158660844250361
2025-11-12,67.46753246753246,39.774193548387096,0.0014597701149425286
2025-11-13,74.49350649350649,47.0974025974026,0.0010885714285714285
2025-11-14,77.04575163398692,50.888888888888886,0.008357653791130185
2025-11-15,78.52027027027027,52.17687074829932,0.0022119013062409285
2025-11-16,79.65986394557824,54.04081632653061,0.0011124087591240877
2025-11-17,79.97368421052632,56.033112582781456,0.011644699140401145
2025-11-18,80.53947368421052,55.3,0.0029111747851002863
2025-11-19,82.24666666666667,57.054054054054056,0.0007226173541963016
2025-11-20,82.75838926174497,58.7972972972973,0.002886363636363636
2025-11-21,82.48666666666666,59.23489932885906,0.008017216642754663
2025-11-22,82.9795918367347,60.43537414965986,0.03225396825396825
2025-11-23,83.11486486486487,61.0945945945946,0.1411111111111111
2025-11-24,82.41176470588235,61.19078947368421,0.0739172610556348
2025-11-25,82.89473684210526,62.44736842105263,0.05302481751824817
2025-11-26,82.60264900662251,63.13907284768212,0.6826249999999998
2025-11-27,77.5,57.35761589403973,1.367895833333333
2025-11-28,68.35862068965517,45.89795918367347,1.8940386904761901
2025-11-29,71.45833333333333,48.1875,0.08312727272727273
2025-11-30,78.04195804195804,58.25714285714286,0.4812631578947368
2025-12-01,76.90384615384616,60.701298701298704,1.7629290882778579
2025-12-02,78.0516129032258,61.72611464968153,4.97692243767313
2025-12-03,75.26923076923077,57.07692307692308,1.7071246458923512
2025-12-04,73.50980392156863,53.078947368421055,1.0152763532763531
2025-12-05,77.80645161290323,57.42307692307692,3.94582695035461
2025-12-06,76.27814569536424,60.35099337748344,3.0571104734576755
2025-12-07,74.01333333333334,60.306666666666665,9.499103351955306
2025-12-08,72.56493506493507,59.56774193548387,24.20630173564753
2025-12-09,68.42763157894737,51.70588235294117,0.6916016713091921
2025-12-10,69.78807947019868,50.66225165562914,0.8343646723646724
2025-12-11,70.24025974025975,47.76623376623377,0.02854338549075391
2025-12-12,72.04605263157895,44.98684210526316,0.019059163059163057
2025-12-13,75.85333333333334,50.22666666666667,0.1432246696035242
2025-12-14,76.7248322147651,54.17006802721088,1.0042712842712842
2025-12-15,69.96078431372548,49.026490066225165,0.3595247813411079
2025-12-16,68.96644295302013,47.16107382550336,0.1258924418604651
2025-12-17,73.84868421052632,52.08496732026144,0.143800853485064
2025-12-18,76.2751677852349,59.28,0.8785238784370476
2025-12-19,78.28187919463087,59.310810810810814,2.6093697478991595
2025-12-20,76.99324324324324,49.1554054054054,0.016705530642750373
2025-12-21,77.87162162162163,52.91946308724832,0.07013432835820894
2025-12-22,77.47333333333333,56.847682119205295,0.30164844903988186
2025-12-23,77.8476821192053,59.126666666666665,0.12832488822652757
2025-12-24,78.58503401360544,56.06802721088435,0.07164102564102565
2025-12-25,78.8972602739726,56.40689655172414,0.01322511485451761
2025-12-26,78.66,55.806666666666665,0.014558069381598792
2025-12-27,78.2312925170068,56.43918918918919,0.010662668665667167
2025-12-28,78.06756756756756,57.398648648648646,0.017951879699248118
2025-12-29,77.41891891891892,54.28378378378378,0.13113313609467456
2025-12-30,68.08053691275168,45.033557046979865,0.413689349112426
2025-12-31,59.47552447552447,36.388888888888886,0.007639097744360901
